;ANALISIS HARGA SATUAN PEKERJAAN (AHSP) BIDANG CIPTA KARYA;;;;;;;;;
;;;;;;;;;;
;;;;;;;;;;
;HARGA SATUAN PEKERJAAN PERSIAPAN;;;;;;;;;
;(K3) Pembuatan 1 m2 pagar sementara dari kayu tinggi 2 meter;;;;;;;;;
;No;Uraian;Kode;Satuan;Koefisien;Harga Satuan;Jumlah Harga;;;
;A;TENAGA;;;;;;;;
;;Pekerja;L.01;OH;0,4;Rp93.000;Rp37.200,00;;;
;;Tukang Kayu;L.02;OH;0,2;Rp98.000;Rp19.600,00;;;
;;Kepala Tukang;L.03;OH;0,02;Rp106.000;Rp2.120,00;;;
;;Mandor;L.04;OH;0,02;Rp111.000;Rp2.220,00;;;
;;;;JUMLAH TENAGA KERJA;;;Rp61.140,00;;;
;B;BAHAN;;;;;;;;
;;Dolken kayu Ø 8-10/400 cm;M.74; Batang ;1,25;Rp62.000;Rp77.500,00;;;
;;Semen portland;M.11; Kg ;5;Rp1.250;Rp6.250,00;;;
;;Pasir beton;M.46; m3 ;0,005;Rp103.800;Rp519,00;;;
;;Koral beton;M.488; m3 ;0,009;Rp148.400;Rp1.335,60;;;
;;Kayu 5/7;M.489; m3 ;0,072;Rp6.871.700;Rp494.762,40;;;
;;Paku biasa;M.200; Kg ;0,06;Rp18.000;Rp1.080,00;;;
;;Residu;M.490; Liter ;0,4;Rp14.500;Rp5.800,00;;;
;;;;JUMLAH HARGA BAHAN;;;Rp587.247,00;;;
;C;PERALATAN;;;;;;;;
;;;;JUMLAH HARGA ALAT;;;;;;
;D;Jumlah (A+B+C);;;;;Rp648.387,00;;;
;E;Overhead & Profit 9,5%;;;0,095;;Rp61.596,77;;;
PP1;F;Harga Satuan Pekerjaan (D+E);;;;;Rp709.983,77;1;;
;;;;;;;;;;
;(K3) Pembuatan 1 m2 pagar sementara dari seng gelombang tinggi 2 meter;;;;;;;;;
;No;Uraian;Kode;Satuan;Koefisien;Harga Satuan;Jumlah Harga;;;
;A;TENAGA;;;;;;;;
;;Pekerja;L.01;OH;0,2;Rp93.000;Rp18.600,00;;;
;;Tukang Kayu;L.02;OH;0,4;Rp98.000;Rp39.200,00;;;
;;Kepala Tukang;L.03;OH;0,02;Rp106.000;Rp2.120,00;;;
;;Mandor;L.04;OH;0,02;Rp111.000;Rp2.220,00;;;
;;;;JUMLAH TENAGA KERJA;;;Rp62.140,00;;;
;B;BAHAN;;;;;;;;
;;Dolken kayu Ø 8-10/400 cm;M.74; Batang ;1,25;Rp62.000;Rp77.500,00;;;
;;Semen portland;M.11; Kg ;2,5;Rp1.250;Rp3.125,00;;;
;;Seng gelombang;M.271; Lembar ;1,2;Rp106.800;Rp128.160,00;;;
;;Pasir beton;M.46; m3 ;0,005;Rp103.800;Rp519,00;;;
;;Koral beton;M.488; m3 ;0,009;Rp148.400;Rp1.335,60;;;
;;Kayu 5/7;M.489; m3 ;0,072;Rp6.871.700;Rp494.762,40;;;
;;Paku biasa;M.200; Kg ;0,06;Rp18.000;Rp1.080,00;;;
;;Meni besi;M.369; Kg ;0,45;Rp64.300;Rp28.935,00;;;
;;;;JUMLAH HARGA BAHAN;;;Rp735.417,00;;;
;C;PERALATAN;;;;;;;;
;;;;JUMLAH HARGA ALAT;;;;;;
;D;Jumlah (A+B+C);;;;;Rp797.557,00;;;
;E;Overhead & Profit 9,5%;;;0,095;;Rp75.767,92;;;
PP2;F;Harga Satuan Pekerjaan (D+E);;;;;Rp873.324,92;2;;
;;;;;;;;;;
;Pembuatan 1 m2 pagar sementara dari kawat duri tinggi 1,8 meter;;;;;;;;;
;No;Uraian;Kode;Satuan;Koefisien;Harga Satuan;Jumlah Harga;;;
;A;TENAGA;;;;;;;;
;;Pekerja;L.01;OH;0,2;Rp93.000;Rp18.600,00;;;
;;Tukang Kayu;L.02;OH;0,3;Rp98.000;Rp29.400,00;;;
;;Kepala Tukang;L.03;OH;0,02;Rp106.000;Rp2.120,00;;;
;;Mandor;L.04;OH;0,02;Rp111.000;Rp2.220,00;;;
;;;;JUMLAH TENAGA KERJA;;;Rp52.340,00;;;
;B;BAHAN;;;;;;;;
;;Dolken kayu Ø 8-10/400 cm;M.74; Batang ;1;Rp62.000;Rp62.000,00;;;
;;Semen portland;M.11; Kg ;2;Rp1.250;Rp2.500,00;;;
;;Kawat duri;M.491; M’ ;25;Rp11.900;Rp297.500,00;;;
;;Pasir beton;M.46; m3 ;0,005;Rp103.800;Rp519,00;;;
;;Koral beton;M.488; m3 ;0,009;Rp148.400;Rp1.335,60;;;
;;Paku biasa 2” - 5”;M.200; Kg ;0,06;Rp18.000;Rp1.080,00;;;
;;;;JUMLAH HARGA BAHAN;;;Rp364.934,60;;;
;C;PERALATAN;;;;;;;;
;;;;JUMLAH HARGA ALAT;;;;;;
;D;Jumlah (A+B+C);;;;;Rp417.274,60;;;
;E;Overhead & Profit 9,5%;;;0,095;;Rp39.641,09;;;
PP3;F;Harga Satuan Pekerjaan (D+E);;;;;Rp456.915,69;3;;
;;;;;;;;;;
;Pengukuran dan pemasangan 1 m’ Bouwplank;;;;;;;;;
;No;Uraian;Kode;Satuan;Koefisien;Harga Satuan;Jumlah Harga;;;
;A;TENAGA;;;;;;;;
;;Pekerja;L.01;OH;0,1;Rp93.000;Rp9.300,00;;;
;;Tukang Kayu;L.02;OH;0,1;Rp98.000;Rp9.800,00;;;
;;Kepala Tukang;L.03;OH;0,01;Rp106.000;Rp1.060,00;;;
;;Mandor;L.04;OH;0,005;Rp111.000;Rp555,00;;;
;;;;JUMLAH TENAGA KERJA;;;Rp20.715,00;;;
;B;BAHAN;;;;;;;;
;;Kayu balok 5/7;M.79; m3 ;0,012;Rp8.811.600;Rp105.739,20;;;
;;M.200;M.200; Kg ;0,02;Rp18.000;Rp360,00;;;
;;Kayu papan 3/20;M.80; m3 ;0,007;Rp10.102.300;Rp70.716,10;;;
;;;;JUMLAH HARGA BAHAN;;;Rp176.815,30;;;
;C;PERALATAN;;;;;;;;
;;;;JUMLAH HARGA ALAT;;;;;;
;D;Jumlah (A+B+C);;;;;Rp197.530,30;;;
;E;Overhead & Profit 9,5%;;;0,095;;Rp18.765,38;;;
PP4;F;Harga Satuan Pekerjaan (D+E);;;;;Rp216.295,68;4;;
;;;;;;;;;;
;(K3) Pembuatan 1 m2 kantor sementara lantai plesteran;;;;;;;;;
;No;Uraian;Kode;Satuan;Koefisien;Harga Satuan;Jumlah Harga;;;
;A;TENAGA;;;;;;;;
;;Pekerja;L.01;OH;2;Rp93.000;Rp186.000,00;;;
;;Tukang Kayu;L.02;OH;2;Rp98.000;Rp196.000,00;;;
;;Tukang Batu;L.02;OH;1;Rp98.000;Rp98.000,00;;;
;;Kepala Tukang;L.03;OH;0,3;Rp106.000;Rp31.800,00;;;
;;Mandor;L.04;OH;0,05;Rp111.000;Rp5.550,00;;;
;;;;JUMLAH TENAGA KERJA;;;Rp517.350,00;;;
;B;BAHAN;;;;;;;;
;;Dolken kayu Ø 8-10/400 cm;M.74; Batang ;1,25;Rp62.000;Rp77.500,00;;;
;;Kayu balok 5/7;M.79; m3 ;0,18;Rp8.811.600;Rp1.586.088,00;;;
;;Paku biasa;M.200; Kg ;0,08;Rp18.000;Rp1.440,00;;;
;;Besi strip;M.42; Kg ;1,1;Rp10.000;Rp11.000,00;;;
;;Semen portland;M.11; Kg ;35;Rp1.250;Rp43.750,00;;;
;;Pasir pasang;M.48; m3 ;0,15;Rp131.100;Rp19.665,00;;;
;;Pasir beton;M.46; m3 ;0,1;Rp103.800;Rp10.380,00;;;
;;Koral beton;M.488; m3 ;0,15;Rp148.400;Rp22.260,00;;;
;;Bata merah;M.07; Buah ;30;Rp700;Rp21.000,00;;;
;;Seng plat;M.278; Lembar ;0,25;Rp364.600;Rp91.150,00;;;
;;Jendela naco;M.492; Bh ;0,2;Rp62.100;Rp12.420,00;;;
;;Kaca polos;M.493; m2 ;0,08;Rp141.000;Rp11.280,00;;;
;;Kunci tanam;M.494; Bh ;0,15;Rp225.700;Rp33.855,00;;;
;;Plywood 4 mm;M.102; Lembar ;0,06;Rp117.200;Rp7.032,00;;;
;;;;JUMLAH HARGA BAHAN;;;Rp1.948.820,00;;;
;C;PERALATAN;;;;;;;;
;;;;JUMLAH HARGA ALAT;;;;;;
;D;Jumlah (A+B+C);;;;;Rp2.466.170,00;;;
;E;Overhead & Profit 9,5%;;;0,095;;Rp234.286,15;;;
PP5;F;Harga Satuan Pekerjaan (D+E);;;;;Rp2.700.456,15;5;;
;;;;;;;;;;
;(K3) Pembuatan 1 m2 rumah jaga (konstruksi kayu );;;;;;;;;
;No;Uraian;Kode;Satuan;Koefisien;Harga Satuan;Jumlah Harga;;;
;A;TENAGA;;;;;;;;
;;Pekerja;L.01;OH;1;Rp93.000;Rp93.000,00;;;
;;Tukang Kayu;L.02;OH;1,5;Rp98.000;Rp147.000,00;;;
;;Kepala tukang;L.03;OH;0,15;Rp106.000;Rp15.900,00;;;
;;Mandor;L.04;OH;0,05;Rp111.000;Rp5.550,00;;;
;;;;JUMLAH TENAGA KERJA;;;Rp261.450,00;;;
;B;BAHAN;;;;;;;;
;;Dolken kayu Ø 8-10/400 cm;M.74; Batang ;3;Rp62.000;Rp186.000,00;;;
;;Kayu;M.86; m3 ;0,276;Rp7.579.000;Rp2.091.804,00;;;
;;Paku biasa;M.200; Kg ;0,7;Rp18.000;Rp12.600,00;;;
;;Seng gelombang;M.271; Lembar ;1,5;Rp106.800;Rp160.200,00;;;
;;;;JUMLAH HARGA BAHAN;;;Rp2.450.604,00;;;
;C;PERALATAN;;;;;;;;
;;;;JUMLAH HARGA ALAT;;;;;;
;D;Jumlah (A+B+C);;;;;Rp2.712.054,00;;;
;E;Overhead & Profit 9,5%;;;0,095;;Rp257.645,13;;;
PP6;F;Harga Satuan Pekerjaan (D+E);;;;;Rp2.969.699,13;6;;
;;;;;;;;;;
;(K3) Pembuatan 1 m2 gudang semen dan peralatan;;;;;;;;;
;No;Uraian;Kode;Satuan;Koefisien;Harga Satuan;Jumlah Harga;;;
;A;TENAGA;;;;;;;;
;;Pekerja;L.01;OH;1;Rp93.000;Rp93.000,00;;;
;;Tukang Kayu;L.02;OH;2;Rp98.000;Rp196.000,00;;;
;;Kepala Tukang;L.03;OH;0,2;Rp106.000;Rp21.200,00;;;
;;Mandor;L.04;OH;0,05;Rp111.000;Rp5.550,00;;;
;;;;JUMLAH TENAGA KERJA;;;Rp315.750,00;;;
;B;BAHAN;;;;;;;;
;;Dolken kayu Ø 8-10/400 cm;M.74; Batang ;1,7;Rp62.000;Rp105.400,00;;;
;;Kayu;M.86; m3 ;0,21;Rp7.579.000;Rp1.591.590,00;;;
;;Paku biasa;M.200; Kg ;0,3;Rp18.000;Rp5.400,00;;;
;;Semen portland;M.11; Kg ;10,5;Rp1.250;Rp13.125,00;;;
;;Pasir beton;M.46; m3 ;0,03;Rp103.800;Rp3.114,00;;;
;;Koral beton;M.488; m3 ;0,05;Rp148.400;Rp7.420,00;;;
;;Seng gelombang;M.271; Lembar ;1,5;Rp106.800;Rp160.200,00;;;
;;Seng plat;M.278; Lembar ;0,25;Rp364.600;Rp91.150,00;;;
;;;;JUMLAH HARGA BAHAN;;;Rp1.977.399,00;;;
;C;PERALATAN;;;;;;;;
;;;;JUMLAH HARGA ALAT;;;;;;
;D;Jumlah (A+B+C);;;;;Rp2.293.149,00;;;
;E;Overhead & Profit 9,5%;;;0,095;;Rp217.849,16;;;
PP7;F;Harga Satuan Pekerjaan (D+E);;;;;Rp2.510.998,16;7;;
;;;;;;;;;;
;(K3) Pembuatan 1 m2 bedeng pekerja;;;;;;;;;
;No;Uraian;Kode;Satuan;Koefisien;Harga Satuan;Jumlah Harga;;;
;A;TENAGA;;;;;;;;
;;Pekerja;L.01;OH;1;Rp93.000;Rp93.000,00;;;
;;Tukang Kayu;L.02;OH;2;Rp98.000;Rp196.000,00;;;
;;Kepala Tukang;L.03;OH;0,2;Rp106.000;Rp21.200,00;;;
;;Mandor;L.04;OH;0,05;Rp111.000;Rp5.550,00;;;
;;;;JUMLAH TENAGA KERJA;;;Rp315.750,00;;;
;B;BAHAN;;;;;;;;
;;Dolken kayu Ø 8-10/400 cm;M.74; Batang ;1,25;Rp62.000;Rp77.500,00;;;
;;Kayu;M.86; m3 ;0,186;Rp7.579.000;Rp1.409.694,00;;;
;;Paku biasa;M.200; Kg ;0,3;Rp18.000;Rp5.400,00;;;
;;Semen portland;M.11; Kg ;18;Rp1.250;Rp22.500,00;;;
;;Pasir beton;M.46; m3 ;0,03;Rp103.800;Rp3.114,00;;;
;;Koral beton;M.488; m3 ;0,05;Rp148.400;Rp7.420,00;;;
;;Seng gelombang;M.271; Lembar ;1,5;Rp106.800;Rp160.200,00;;;
;;Plywood 4 mm;M.102; Lembar ;1,35;Rp117.200;Rp158.220,00;;;
;;;;JUMLAH HARGA BAHAN;;;Rp1.844.048,00;;;
;C;PERALATAN;;;;;;;;
;;;;JUMLAH HARGA ALAT;;;;;;
;D;Jumlah (A+B+C);;;;;Rp2.159.798,00;;;
;E;Overhead & Profit 9,5%;;;0,095;;Rp205.180,81;;;
PP8;F;Harga Satuan Pekerjaan (D+E);;;;;Rp2.364.978,81;8;;
;;;;;;;;;;
;(K3) Pembersihan  1 m2 lapangan dan perataan;;;;;;;;;
;No;Uraian;Kode;Satuan;Koefisien;Harga Satuan;Jumlah Harga;;;
;A;TENAGA;;;;;;;;
;;Pekerja;L.01;OH;0,1;Rp93.000;Rp9.300,00;;;
;;Mandor;L.04;OH;0,05;Rp111.000;Rp5.550,00;;;
;;;;JUMLAH TENAGA KERJA;;;Rp14.850,00;;;
;B;BAHAN;;;;;;;;
;;;;JUMLAH HARGA BAHAN;;;;;;
;C;PERALATAN;;;;;;;;
;;;;JUMLAH HARGA ALAT;;;;;;
;D;Jumlah (A+B+C);;;;;Rp14.850,00;;;
;E;Overhead & Profit 9,5%;;;0,095;;Rp1.410,75;;;
PP9;F;Harga Satuan Pekerjaan (D+E);;;;;Rp16.260,75;9;;
;;;;;;;;;;
;(K3) Pembuatan 1 m2 steger/perancah  dari bambu;;;;;;;;;
;No;Uraian;Kode;Satuan;Koefisien;Harga Satuan;Jumlah Harga;;;
;A;TENAGA;;;;;;;;
;;Pekerja;L.01;OH;1;Rp93.000;Rp93.000,00;;;
;;Tukang Kayu;L.02;OH;2;Rp98.000;Rp196.000,00;;;
;;Kepala Tukang;L.03;OH;0,2;Rp106.000;Rp21.200,00;;;
;;Mandor;L.04;OH;0,05;Rp111.000;Rp5.550,00;;;
;;;;JUMLAH TENAGA KERJA;;;Rp315.750,00;;;
;B;BAHAN;;;;;;;;
;;Bambu diameter 6 - 8 / 600 cm;M.73; Batang ;1,25;Rp27.900;Rp34.875,00;;;
;;Tali ijuk;M.419; m ;0,186;Rp2.200;Rp409,20;;;
;;;;JUMLAH HARGA BAHAN;;;Rp35.284,20;;;
;C;PERALATAN;;;;;;;;
;;;;JUMLAH HARGA ALAT;;;;;;
;D;Jumlah (A+B+C);;;;;Rp351.034,20;;;
;E;Overhead & Profit 9,5%;;;0,095;;Rp33.348,25;;;
PP10;F;Harga Satuan Pekerjaan (D+E);;;;;Rp384.382,45;10;;
;;;;;;;;;;
;Pembuatan 1 buah kotak adukan ukuran 40cm x50cm x25cm;;;;;;;;;
;No;Uraian;Kode;Satuan;Koefisien;Harga Satuan;Jumlah Harga;;;
;A;TENAGA;;;;;;;;
;;Tukang Kayu;L.02;OH;0,3;Rp98.000;Rp29.400,00;;;
;;Kepala Tukang;L.03;OH;0,03;Rp106.000;Rp3.180,00;;;
;;;;JUMLAH TENAGA KERJA;;;Rp32.580,00;;;
;B;BAHAN;;;;;;;;
;;Kayu papan kelas III;M.94; m3 ;0,036;Rp2.088.900;Rp75.200,40;;;
;;Kayu balok 5/7 kelas III;M.88; m3 ;0,021;Rp1.965.600;Rp41.277,60;;;
;;Paku biasa;M.200; Kg ;0,08;Rp18.000;Rp1.440,00;;;
;;;;JUMLAH HARGA BAHAN;;;Rp117.918,00;;;
;C;PERALATAN;;;;;;;;
;;;;JUMLAH HARGA ALAT;;;;;;
;D;Jumlah (A+B+C);;;;;Rp150.498,00;;;
;E;Overhead & Profit 9,5%;;;0,095;;Rp14.297,31;;;
PP11;F;Harga Satuan Pekerjaan (D+E);;;;;Rp164.795,31;11;;
;;;;;;;;;;
;Pembuatan 1 m2 jalan sementara;;;;;;;;;
;No;Uraian;Kode;Satuan;Koefisien;Harga Satuan;Jumlah Harga;;;
;A;TENAGA;;;;;;;;
;;Pekerja;L.01;OH;1;Rp93.000;Rp93.000,00;;;
;;Mandor;L.04;OH;0,005;Rp111.000;Rp555,00;;;
;;;;JUMLAH TENAGA KERJA;;;Rp93.555,00;;;
;B;BAHAN;;;;;;;;
;;Batu belah;M.453; M3 ;0,15;Rp213.000;Rp31.950,00;;;
;;Batu pecah;M.450; M3 ;0,09;Rp273.700;Rp24.633,00;;;
;;Pasir pasang;M.48; m3 ;0,01;Rp131.100;Rp1.311,00;;;
;;;;JUMLAH HARGA BAHAN;;;Rp57.894,00;;;
;C;PERALATAN;;;;;;;;
;;;;JUMLAH HARGA ALAT;;;;;;
;D;Jumlah (A+B+C);;;;;Rp151.449,00;;;
;E;Overhead & Profit 9,5%;;;0,095;;Rp14.387,66;;;
PP12;F;Harga Satuan Pekerjaan (D+E);;;;;Rp165.836,66;12;;
;;;;;;;;;;
;Pembongkaran  1 m3 beton bertulang;;;;;;;;;
;No;Uraian;Kode;Satuan;Koefisien;Harga Satuan;Jumlah Harga;;;
;A;TENAGA;;;;;;;;
;;Pekerja;L.01;OH;1,3334;Rp93.000;Rp124.006,20;;;
;;Mandor;L.04;OH;0,666;Rp111.000;Rp73.926,00;;;
;;;;JUMLAH TENAGA KERJA;;;Rp197.932,20;;;
;B;BAHAN;;;;;;;;
;;;;JUMLAH HARGA BAHAN;;;;;;
;C;PERALATAN;;;;;;;;
;;;;JUMLAH HARGA ALAT;;;;;;
;D;Jumlah (A+B+C);;;;;Rp197.932,20;;;
;E;Overhead & Profit 9,5%;;;0,095;;Rp18.803,56;;;
PP13;F;Harga Satuan Pekerjaan (D+E);;;;;Rp216.735,76;13;;
;;;;;;;;;;
;Pembongkaran  1 m3 dinding tembok bata;;;;;;;;;
;No;Uraian;Kode;Satuan;Koefisien;Harga Satuan;Jumlah Harga;;;
;A;TENAGA;;;;;;;;
;;Pekerja;L.01;OH;0,6667;Rp93.000;Rp62.003,10;;;
;;Mandor;L.04;OH;0,333;Rp111.000;Rp36.963,00;;;
;;;;JUMLAH TENAGA KERJA;;;Rp98.966,10;;;
;B;BAHAN;;;;;;;;
;;;;JUMLAH HARGA BAHAN;;;;;;
;C;PERALATAN;;;;;;;;
;;;;JUMLAH HARGA ALAT;;;;;;
;D;Jumlah (A+B+C);;;;;Rp98.966,10;;;
;E;Overhead & Profit 9,5%;;;0,095;;Rp9.401,78;;;
PP14;F;Harga Satuan Pekerjaan (D+E);;;;;Rp108.367,88;14;;
;;;;;;;;;;
;Pemasangan 1 m2 pagar kawat jaring galvanis panjang 240 cm;;;;;;;;;
;No;Uraian;Kode;Satuan;Koefisien;Harga Satuan;Jumlah Harga;;;
;A;TENAGA;;;;;;;;
;;Pekerja;L.01;OH;0,042;Rp93.000;Rp3.906,00;;;
;;Tukang;L.02;OH;0,004;Rp98.000;Rp392,00;;;
;;Kepala Tukang;L.03;OH;0,002;Rp106.000;Rp212,00;;;
;;Mandor;L.04;OH;0,042;Rp111.000;Rp4.662,00;;;
;;;;JUMLAH TENAGA KERJA;;;Rp9.172,00;;;
;B;BAHAN;;;;;;;;
;;Kawat jaring;;Lbr;0,1434;164000;Rp23.517,60;;;
;;;;JUMLAH HARGA BAHAN;;;Rp23.517,60;;;
;C;PERALATAN;;;;;;;;
;;;;JUMLAH HARGA ALAT;;;;;;
;D;Jumlah (A+B+C);;;;;Rp32.689,60;;;
;E;Overhead & Profit 9,5%;;;0,095;;Rp3.105,51;;;
PP15;F;Harga Satuan Pekerjaan (D+E);;;;;Rp35.795,11;15;;
;;;;;;;;;;
;Pemasangan 1 m2 panel beton pracetak 5x50x240 cm;;;;;;;;;
;No;Uraian;Kode;Satuan;Koefisien;Harga Satuan;Jumlah Harga;;;
;A;TENAGA;;;;;;;;
;;Pekerja;L.01;OH;0,375;Rp93.000;Rp34.875,00;;;
;;Tukang;L.02;OH;0,125;Rp98.000;Rp12.250,00;;;
;;Kepala Tukang;L.03;OH;0,012;Rp106.000;Rp1.272,00;;;
;;Mandor;L.04;OH;0,019;Rp111.000;Rp2.109,00;;;
;;;;JUMLAH TENAGA KERJA;;;Rp50.506,00;;;
;B;BAHAN;;;;;;;;
;;Panel Beton Pracetak;M.495; Lbr ;0,986;Rp1.572.600;Rp1.550.583,60;;;
;;Kolom Benton Pracetak;M.496; Batang ;0,525;Rp551.200;Rp289.380,00;;;
;;Semen portland;M.11; Kg ;45;Rp1.250;Rp56.250,00;;;
;;Pasir beton;M.46; m3 ;0,074;Rp103.800;Rp7.681,20;;;
;;Koral;M.488; m3 ;0,146;Rp148.400;Rp21.666,40;;;
;;;;JUMLAH HARGA BAHAN;;;Rp1.925.561,20;;;
;C;PERALATAN;;;;;;;;
;;;;JUMLAH HARGA ALAT;;;;;;
;D;Jumlah (A+B+C);;;;;Rp1.976.067,20;;;
;E;Overhead & Profit 9,5%;;;0,095;;Rp187.726,38;;;
PP16;F;Harga Satuan Pekerjaan (D+E);;;;;Rp2.163.793,58;16;;
;;;;;;;;;;
;HARGA SATUAN PEKERJAAN TANAH;;;;;;;;;
;Penggalian 1 m3 tanah biasa sedalam 1 m;;;;;;;;;
;No;Uraian;Kode;Satuan;Koefisien;Harga Satuan;Jumlah Harga;;;
;A;TENAGA;;;;;;;;
;;Pekerja;L.01;OH;0,75;Rp93.000;Rp69.750,00;;;
;;Mandor;L.04;OH;0,025;Rp111.000;Rp2.775,00;;;
;;;;JUMLAH TENAGA KERJA;;;Rp72.525,00;;;
;B;BAHAN;;;;;;;;
;;;;JUMLAH HARGA BAHAN;;;;;;
;C;PERALATAN;;;;;;;;
;;;;JUMLAH HARGA ALAT;;;;;;
;D;Jumlah (A+B+C);;;;;Rp72.525,00;;;
;E;Overhead & Profit 9,5%;;;0,095;;Rp6.889,88;;;
PT1;F;Harga Satuan Pekerjaan (D+E);;;;;Rp79.414,88;1;;
;;;;;;;;;;
;Penggalian 1 m3 tanah biasa sedalam 2 m;;;;;;;;;
;No;Uraian;Kode;Satuan;Koefisien;Harga Satuan;Jumlah Harga;;;
;A;TENAGA;;;;;;;;
;;Pekerja;L.01;OH;0,9;Rp93.000;Rp83.700,00;;;
;;Mandor;L.04;OH;0,045;Rp111.000;Rp4.995,00;;;
;;;;JUMLAH TENAGA KERJA;;;Rp88.695,00;;;
;B;BAHAN;;;;;;;;
;;;;JUMLAH HARGA BAHAN;;;;;;
;C;PERALATAN;;;;;;;;
;;;;JUMLAH HARGA ALAT;;;;;;
;D;Jumlah (A+B+C);;;;;Rp88.695,00;;;
;E;Overhead & Profit 9,5%;;;0,095;;Rp8.426,03;;;
PT2;F;Harga Satuan Pekerjaan (D+E);;;;;Rp97.121,03;2;;
;;;;;;;;;;
;Menggali 1 m3 tanah biasa sedalam 3 m;;;;;;;;;
;No;Uraian;Kode;Satuan;Koefisien;Harga Satuan;Jumlah Harga;;;
;A;TENAGA;;;;;;;;
;;Pekerja;L.01;OH;1,05;Rp93.000;Rp97.650,00;;;
;;Mandor;L.04;OH;0,067;Rp111.000;Rp7.437,00;;;
;;;;JUMLAH TENAGA KERJA;;;Rp105.087,00;;;
;B;BAHAN;;;;;;;;
;;;;JUMLAH HARGA BAHAN;;;;;;
;C;PERALATAN;;;;;;;;
;;;;JUMLAH HARGA ALAT;;;;;;
;D;Jumlah (A+B+C);;;;;Rp105.087,00;;;
;E;Overhead & Profit 9,5%;;;0,095;;Rp9.983,27;;;
PT3;F;Harga Satuan Pekerjaan (D+E);;;;;Rp115.070,27;3;;
;;;;;;;;;;
;Menggali 1 m3 tanah keras sedalam 1 m;;;;;;;;;
;No;Uraian;Kode;Satuan;Koefisien;Harga Satuan;Jumlah Harga;;;
;A;TENAGA;;;;;;;;
;;Pekerja;L.01;OH;1;Rp93.000;Rp93.000,00;;;
;;Mandor;L.04;OH;0,032;Rp111.000;Rp3.552,00;;;
;;;;JUMLAH TENAGA KERJA;;;Rp96.552,00;;;
;B;BAHAN;;;;;;;;
;;;;JUMLAH HARGA BAHAN;;;;;;
;C;PERALATAN;;;;;;;;
;;;;JUMLAH HARGA ALAT;;;;;;
;D;Jumlah (A+B+C);;;;;Rp96.552,00;;;
;E;Overhead & Profit 9,5%;;;0,095;;Rp9.172,44;;;
PT4;F;Harga Satuan Pekerjaan (D+E);;;;;Rp105.724,44;4;;
;;;;;;;;;;
;Menggali 1 m3 tanah cadas sedalam 1 m;;;;;;;;;
;No;Uraian;Kode;Satuan;Koefisien;Harga Satuan;Jumlah Harga;;;
;A;TENAGA;;;;;;;;
;;Pekerja;L.01;OH;1,5;Rp93.000;Rp139.500,00;;;
;;Mandor;L.04;OH;0,06;Rp111.000;Rp6.660,00;;;
;;;;JUMLAH TENAGA KERJA;;;Rp146.160,00;;;
;B;BAHAN;;;;;;;;
;;;;JUMLAH HARGA BAHAN;;;;;;
;C;PERALATAN;;;;;;;;
;;;;JUMLAH HARGA ALAT;;;;;;
;D;Jumlah (A+B+C);;;;;Rp146.160,00;;;
;E;Overhead & Profit 9,5%;;;0,095;;Rp13.885,20;;;
PT5;F;Harga Satuan Pekerjaan (D+E);;;;;Rp160.045,20;5;;
;;;;;;;;;;
;Menggali 1 m3 tanah lumpur sedalam 1 m;;;;;;;;;
;No;Uraian;Kode;Satuan;Koefisien;Harga Satuan;Jumlah Harga;;;
;A;TENAGA;;;;;;;;
;;Pekerja;L.01;OH;1,2;Rp93.000;Rp111.600,00;;;
;;Mandor;L.04;OH;0,045;Rp111.000;Rp4.995,00;;;
;;;;JUMLAH TENAGA KERJA;;;Rp116.595,00;;;
;B;BAHAN;;;;;;;;
;;;;JUMLAH HARGA BAHAN;;;;;;
;C;PERALATAN;;;;;;;;
;;;;JUMLAH HARGA ALAT;;;;;;
;D;Jumlah (A+B+C);;;;;Rp116.595,00;;;
;E;Overhead & Profit 9,5%;;;0,095;;Rp11.076,53;;;
PT6;F;Harga Satuan Pekerjaan (D+E);;;;;Rp127.671,53;6;;
;;;;;;;;;;
;Pengerjaan stripping 1 m2 tanah tebing setinggi 1 meter;;;;;;;;;
;No;Uraian;Kode;Satuan;Koefisien;Harga Satuan;Jumlah Harga;;;
;A;TENAGA;;;;;;;;
;;Pekerja;L.01;OH;0,05;Rp93.000;Rp4.650,00;;;
;;Mandor;L.04;OH;0,005;Rp111.000;Rp555,00;;;
;;;;JUMLAH TENAGA KERJA;;;Rp5.205,00;;;
;B;BAHAN;;;;;;;;
;;;;JUMLAH HARGA BAHAN;;;;;;
;C;PERALATAN;;;;;;;;
;;;;JUMLAH HARGA ALAT;;;;;;
;D;Jumlah (A+B+C);;;;;Rp5.205,00;;;
;E;Overhead & Profit 9,5%;;;0,095;;Rp494,48;;;
PT7;F;Harga Satuan Pekerjaan (D+E);;;;;Rp5.699,48;7;;
;;;;;;;;;;
;(K3) Pembuangan  1 m3 tanah sejauh 30 meter;;;;;;;;;
;No;Uraian;Kode;Satuan;Koefisien;Harga Satuan;Jumlah Harga;;;
;A;TENAGA;;;;;;;;
;;Pekerja;L.01;OH;0,33;Rp93.000;Rp30.690,00;;;
;;Mandor;L.04;OH;0,01;Rp111.000;Rp1.110,00;;;
;;;;JUMLAH TENAGA KERJA;;;Rp31.800,00;;;
;B;BAHAN;;;;;;;;
;;;;JUMLAH HARGA BAHAN;;;;;;
;C;PERALATAN;;;;;;;;
;;;;JUMLAH HARGA ALAT;;;;;;
;D;Jumlah (A+B+C);;;;;Rp31.800,00;;;
;E;Overhead & Profit 9,5%;;;0,095;;Rp3.021,00;;;
PT8;F;Harga Satuan Pekerjaan (D+E);;;;;Rp34.821,00;8;;
;;;;;;;;;;
;"Pengurugan kembali 1 m3 galian tanah (1/3 Galian;-Tanah  Biasa Sedalam 1 M)";;;;;;;;;
;No;Uraian;Kode;Satuan;Koefisien;Harga Satuan;Jumlah Harga;;;
;A;TENAGA;;;;;;;;
;;Pekerja;L.01;OH;0,25;Rp93.000;Rp23.250,00;;;
;;Mandor;L.04;OH;0,025;Rp111.000;Rp2.775,00;;;
;;;;JUMLAH TENAGA KERJA;;;Rp26.025,00;;;
;B;BAHAN;;;;;;;;
;;;;JUMLAH HARGA BAHAN;;;;;;
;C;PERALATAN;;;;;;;;
;;;;JUMLAH HARGA ALAT;;;;;;
;D;Jumlah (A+B+C);;;;;Rp26.025,00;;;
;E;Overhead & Profit 9,5%;;;0,095;;Rp2.472,38;;;
PT9;F;Harga Satuan Pekerjaan (D+E);;;;;Rp28.497,38;9;;
;;;;;;;;;;
;(K3) Pemadatan tanah 1 m3 tanah ( per 20 cm);;;;;;;;;
;No;Uraian;Kode;Satuan;Koefisien;Harga Satuan;Jumlah Harga;;;
;A;TENAGA;;;;;;;;
;;Pekerja;L.01;OH;0,5;Rp93.000;Rp46.500,00;;;
;;Mandor;L.04;OH;0,05;Rp111.000;Rp5.550,00;;;
;;;;JUMLAH TENAGA KERJA;;;Rp52.050,00;;;
;B;BAHAN;;;;;;;;
;;;;JUMLAH HARGA BAHAN;;;;;;
;C;PERALATAN;;;;;;;;
;;;;JUMLAH HARGA ALAT;;;;;;
;D;Jumlah (A+B+C);;;;;Rp52.050,00;;;
;E;Overhead & Profit 9,5%;;;0,095;;Rp4.944,75;;;
PT10;F;Harga Satuan Pekerjaan (D+E);;;;;Rp56.994,75;10;;
;;;;;;;;;;
;Pengurugan 1 m3 dengan pasir urug;;;;;;;;;
;No;Uraian;Kode;Satuan;Koefisien;Harga Satuan;Jumlah Harga;;;
;A;TENAGA;;;;;;;;
;;Pekerja;L.01;OH;0,3;Rp93.000;Rp27.900,00;;;
;;Mandor;L.04;OH;0,01;Rp111.000;Rp1.110,00;;;
;;;;JUMLAH TENAGA KERJA;;;Rp29.010,00;;;
;B;BAHAN;;;;;;;;
;;Pasir urug;M.52; m3 ;1,2;Rp100.300;Rp120.360,00;;;
;;;;JUMLAH HARGA BAHAN;;;Rp120.360,00;;;
;C;PERALATAN;;;;;;;;
;;;;JUMLAH HARGA ALAT;;;;;;
;D;Jumlah (A+B+C);;;;;Rp149.370,00;;;
;E;Overhead & Profit 9,5%;;;0,095;;Rp14.190,15;;;
PT11;F;Harga Satuan Pekerjaan (D+E);;;;;Rp163.560,15;11;;
;;;;;;;;;;
;Pemasangan 1 m3 lapisan pudel campuran 1KP:3PP:7TL;;;;;;;;;
;No;Uraian;Kode;Satuan;Koefisien;Harga Satuan;Jumlah Harga;;;
;A;TENAGA;;;;;;;;
;;Pekerja;L.01;OH;0,8;Rp93.000;Rp74.400,00;;;
;;Tukang;L.02;OH;0,4;Rp98.000;Rp39.200,00;;;
;;Kepala Tukang;L.03;OH;0,04;Rp106.000;Rp4.240,00;;;
;;Mandor;L.04;OH;0,08;Rp111.000;Rp8.880,00;;;
;;;;JUMLAH TENAGA KERJA;;;Rp126.720,00;;;
;B;BAHAN;;;;;;;;
;;Kapur;M.43; m3 ;0,135;Rp111.800;Rp15.093,00;;;
;;Pasir Pasang;M.48; m3 ;0,4;Rp131.100;Rp52.440,00;;;
;;Tanah Liat;M.57; m3 ;0,948;Rp109.900;Rp104.185,20;;;
;;;;JUMLAH HARGA BAHAN;;;Rp171.718,20;;;
;C;PERALATAN;;;;;;;;
;;;;JUMLAH HARGA ALAT;;;;;;
;D;Jumlah (A+B+C);;;;;Rp298.438,20;;;
;E;Overhead & Profit 9,5%;;;0,095;;Rp28.351,63;;;
PT12;F;Harga Satuan Pekerjaan (D+E);;;;;Rp326.789,83;12;;
;;;;;;;;;;
;Pemasangan 1 m2 lapisan ijuk tebal 10 cm untuk bidang resapan;;;;;;;;;
;No;Uraian;Kode;Satuan;Koefisien;Harga Satuan;Jumlah Harga;;;
;A;TENAGA;;;;;;;;
;;Pekerja;L.01;OH;0,15;Rp93.000;Rp13.950,00;;;
;;Mandor;L.04;OH;0,015;Rp111.000;Rp1.665,00;;;
;;;;JUMLAH TENAGA KERJA;;;Rp15.615,00;;;
;B;BAHAN;;;;;;;;
;;Ijuk;M.497; m3 ;6;Rp40.400;Rp242.400,00;;;
;;;;JUMLAH HARGA BAHAN;;;Rp242.400,00;;;
;C;PERALATAN;;;;;;;;
;;;;JUMLAH HARGA ALAT;;;;;;
;D;Jumlah (A+B+C);;;;;Rp258.015,00;;;
;E;Overhead & Profit 9,5%;;;0,095;;Rp24.511,43;;;
PT13;F;Harga Satuan Pekerjaan (D+E);;;;;Rp282.526,43;13;;
;;;;;;;;;;
;Pengurugan 1 m3 sirtu padat;;;;;;;;;
;No;Uraian;Kode;Satuan;Koefisien;Harga Satuan;Jumlah Harga;;;
;A;TENAGA;;;;;;;;
;;Pekerja;L.01;OH;0,25;Rp93.000;Rp23.250,00;;;
;;Mandor;L.04;OH;0,025;Rp111.000;Rp2.775,00;;;
;;;;JUMLAH TENAGA KERJA;;;Rp26.025,00;;;
;B;BAHAN;;;;;;;;
;;Sirtu;M.55; m3 ;1,2;Rp138.500;Rp166.200,00;;;
;;;;JUMLAH HARGA BAHAN;;;Rp166.200,00;;;
;C;PERALATAN;;;;;;;;
;;;;JUMLAH HARGA ALAT;;;;;;
;D;Jumlah (A+B+C);;;;;Rp192.225,00;;;
;E;Overhead & Profit 9,5%;;;0,095;;Rp18.261,38;;;
PT14;F;Harga Satuan Pekerjaan (D+E);;;;;Rp210.486,38;14;;
;;;;;;;;;;
;HARGA SATUAN PEKERJAAN PONDASI;;;;;;;;;
;Pemasangan 1 m3 pondasi batu belah campuran 1SP : 3PP;;;;;;;;;
;No;Uraian;Kode;Satuan;Koefisien;Harga Satuan;Jumlah Harga;;;
;A;TENAGA;;;;;;;;
;;Pekerja;L.01;OH;1,5;Rp93.000;Rp139.500,00;;;
;;Tukang Batu;L.02;OH;0,75;Rp98.000;Rp73.500,00;;;
;;Kepala Tukang;L.03;OH;0,075;Rp106.000;Rp7.950,00;;;
;;Mandor;L.04;OH;0,075;Rp111.000;Rp8.325,00;;;
;;;;JUMLAH TENAGA KERJA;;;Rp229.275,00;;;
;B;BAHAN;;;;;;;;
;;Batu belah;M.453; M3 ;1,2;Rp213.000;Rp255.600,00;;;
;;Semen portland;M.11; Kg ;202;Rp1.250;Rp252.500,00;;;
;;Pasir Pasang;M.48; m3 ;0,485;Rp131.100;Rp63.583,50;;;
;;;;JUMLAH HARGA BAHAN;;;Rp571.683,50;;;
;C;PERALATAN;;;;;;;;
;;;;JUMLAH HARGA ALAT;;;;;;
;D;Jumlah (A+B+C);;;;;Rp800.958,50;;;
;E;Overhead & Profit 9,5%;;;0,095;;Rp76.091,06;;;
PD1;F;Harga Satuan Pekerjaan (D+E);;;;;Rp877.049,56;1;;
;;;;;;;;;;
;Pemasangan 1 m3 pondasi batu belah campuran 1SP : 4PP;;;;;;;;;
;No;Uraian;Kode;Satuan;Koefisien;Harga Satuan;Jumlah Harga;;;
;A;TENAGA;;;;;;;;
;;Pekerja;L.01;OH;1,5;Rp93.000;Rp139.500,00;;;
;;Tukang Batu;L.02;OH;0,75;Rp98.000;Rp73.500,00;;;
;;Kepala Tukang;L.03;OH;0,075;Rp106.000;Rp7.950,00;;;
;;Mandor;L.04;OH;0,075;Rp111.000;Rp8.325,00;;;
;;;;JUMLAH TENAGA KERJA;;;Rp229.275,00;;;
;B;BAHAN;;;;;;;;
;;Batu belah;M.453; M3 ;1,2;Rp213.000;Rp255.600,00;;;
;;Semen portland;M.11; Kg ;163;Rp1.250;Rp203.750,00;;;
;;Pasir Pasang;M.48; m3 ;0,52;Rp131.100;Rp68.172,00;;;
;;;;JUMLAH HARGA BAHAN;;;Rp527.522,00;;;
;C;PERALATAN;;;;;;;;
;;;;JUMLAH HARGA ALAT;;;;;;
;D;Jumlah (A+B+C);;;;;Rp756.797,00;;;
;E;Overhead & Profit 9,5%;;;0,095;;Rp71.895,72;;;
PD2;F;Harga Satuan Pekerjaan (D+E);;;;;Rp828.692,72;2;;
;;;;;;;;;;
;Pemasangan 1 m3 pondasi batu belah campuran 1SP : 5PP;;;;;;;;;
;No;Uraian;Kode;Satuan;Koefisien;Harga Satuan;Jumlah Harga;;;
;A;TENAGA;;;;;;;;
;;Pekerja;L.01;OH;1,5;Rp93.000;Rp139.500,00;;;
;;Tukang Batu;L.02;OH;0,75;Rp98.000;Rp73.500,00;;;
;;Kepala Tukang;L.03;OH;0,075;Rp106.000;Rp7.950,00;;;
;;Mandor;L.04;OH;0,075;Rp111.000;Rp8.325,00;;;
;;;;JUMLAH TENAGA KERJA;;;Rp229.275,00;;;
;B;BAHAN;;;;;;;;
;;Batu belah;M.453; M3 ;1,2;Rp213.000;Rp255.600,00;;;
;;Semen portland;M.11; Kg ;136;Rp1.250;Rp170.000,00;;;
;;Pasir Pasang;M.48; m3 ;0,544;Rp131.100;Rp71.318,40;;;
;;;;JUMLAH HARGA BAHAN;;;Rp496.918,40;;;
;C;PERALATAN;;;;;;;;
;;;;JUMLAH HARGA ALAT;;;;;;
;D;Jumlah (A+B+C);;;;;Rp726.193,40;;;
;E;Overhead & Profit 9,5%;;;0,095;;Rp68.988,37;;;
PD3;F;Harga Satuan Pekerjaan (D+E);;;;;Rp795.181,77;3;;
;;;;;;;;;;
;Pemasangan 1 m3 pondasi batu belah campuran 1SP : 6PP;;;;;;;;;
;No;Uraian;Kode;Satuan;Koefisien;Harga Satuan;Jumlah Harga;;;
;A;TENAGA;;;;;;;;
;;Pekerja;L.01;OH;1,5;Rp93.000;Rp139.500,00;;;
;;Tukang Batu;L.02;OH;0,75;Rp98.000;Rp73.500,00;;;
;;Kepala Tukang;L.03;OH;0,075;Rp106.000;Rp7.950,00;;;
;;Mandor;L.04;OH;0,075;Rp111.000;Rp8.325,00;;;
;;;;JUMLAH TENAGA KERJA;;;Rp229.275,00;;;
;B;BAHAN;;;;;;;;
;;Batu belah;M.453; M3 ;1,2;Rp213.000;Rp255.600,00;;;
;;Semen portland;M.11; Kg ;117;Rp1.250;Rp146.250,00;;;
;;Pasir Pasang;M.48; m3 ;0,561;Rp131.100;Rp73.547,10;;;
;;;;JUMLAH HARGA BAHAN;;;Rp475.397,10;;;
;C;PERALATAN;;;;;;;;
;;;;JUMLAH HARGA ALAT;;;;;;
;D;Jumlah (A+B+C);;;;;Rp704.672,10;;;
;E;Overhead & Profit 9,5%;;;0,095;;Rp66.943,85;;;
PD4;F;Harga Satuan Pekerjaan (D+E);;;;;Rp771.615,95;4;;
;;;;;;;;;;
;Pemasangan 1 m3 pondasi batu belah campuran 1SP : 8PP;;;;;;;;;
;No;Uraian;Kode;Satuan;Koefisien;Harga Satuan;Jumlah Harga;;;
;A;TENAGA;;;;;;;;
;;Pekerja;L.01;OH;1,5;Rp93.000;Rp139.500,00;;;
;;Tukang Batu;L.02;OH;0,75;Rp98.000;Rp73.500,00;;;
;;Kepala Tukang;L.03;OH;0,075;Rp106.000;Rp7.950,00;;;
;;Mandor;L.04;OH;0,075;Rp111.000;Rp8.325,00;;;
;;;;JUMLAH TENAGA KERJA;;;Rp229.275,00;;;
;B;BAHAN;;;;;;;;
;;Batu belah;M.453; M3 ;1,2;Rp213.000;Rp255.600,00;;;
;;Semen portland;M.11; Kg ;91;Rp1.250;Rp113.750,00;;;
;;Pasir Pasang;M.48; m3 ;0,584;Rp131.100;Rp76.562,40;;;
;;;;JUMLAH HARGA BAHAN;;;Rp445.912,40;;;
;C;PERALATAN;;;;;;;;
;;;;JUMLAH HARGA ALAT;;;;;;
;D;Jumlah (A+B+C);;;;;Rp675.187,40;;;
;E;Overhead & Profit 9,5%;;;0,095;;Rp64.142,80;;;
PD5;F;Harga Satuan Pekerjaan (D+E);;;;;Rp739.330,20;5;;
;;;;;;;;;;
;Pemasangan 1 m3 pondasi batu belah campuran 1SP : 1KP : 2PP;;;;;;;;;
;No;Uraian;Kode;Satuan;Koefisien;Harga Satuan;Jumlah Harga;;;
;A;TENAGA;;;;;;;;
;;Pekerja;L.01;OH;1,5;Rp93.000;Rp139.500,00;;;
;;Tukang Batu;L.02;OH;0,75;Rp98.000;Rp73.500,00;;;
;;Kepala Tukang;L.03;OH;0,075;Rp106.000;Rp7.950,00;;;
;;Mandor;L.04;OH;0,075;Rp111.000;Rp8.325,00;;;
;;;;JUMLAH TENAGA KERJA;;;Rp229.275,00;;;
;B;BAHAN;;;;;;;;
;;Batu belah;M.453; M3 ;1,2;Rp213.000;Rp255.600,00;;;
;;Kapur;M.43; m3 ;0,17;Rp111.800;Rp19.006,00;;;
;;Semen portland;M.11; Kg ;170;Rp1.250;Rp212.500,00;;;
;;Pasir Pasang;M.48; m3 ;0,34;Rp131.100;Rp44.574,00;;;
;;;;JUMLAH HARGA BAHAN;;;Rp531.680,00;;;
;C;PERALATAN;;;;;;;;
;;;;JUMLAH HARGA ALAT;;;;;;
;D;Jumlah (A+B+C);;;;;Rp760.955,00;;;
;E;Overhead & Profit 9,5%;;;0,095;;Rp72.290,73;;;
PD6;F;Harga Satuan Pekerjaan (D+E);;;;;Rp833.245,73;6;;
;;;;;;;;;;
;Pemasangan 1 m3 pondasi batu belah campuran 1 SP : 3 KP : 10 PP;;;;;;;;;
;No;Uraian;Kode;Satuan;Koefisien;Harga Satuan;Jumlah Harga;;;
;A;TENAGA;;;;;;;;
;;Pekerja;L.01;OH;1,5;Rp93.000;Rp139.500,00;;;
;;Tukang Batu;L.02;OH;0,75;Rp98.000;Rp73.500,00;;;
;;Kepala Tukang;L.03;OH;0,075;Rp106.000;Rp7.950,00;;;
;;Mandor;L.04;OH;0,075;Rp111.000;Rp8.325,00;;;
;;;;JUMLAH TENAGA KERJA;;;Rp229.275,00;;;
;B;BAHAN;;;;;;;;
;;Batu belah;M.453; M3 ;1,2;Rp213.000;Rp255.600,00;;;
;;Semen portland;M.11; Kg ;61;Rp1.250;Rp76.250,00;;;
;;Kapur;M.43; m3 ;0,147;Rp111.800;Rp16.434,60;;;
;;Pasir Pasang;M.48; m3 ;0,492;Rp131.100;Rp64.501,20;;;
;;;;JUMLAH HARGA BAHAN;;;Rp412.785,80;;;
;C;PERALATAN;;;;;;;;
;;;;JUMLAH HARGA ALAT;;;;;;
;D;Jumlah (A+B+C);;;;;Rp642.060,80;;;
;E;Overhead & Profit 9,5%;;;0,095;;Rp60.995,78;;;
PD7;F;Harga Satuan Pekerjaan (D+E);;;;;Rp703.056,58;7;;
;;;;;;;;;;
;Pemasangan 1 m3 pondasi batu belah campuran ¼ SP : 1 KP : 4PP;;;;;;;;;
;No;Uraian;Kode;Satuan;Koefisien;Harga Satuan;Jumlah Harga;;;
;A;TENAGA;;;;;;;;
;;Pekerja;L.01;OH;1,5;Rp93.000;Rp139.500,00;;;
;;Tukang Batu;L.02;OH;0,75;Rp98.000;Rp73.500,00;;;
;;Kepala Tukang;L.03;OH;0,075;Rp106.000;Rp7.950,00;;;
;;Mandor;L.04;OH;0,075;Rp111.000;Rp8.325,00;;;
;;;;JUMLAH TENAGA KERJA;;;Rp229.275,00;;;
;B;BAHAN;;;;;;;;
;;Batu belah;M.453; M3 ;1,2;Rp213.000;Rp255.600,00;;;
;;Semen portland;M.11; Kg ;41;Rp1.250;Rp51.250,00;;;
;;Kapur;M.43; m3 ;0,131;Rp111.800;Rp14.645,80;;;
;;Pasir Pasang;M.48; m3 ;0,523;Rp131.100;Rp68.565,30;;;
;;;;JUMLAH HARGA BAHAN;;;Rp390.061,10;;;
;C;PERALATAN;;;;;;;;
;;;;JUMLAH HARGA ALAT;;;;;;
;D;Jumlah (A+B+C);;;;;Rp619.336,10;;;
;E;Overhead & Profit 9,5%;;;0,095;;Rp58.836,93;;;
PD8;F;Harga Satuan Pekerjaan (D+E);;;;;Rp678.173,03;8;;
;;;;;;;;;;
;Pemasangan 1 m3 batu kosong (anstamping);;;;;;;;;
;No;Uraian;Kode;Satuan;Koefisien;Harga Satuan;Jumlah Harga;;;
;A;TENAGA;;;;;;;;
;;Pekerja;L.01;OH;0,78;Rp93.000;Rp72.540,00;;;
;;Tukang Batu;L.02;OH;0,39;Rp98.000;Rp38.220,00;;;
;;Kepala Tukang;L.03;OH;0,039;Rp106.000;Rp4.134,00;;;
;;Mandor;L.04;OH;0,039;Rp111.000;Rp4.329,00;;;
;;;;JUMLAH TENAGA KERJA;;;Rp119.223,00;;;
;B;BAHAN;;;;;;;;
;;Batu belah;M.453; M3 ;1,2;Rp213.000;Rp255.600,00;;;
;;Pasir urug;M.52; m3 ;0,432;Rp100.300;Rp43.329,60;;;
;;;;JUMLAH HARGA BAHAN;;;Rp298.929,60;;;
;C;PERALATAN;;;;;;;;
;;;;JUMLAH HARGA ALAT;;;;;;
;D;Jumlah (A+B+C);;;;;Rp418.152,60;;;
;E;Overhead & Profit 9,5%;;;0,095;;Rp39.724,50;;;
PD9;F;Harga Satuan Pekerjaan (D+E);;;;;Rp457.877,10;9;;
;;;;;;;;;;
;(K3) Pemasangan 1 m3 pondasi siklop, 60% beton campuran 1SP : 2 PB : 3 Kr dan 40% batu;;;;;;;;;
;No;Uraian;Kode;Satuan;Koefisien;Harga Satuan;Jumlah Harga;;;
;A;TENAGA;;;;;;;;
;;Pekerja;L.01;OH;3,4;Rp93.000;Rp316.200,00;;;
;;Tukang Batu;L.02;OH;0,85;Rp98.000;Rp83.300,00;;;
;;Kepala Tukang;L.03;OH;0,085;Rp106.000;Rp9.010,00;;;
;;Mandor;L.04;OH;0,17;Rp111.000;Rp18.870,00;;;
;;;;JUMLAH TENAGA KERJA;;;Rp427.380,00;;;
;B;BAHAN;;;;;;;;
;;Batu belah;M.453; M3 ;0,48;Rp213.000;Rp102.240,00;;;
;;Semen portland;M.11; Kg ;194;Rp1.250;Rp242.500,00;;;
;;Pasir Beton;M.46; m3 ;0,312;Rp103.800;Rp32.385,60;;;
;;Kerikil;M.44; m3 ;0,468;Rp222.500;Rp104.130,00;;;
;;Besi beton (polos/ulir);M.42; Kg ;126;Rp10.000;Rp1.260.000,00;;;
;;Kawat beton;M.194; Kg ;1,8;Rp15.000;Rp27.000,00;;;
;;;;JUMLAH HARGA BAHAN;;;Rp1.768.255,60;;;
;C;PERALATAN;;;;;;;;
;;;;JUMLAH HARGA ALAT;;;;;;
;D;Jumlah (A+B+C);;;;;Rp2.195.635,60;;;
;E;Overhead & Profit 9,5%;;;0,095;;Rp208.585,38;;;
PD10;F;Harga Satuan Pekerjaan (D+E);;;;;Rp2.404.220,98;10;;
;;;;;;;;;;
;Pemasangan 1 m3 pondasi sumuran, diameter 100 cm;;;;;;;;;
;No;Uraian;Kode;Satuan;Koefisien;Harga Satuan;Jumlah Harga;;;
;A;TENAGA;;;;;;;;
;;Pekerja;L.01;OH;2,4;Rp93.000;Rp223.200,00;;;
;;Tukang Batu;L.02;OH;0,8;Rp98.000;Rp78.400,00;;;
;;Kepala Tukang;L.03;OH;0,08;Rp106.000;Rp8.480,00;;;
;;Mandor;L.04;OH;0,119;Rp111.000;Rp13.209,00;;;
;;;;JUMLAH TENAGA KERJA;;;Rp323.289,00;;;
;B;BAHAN;;;;;;;;
;;Batu belah;M.453; M3 ;0,45;Rp213.000;Rp95.850,00;;;
;;Semen portland;M.11; Kg ;194;Rp1.250;Rp242.500,00;;;
;;Pasir Beton;M.46; m3 ;0,312;Rp103.800;Rp32.385,60;;;
;;Kerikil;M.44; m3 ;0,468;Rp222.500;Rp104.130,00;;;
;;;;JUMLAH HARGA BAHAN;;;Rp474.865,60;;;
;C;PERALATAN;;;;;;;;
;;;;JUMLAH HARGA ALAT;;;;;;
;D;Jumlah (A+B+C);;;;;Rp798.154,60;;;
;E;Overhead & Profit 9,5%;;;0,095;;Rp75.824,69;;;
PD11;F;Harga Satuan Pekerjaan (D+E);;;;;Rp873.979,29;11;;
;;;;;;;;;;
;HARGA SATUAN PEKERJAAN BETON;;;;;;;;;
;Membuat 1 m3 beton mutu f’c = 7,4 MPa (K 100);;;;;;;;;
;No;Uraian;Kode;Satuan;Koefisien;Harga Satuan;Jumlah Harga;;;
;A;TENAGA;;;;;;;;
;;Pekerja;L.01;OH;1,65;Rp93.000;Rp153.450,00;;;
;;Tukang Batu;L.02;OH;0,275;Rp98.000;Rp26.950,00;;;
;;Kepala Tukang;L.03;OH;0,028;Rp106.000;Rp2.968,00;;;
;;Mandor;L.04;OH;0,083;Rp111.000;Rp9.213,00;;;
;;;;JUMLAH TENAGA KERJA;;;Rp192.581,00;;;
;B;BAHAN;;;;;;;;
;;Semen portland;M.11; Kg ;247;Rp1.250;Rp308.750,00;;;
;;Pasir Beton;M.47; Kg ;869;Rp150;Rp130.350,00;;;
;;Kerikil (Maks 30 mm);M.45; Kg ;999;Rp150;Rp149.850,00;;;
;;Air;M.02; m3 ;215;Rp1;Rp215,00;;;
;;;;JUMLAH HARGA BAHAN;;;Rp589.165,00;;;
;C;PERALATAN;;;;;;;;
;;;;JUMLAH HARGA ALAT;;;;;;
;D;Jumlah (A+B+C);;;;;Rp781.746,00;;;
;E;Overhead & Profit 9,5%;;;0,095;;Rp74.265,87;;;
PB1;F;Harga Satuan Pekerjaan (D+E);;;;;Rp856.011,87;1;;
;;;;;;;;;;
;Membuat 1 m3 beton mutu f’= 9,8 MPa (K 125);;;;;;;;;
;No;Uraian;Kode;Satuan;Koefisien;Harga Satuan;Jumlah Harga;;;
;A;TENAGA;;;;;;;;
;;Pekerja;L.01;OH;1,65;Rp93.000;Rp153.450,00;;;
;;Tukang Batu;L.02;OH;0,275;Rp98.000;Rp26.950,00;;;
;;Kepala Tukang;L.03;OH;0,028;Rp106.000;Rp2.968,00;;;
;;Mandor;L.04;OH;0,083;Rp111.000;Rp9.213,00;;;
;;;;JUMLAH TENAGA KERJA;;;Rp192.581,00;;;
;B;BAHAN;;;;;;;;
;;Semen portland;M.11; Kg ;276;Rp1.250;Rp345.000,00;;;
;;Pasir Beton;M.47; Kg ;828;Rp150;Rp124.200,00;;;
;;Kerikil (Maks 30 mm);M.45; Kg ;1012;Rp150;Rp151.800,00;;;
;;Air;M.02; m3 ;215;Rp1;Rp215,00;;;
;;;;JUMLAH HARGA BAHAN;;;Rp621.215,00;;;
;C;PERALATAN;;;;;;;;
;;;;JUMLAH HARGA ALAT;;;;;;
;D;Jumlah (A+B+C);;;;;Rp813.796,00;;;
;E;Overhead & Profit 9,5%;;;0,095;;Rp77.310,62;;;
PB2;F;Harga Satuan Pekerjaan (D+E);;;;;Rp891.106,62;2;;
;;;;;;;;;;
;Membuat 1 m3 beton mutu f’= 12,2 MPa (K 150);;;;;;;;;
;No;Uraian;Kode;Satuan;Koefisien;Harga Satuan;Jumlah Harga;;;
;A;TENAGA;;;;;;;;
;;Pekerja;L.01;OH;1,65;Rp93.000;Rp153.450,00;;;
;;Tukang Batu;L.02;OH;0,275;Rp98.000;Rp26.950,00;;;
;;Kepala Tukang;L.03;OH;0,028;Rp106.000;Rp2.968,00;;;
;;Mandor;L.04;OH;0,083;Rp111.000;Rp9.213,00;;;
;;;;JUMLAH TENAGA KERJA;;;Rp192.581,00;;;
;B;BAHAN;;;;;;;;
;;Semen portland;M.11; Kg ;299;Rp1.250;Rp373.750,00;;;
;;Pasir Beton;M.47; Kg ;799;Rp150;Rp119.850,00;;;
;;Kerikil (Maks 30 mm);M.45; Kg ;1017;Rp150;Rp152.550,00;;;
;;Air;M.02; m3 ;215;Rp1;Rp215,00;;;
;;;;JUMLAH HARGA BAHAN;;;Rp646.365,00;;;
;C;PERALATAN;;;;;;;;
;;;;JUMLAH HARGA ALAT;;;;;;
;D;Jumlah (A+B+C);;;;;Rp838.946,00;;;
;E;Overhead & Profit 9,5%;;;0,095;;Rp79.699,87;;;
PB3;F;Harga Satuan Pekerjaan (D+E);;;;;Rp918.645,87;3;;
;;;;;;;;;;
;Membuat 1 m3 lantai kerja beton mutu f’c = 7,4 MPa (K 100), slump (3-6) cm, w/c = 087;;;;;;;;;
;No;Uraian;Kode;Satuan;Koefisien;Harga Satuan;Jumlah Harga;;;
;A;TENAGA;;;;;;;;
;;Pekerja;L.01;OH;1,2;Rp93.000;Rp111.600,00;;;
;;Tukang Batu;L.02;OH;0,2;Rp98.000;Rp19.600,00;;;
;;Kepala Tukang;L.03;OH;0,02;Rp106.000;Rp2.120,00;;;
;;Mandor;L.04;OH;0,06;Rp111.000;Rp6.660,00;;;
;;;;JUMLAH TENAGA KERJA;;;Rp139.980,00;;;
;B;BAHAN;;;;;;;;
;;Semen portland;M.11; Kg ;230;Rp1.250;Rp287.500,00;;;
;;Pasir Beton;M.47; Kg ;893;Rp150;Rp133.950,00;;;
;;Kerikil (Maks 30 mm);M.45; Kg ;1027;Rp150;Rp154.050,00;;;
;;Air;M.02; m3 ;200;Rp1;Rp200,00;;;
;;;;JUMLAH HARGA BAHAN;;;Rp575.700,00;;;
;C;PERALATAN;;;;;;;;
;;;;JUMLAH HARGA ALAT;;;;;;
;D;Jumlah (A+B+C);;;;;Rp715.680,00;;;
;E;Overhead & Profit 9,5%;;;0,095;;Rp67.989,60;;;
PB4;F;Harga Satuan Pekerjaan (D+E);;;;;Rp783.669,60;4;;
;;;;;;;;;;
;Membuat 1 m3 beton mutu f’ = 14,5 MPa (K 175), slump (12 ±2) cm, w/c = 0,66;;;;;;;;;
;No;Uraian;Kode;Satuan;Koefisien;Harga Satuan;Jumlah Harga;;;
;A;TENAGA;;;;;;;;
;;Pekerja;L.01;OH;1,65;Rp93.000;Rp153.450,00;;;
;;Tukang Batu;L.02;OH;0,275;Rp98.000;Rp26.950,00;;;
;;Kepala Tukang;L.03;OH;0,028;Rp106.000;Rp2.968,00;;;
;;Mandor;L.04;OH;0,083;Rp111.000;Rp9.213,00;;;
;;;;JUMLAH TENAGA KERJA;;;Rp192.581,00;;;
;B;BAHAN;;;;;;;;
;;Semen portland;M.11; Kg ;326;Rp1.250;Rp407.500,00;;;
;;Pasir Beton;M.47; Kg ;760;Rp150;Rp114.000,00;;;
;;Kerikil (Maks 30 mm);M.45; Kg ;1029;Rp150;Rp154.350,00;;;
;;Air;M.02; m3 ;215;Rp1;Rp215,00;;;
;;;;JUMLAH HARGA BAHAN;;;Rp676.065,00;;;
;C;PERALATAN;;;;;;;;
;;;;JUMLAH HARGA ALAT;;;;;;
;D;Jumlah (A+B+C);;;;;Rp868.646,00;;;
;E;Overhead & Profit 9,5%;;;0,095;;Rp82.521,37;;;
PB5;F;Harga Satuan Pekerjaan (D+E);;;;;Rp951.167,37;5;;
;;;;;;;;;;
;Membuat 1 m3 beton mutu f’= 16,9 MPa (K 200), slump (120 ± 20) mm, w/c = 0,61;;;;;;;;;
;No;Uraian;Kode;Satuan;Koefisien;Harga Satuan;Jumlah Harga;;;
;A;TENAGA;;;;;;;;
;;Pekerja;L.01;OH;1,65;Rp93.000;Rp153.450,00;;;
;;Tukang Batu;L.02;OH;0,275;Rp98.000;Rp26.950,00;;;
;;Kepala Tukang;L.03;OH;0,028;Rp106.000;Rp2.968,00;;;
;;Mandor;L.04;OH;0,083;Rp111.000;Rp9.213,00;;;
;;;;JUMLAH TENAGA KERJA;;;Rp192.581,00;;;
;B;BAHAN;;;;;;;;
;;Semen portland;M.11; Kg ;352;Rp1.250;Rp440.000,00;;;
;;Pasir Beton;M.47; Kg ;731;Rp150;Rp109.650,00;;;
;;Kerikil (Maks 30 mm);M.45; Kg ;1031;Rp150;Rp154.650,00;;;
;;Air;M.02; m3 ;215;Rp1;Rp215,00;;;
;;;;JUMLAH HARGA BAHAN;;;Rp704.515,00;;;
;C;PERALATAN;;;;;;;;
;;;;JUMLAH HARGA ALAT;;;;;;
;D;Jumlah (A+B+C);;;;;Rp897.096,00;;;
;E;Overhead & Profit 9,5%;;;0,095;;Rp85.224,12;;;
PB6;F;Harga Satuan Pekerjaan (D+E);;;;;Rp982.320,12;6;;
;;;;;;;;;;
;Membuat 1 m3 beton mutu f’ = 19,3 MPa (K 225), slump (120 ± 20) mm, w/c = 0,58;;;;;;;;;
;No;Uraian;Kode;Satuan;Koefisien;Harga Satuan;Jumlah Harga;;;
;A;TENAGA;;;;;;;;
;;Pekerja;L.01;OH;1,65;Rp93.000;Rp153.450,00;;;
;;Tukang Batu;L.02;OH;0,275;Rp98.000;Rp26.950,00;;;
;;Kepala Tukang;L.03;OH;0,028;Rp106.000;Rp2.968,00;;;
;;Mandor;L.04;OH;0,083;Rp111.000;Rp9.213,00;;;
;;;;JUMLAH TENAGA KERJA;;;Rp192.581,00;;;
;B;BAHAN;;;;;;;;
;;Semen portland;M.11; Kg ;371;Rp1.250;Rp463.750,00;;;
;;Pasir Beton;M.47; Kg ;698;Rp150;Rp104.700,00;;;
;;Kerikil (Maks 30 mm);M.45; Kg ;1047;Rp150;Rp157.050,00;;;
;;Air;M.02; m3 ;215;Rp1;Rp215,00;;;
;;;;JUMLAH HARGA BAHAN;;;Rp725.715,00;;;
;C;PERALATAN;;;;;;;;
;;;;JUMLAH HARGA ALAT;;;;;;
;D;Jumlah (A+B+C);;;;;Rp918.296,00;;;
;E;Overhead & Profit 9,5%;;;0,095;;Rp87.238,12;;;
PB7;F;Harga Satuan Pekerjaan (D+E);;;;;Rp1.005.534,12;7;;
;;;;;;;;;;
;Membuat 1 m3 beton mutu f’= 21,7 MPa (K 250), slump (120 ± 20) mm, w/c = 0,56;;;;;;;;;
;No;Uraian;Kode;Satuan;Koefisien;Harga Satuan;Jumlah Harga;;;
;A;TENAGA;;;;;;;;
;;Pekerja;L.01;OH;1,65;Rp93.000;Rp153.450,00;;;
;;Tukang Batu;L.02;OH;0,275;Rp98.000;Rp26.950,00;;;
;;Kepala Tukang;L.03;OH;0,028;Rp106.000;Rp2.968,00;;;
;;Mandor;L.04;OH;0,083;Rp111.000;Rp9.213,00;;;
;;;;JUMLAH TENAGA KERJA;;;Rp192.581,00;;;
;B;BAHAN;;;;;;;;
;;Semen portland;M.11; Kg ;384;Rp1.250;Rp480.000,00;;;
;;Pasir Beton;M.47; Kg ;692;Rp150;Rp103.800,00;;;
;;Kerikil (Maks 30 mm);M.45; Kg ;1039;Rp150;Rp155.850,00;;;
;;Air;M.02; m3 ;215;Rp1;Rp215,00;;;
;;;;JUMLAH HARGA BAHAN;;;Rp739.865,00;;;
;C;PERALATAN;;;;;;;;
;;;;JUMLAH HARGA ALAT;;;;;;
;D;Jumlah (A+B+C);;;;;Rp932.446,00;;;
;E;Overhead & Profit 9,5%;;;0,095;;Rp88.582,37;;;
PB8;F;Harga Satuan Pekerjaan (D+E);;;;;Rp1.021.028,37;8;;
;;;;;;;;;;
;Membuat 1 m3 beton mutu f’ = 24,0 MPa (K 275), slump (120 ± 20) mm, w/c = 0,53;;;;;;;;;
;No;Uraian;Kode;Satuan;Koefisien;Harga Satuan;Jumlah Harga;;;
;A;TENAGA;;;;;;;;
;;Pekerja;L.01;OH;1,65;Rp93.000;Rp153.450,00;;;
;;Tukang Batu;L.02;OH;0,275;Rp98.000;Rp26.950,00;;;
;;Kepala Tukang;L.03;OH;0,028;Rp106.000;Rp2.968,00;;;
;;Mandor;L.04;OH;0,083;Rp111.000;Rp9.213,00;;;
;;;;JUMLAH TENAGA KERJA;;;Rp192.581,00;;;
;B;BAHAN;;;;;;;;
;;Semen portland;M.11; Kg ;406;Rp1.250;Rp507.500,00;;;
;;Pasir Beton;M.47; Kg ;684;Rp150;Rp102.600,00;;;
;;Kerikil (Maks 30 mm);M.45; Kg ;1026;Rp150;Rp153.900,00;;;
;;Air;M.02; m3 ;215;Rp1;Rp215,00;;;
;;;;JUMLAH HARGA BAHAN;;;Rp764.215,00;;;
;C;PERALATAN;;;;;;;;
;;;;JUMLAH HARGA ALAT;;;;;;
;D;Jumlah (A+B+C);;;;;Rp956.796,00;;;
;E;Overhead & Profit 9,5%;;;0,095;;Rp90.895,62;;;
PB9;F;Harga Satuan Pekerjaan (D+E);;;;;Rp1.047.691,62;9;;
;;;;;;;;;;
;Membuat 1 m3 beton mutu f’c = 26,4 MPa (K 300), slump (120 ± 20) mm, w/c = 0,52;;;;;;;;;
;No;Uraian;Kode;Satuan;Koefisien;Harga Satuan;Jumlah Harga;;;
;A;TENAGA;;;;;;;;
;;Pekerja;L.01;OH;1,65;Rp93.000;Rp153.450,00;;;
;;Tukang Batu;L.02;OH;0,275;Rp98.000;Rp26.950,00;;;
;;Kepala Tukang;L.03;OH;0,028;Rp106.000;Rp2.968,00;;;
;;Mandor;L.04;OH;0,083;Rp111.000;Rp9.213,00;;;
;;;;JUMLAH TENAGA KERJA;;;Rp192.581,00;;;
;B;BAHAN;;;;;;;;
;;Semen portland;M.11; Kg ;413;Rp1.250;Rp516.250,00;;;
;;Pasir Beton;M.47; Kg ;681;Rp150;Rp102.150,00;;;
;;Kerikil (Maks 30 mm);M.45; Kg ;1021;Rp150;Rp153.150,00;;;
;;Air;M.02; m3 ;215;Rp1;Rp215,00;;;
;;;;JUMLAH HARGA BAHAN;;;Rp771.765,00;;;
;C;PERALATAN;;;;;;;;
;;;;JUMLAH HARGA ALAT;;;;;;
;D;Jumlah (A+B+C);;;;;Rp964.346,00;;;
;E;Overhead & Profit 9,5%;;;0,095;;Rp91.612,87;;;
PB10;F;Harga Satuan Pekerjaan (D+E);;;;;Rp1.055.958,87;10;;
;;;;;;;;;;
;Membuat 1 m3 beton mutu f’c = 28,8 MPa (K 325), slump (120 ± 20) mm, w/c = 0,49;;;;;;;;;
;No;Uraian;Kode;Satuan;Koefisien;Harga Satuan;Jumlah Harga;;;
;A;TENAGA;;;;;;;;
;;Pekerja;L.01;OH;2,1;Rp93.000;Rp195.300,00;;;
;;Tukang Batu;L.02;OH;0,35;Rp98.000;Rp34.300,00;;;
;;Kepala Tukang;L.03;OH;0,035;Rp106.000;Rp3.710,00;;;
;;Mandor;L.04;OH;0,105;Rp111.000;Rp11.655,00;;;
;;;;JUMLAH TENAGA KERJA;;;Rp244.965,00;;;
;B;BAHAN;;;;;;;;
;;Semen portland;M.11; Kg ;439;Rp1.250;Rp548.750,00;;;
;;Pasir Beton;M.47; Kg ;670;Rp150;Rp100.500,00;;;
;;Kerikil (Maks 30 mm);M.45; Kg ;1006;Rp150;Rp150.900,00;;;
;;Air;M.02; m3 ;215;Rp1;Rp215,00;;;
;;;;JUMLAH HARGA BAHAN;;;Rp800.365,00;;;
;C;PERALATAN;;;;;;;;
;;;;JUMLAH HARGA ALAT;;;;;;
;D;Jumlah (A+B+C);;;;;Rp1.045.330,00;;;
;E;Overhead & Profit 9,5%;;;0,095;;Rp99.306,35;;;
PB11;F;Harga Satuan Pekerjaan (D+E);;;;;Rp1.144.636,35;11;;
;;;;;;;;;;
;Membuat 1 m3 beton mutu f’c = 31,2 MPa (K 350), slump (120 ± 20) mm, w/c = 0,48;;;;;;;;;
;No;Uraian;Kode;Satuan;Koefisien;Harga Satuan;Jumlah Harga;;;
;A;TENAGA;;;;;;;;
;;Pekerja;L.01;OH;2,1;Rp93.000;Rp195.300,00;;;
;;Tukang Batu;L.02;OH;0,35;Rp98.000;Rp34.300,00;;;
;;Kepala Tukang;L.03;OH;0,035;Rp106.000;Rp3.710,00;;;
;;Mandor;L.04;OH;0,105;Rp111.000;Rp11.655,00;;;
;;;;JUMLAH TENAGA KERJA;;;Rp244.965,00;;;
;B;BAHAN;;;;;;;;
;;Semen portland;M.11; Kg ;448;Rp1.250;Rp560.000,00;;;
;;Pasir Beton;M.47; Kg ;667;Rp150;Rp100.050,00;;;
;;Kerikil (Maks 30 mm);M.45; Kg ;1000;Rp150;Rp150.000,00;;;
;;Air;M.02; m3 ;215;Rp1;Rp215,00;;;
;;;;JUMLAH HARGA BAHAN;;;Rp810.265,00;;;
;C;PERALATAN;;;;;;;;
;;;;JUMLAH HARGA ALAT;;;;;;
;D;Jumlah (A+B+C);;;;;Rp1.055.230,00;;;
;E;Overhead & Profit 9,5%;;;0,095;;Rp100.246,85;;;
PB12;F;Harga Satuan Pekerjaan (D+E);;;;;Rp1.155.476,85;12;;
;;;;;;;;;;
;Untuk pekerjaan beton pracetak yang bisa diangkat 24 jam diperlukan penambahan bahan ta,bahan sesuai tabel berikut :;;;;;;;;;
;No;Uraian;Kode;Satuan;Koefisien;Harga Satuan;Jumlah Harga;;;
;A;TENAGA;;;;;;;;
;;Pekerja;L.01;OH;2,1;Rp93.000;Rp195.300,00;;;
;;Tukang Batu;L.02;OH;0,35;Rp98.000;Rp34.300,00;;;
;;Kepala Tukang;L.03;OH;0,035;Rp106.000;Rp3.710,00;;;
;;Mandor;L.04;OH;0,105;Rp111.000;Rp11.655,00;;;
;;;;JUMLAH TENAGA KERJA;;;Rp244.965,00;;;
;B;BAHAN;;;;;;;;
;;Semen portland;M.11; Kg ;448;Rp1.250;Rp560.000,00;;;
;;Pasir Beton;M.47; Kg ;667;Rp150;Rp100.050,00;;;
;;Kerikil (Maks 30 mm);M.45; Kg ;1000;Rp150;Rp150.000,00;;;
;;Bahan tambahan kimia;M.498; Liter ;4,5;Rp21.400;Rp96.300,00;;;
;;Air;M.02; m3 ;215;Rp1;Rp215,00;;;
;;;;JUMLAH HARGA BAHAN;;;Rp906.565,00;;;
;C;PERALATAN;;;;;;;;
;;;;JUMLAH HARGA ALAT;;;;;;
;D;Jumlah (A+B+C);;;;;Rp1.151.530,00;;;
;E;Overhead & Profit 9,5%;;;0,095;;Rp109.395,35;;;
;F;Harga Satuan Pekerjaan (D+E);;;;;Rp1.260.925,35;;;
;Catatan : bobot isi pasir = 1400 kg/m3, Buckling factor pasir = 20 %;;;;;;;;;
;;;;;;;;;;
;Membuat 1 m3 beton kedap air dengan strorox - 100;;;;;;;;;
;No;Uraian;Kode;Satuan;Koefisien;Harga Satuan;Jumlah Harga;;;
;A;TENAGA;;;;;;;;
;;Pekerja;L.01;OH;2,1;Rp93.000;Rp195.300,00;;;
;;Tukang Batu;L.02;OH;0,35;Rp98.000;Rp34.300,00;;;
;;Kepala Tukang;L.03;OH;0,035;Rp106.000;Rp3.710,00;;;
;;Mandor;L.04;OH;0,105;Rp111.000;Rp11.655,00;;;
;;;;JUMLAH TENAGA KERJA;;;Rp244.965,00;;;
;B;BAHAN;;;;;;;;
;;Semen portland;M.11; Kg ;400;Rp1.250;Rp500.000,00;;;
;;Pasir Beton;M.47; Kg ;0,48;Rp150;Rp72,00;;;
;;Kerikil (Maks 30 mm);M.45; Kg ;0,8;Rp150;Rp120,00;;;
;;Strorox - 100;M.499; kg ;1,2;Rp159.800;Rp191.760,00;;;
;;;;JUMLAH HARGA BAHAN;;;Rp691.952,00;;;
;C;PERALATAN;;;;;;;;
;;;;JUMLAH HARGA ALAT;;;;;;
;D;Jumlah (A+B+C);;;;;Rp936.917,00;;;
;E;Overhead & Profit 9,5%;;;0,095;;Rp89.007,12;;;
PB13;F;Harga Satuan Pekerjaan (D+E);;;;;Rp1.025.924,12;;;
;;;;;;;;;;
;Pemasangan 1 m’ PVC Waterstop lebar 150 mm;;;;;;;;;
;No;Uraian;Kode;Satuan;Koefisien;Harga Satuan;Jumlah Harga;;;
;A;TENAGA;;;;;;;;
;;Pekerja;L.01;OH;0,06;Rp93.000;Rp5.580,00;;;
;;Tukang Pipa;L.02;OH;0,03;Rp98.000;Rp2.940,00;;;
;;Kepala Tukang;L.03;OH;0,003;Rp106.000;Rp318,00;;;
;;Mandor;L.04;OH;0,003;Rp111.000;Rp333,00;;;
;;;;JUMLAH TENAGA KERJA;;;Rp9.171,00;;;
;B;BAHAN;;;;;;;;
;;Waterstop lebar 150 mm;M.500; m ;1,05;Rp203.300;Rp213.465,00;;;
;;;;JUMLAH HARGA BAHAN;;;Rp213.465,00;;;
;C;PERALATAN;;;;;;;;
;;;;JUMLAH HARGA ALAT;;;;;;
;D;Jumlah (A+B+C);;;;;Rp222.636,00;;;
;E;Overhead & Profit 9,5%;;;0,095;;Rp21.150,42;;;
PB14;F;Harga Satuan Pekerjaan (D+E);;;;;Rp243.786,42;;;
;;;;;;;;;;
;Pemasangan 1 m’ PVC Waterstop lebar 200 mm;;;;;;;;;
;No;Uraian;Kode;Satuan;Koefisien;Harga Satuan;Jumlah Harga;;;
;A;TENAGA;;;;;;;;
;;Pekerja;L.01;OH;0,07;Rp93.000;Rp6.510,00;;;
;;Tukang Pipa;L.02;OH;0,035;Rp98.000;Rp3.430,00;;;
;;Kepala Tukang;L.03;OH;0,004;Rp106.000;Rp424,00;;;
;;Mandor;L.04;OH;0,007;Rp111.000;Rp777,00;;;
;;;;JUMLAH TENAGA KERJA;;;Rp11.141,00;;;
;B;BAHAN;;;;;;;;
;;Waterstop lebar 200 mm;M.501; m ;1,05;Rp264.200;Rp277.410,00;;;
;;;;JUMLAH HARGA BAHAN;;;Rp277.410,00;;;
;C;PERALATAN;;;;;;;;
;;;;JUMLAH HARGA ALAT;;;;;;
;D;Jumlah (A+B+C);;;;;Rp288.551,00;;;
;E;Overhead & Profit 9,5%;;;0,095;;Rp27.412,35;;;
PB15;F;Harga Satuan Pekerjaan (D+E);;;;;Rp315.963,35;;;
;;;;;;;;;;
;Membuat 1 m’ PVC Waterstop lebar 230 mm - 320 mm;;;;;;;;;
;No;Uraian;Kode;Satuan;Koefisien;Harga Satuan;Jumlah Harga;;;
;A;TENAGA;;;;;;;;
;;Pekerja;L.01;OH;0,08;Rp93.000;Rp7.440,00;;;
;;Tukang Batu;L.02;OH;0,04;Rp98.000;Rp3.920,00;;;
;;Kepala Tukang;L.03;OH;0,004;Rp106.000;Rp424,00;;;
;;Mandor;L.04;OH;0,004;Rp111.000;Rp444,00;;;
;;;;JUMLAH TENAGA KERJA;;;Rp12.228,00;;;
;B;BAHAN;;;;;;;;
;;Waterstop lebar 230 mm - 320 mm;M.502; m ;1,05;Rp291.500;Rp306.075,00;;;
;;;;JUMLAH HARGA BAHAN;;;Rp306.075,00;;;
;C;PERALATAN;;;;;;;;
;;;;JUMLAH HARGA ALAT;;;;;;
;D;Jumlah (A+B+C);;;;;Rp318.303,00;;;
;E;Overhead & Profit 9,5%;;;0,095;;Rp30.238,79;;;
PB16;F;Harga Satuan Pekerjaan (D+E);;;;;Rp348.541,79;;;
;;;;;;;;;;
;Pembesian 10 kg dengan besi polos atau besi ulir;;;;;;;;;
;No;Uraian;Kode;Satuan;Koefisien;Harga Satuan;Jumlah Harga;;;
;A;TENAGA;;;;;;;;
;;Pekerja;L.01;OH;0,07;Rp93.000;Rp6.510,00;;;
;;Tukang Besi;L.02;OH;0,07;Rp98.000;Rp6.860,00;;;
;;Kepala Tukang;L.03;OH;0,007;Rp106.000;Rp742,00;;;
;;Mandor;L.04;OH;0,004;Rp111.000;Rp444,00;;;
;;;;JUMLAH TENAGA KERJA;;;Rp14.556,00;;;
;B;BAHAN;;;;;;;;
;;Besi beton (polos/ulir);M.42; Kg ;10,5;Rp10.000;Rp105.000,00;;;
;;Kawat beton;M.194; Kg ;0,15;Rp15.000;Rp2.250,00;;;
;;;;JUMLAH HARGA BAHAN;;;Rp107.250,00;;;
;C;PERALATAN;;;;;;;;
;;;;JUMLAH HARGA ALAT;;;;;;
;D;Jumlah (A+B+C);;;;;Rp121.806,00;;;
;E;Overhead & Profit 9,5%;;;0,095;;Rp11.571,57;;;
PB17;F;Harga Satuan Pekerjaan (D+E);;;;;Rp133.377,57;;;
;;;;;;;;;;
;Pemasangan 10 kg kabel presstressed polos/strands;;;;;;;;;
;No;Uraian;Kode;Satuan;Koefisien;Harga Satuan;Jumlah Harga;;;
;A;TENAGA;;;;;;;;
;;Pekerja;L.01;OH;0,05;Rp93.000;Rp4.650,00;;;
;;Tukang Besi;L.02;OH;0,05;Rp98.000;Rp4.900,00;;;
;;Kepala Tukang;L.03;OH;0,005;Rp106.000;Rp530,00;;;
;;Mandor;L.04;OH;0,003;Rp111.000;Rp333,00;;;
;;;;JUMLAH TENAGA KERJA;;;Rp10.413,00;;;
;B;BAHAN;;;;;;;;
;;Besi beton (polos/ulir);M.42; Kg ;10,5;Rp10.000;Rp105.000,00;;;
;;Kawat beton;M.194; Kg ;0,1;Rp15.000;Rp1.500,00;;;
;;;;JUMLAH HARGA BAHAN;;;Rp106.500,00;;;
;C;PERALATAN;;;;;;;;
;;;;JUMLAH HARGA ALAT;;;;;;
;D;Jumlah (A+B+C);;;;;Rp116.913,00;;;
;E;Overhead & Profit 9,5%;;;0,095;;Rp11.106,74;;;
PB18;F;Harga Satuan Pekerjaan (D+E);;;;;Rp128.019,74;;;
;;;;;;;;;;
;Pemasangan 10 kg jaring kawat baja (wiremesh);;;;;;;;;
;No;Uraian;Kode;Satuan;Koefisien;Harga Satuan;Jumlah Harga;;;
;A;TENAGA;;;;;;;;
;;Pekerja;L.01;OH;0,025;Rp93.000;Rp2.325,00;;;
;;Tukang Besi;L.02;OH;0,025;Rp98.000;Rp2.450,00;;;
;;Kepala Tukang;L.03;OH;0,025;Rp106.000;Rp2.650,00;;;
;;Mandor;L.04;OH;0,001;Rp111.000;Rp111,00;;;
;;;;JUMLAH TENAGA KERJA;;;Rp7.536,00;;;
;B;BAHAN;;;;;;;;
;;Jaring kawat baja dilas;M.304; Kg ;10,2;Rp38.000;Rp387.600,00;;;
;;Kawat beton;M.194; Kg ;0,05;Rp15.000;Rp750,00;;;
;;;;JUMLAH HARGA BAHAN;;;Rp388.350,00;;;
;C;PERALATAN;;;;;;;;
;;;;JUMLAH HARGA ALAT;;;;;;
;D;Jumlah (A+B+C);;;;;Rp395.886,00;;;
;E;Overhead & Profit 9,5%;;;0,095;;Rp37.609,17;;;
PB19;F;Harga Satuan Pekerjaan (D+E);;;;;Rp433.495,17;;;
;;;;;;;;;;
;(K3) Pemasangan 1 m2 bekisting untuk pondasi;;;;;;;;;
;No;Uraian;Kode;Satuan;Koefisien;Harga Satuan;Jumlah Harga;;;
;A;TENAGA;;;;;;;;
;;Pekerja;L.01;OH;0,52;Rp93.000;Rp48.360,00;;;
;;Tukang Kayu;L.02;OH;0,26;Rp98.000;Rp25.480,00;;;
;;Kepala Tukang;L.03;OH;0,026;Rp106.000;Rp2.756,00;;;
;;Mandor;L.04;OH;0,026;Rp111.000;Rp2.886,00;;;
;;;;JUMLAH TENAGA KERJA;;;Rp79.482,00;;;
;B;BAHAN;;;;;;;;
;;Kayu kelas III;M.94; m3 ;0,04;Rp2.088.900;Rp83.556,00;;;
;;Paku 5 - 10 cm;M.200; Kg ;0,3;Rp18.000;Rp5.400,00;;;
;;Minyak bekisting;M.404; L ;0,1;Rp35.000;Rp3.500,00;;;
;;;;JUMLAH HARGA BAHAN;;;Rp92.456,00;;;
;C;PERALATAN;;;;;;;;
;;;;JUMLAH HARGA ALAT;;;;;;
;D;Jumlah (A+B+C);;;;;Rp171.938,00;;;
;E;Overhead & Profit 9,5%;;;0,095;;Rp16.334,11;;;
PB20;F;Harga Satuan Pekerjaan (D+E);;;;;Rp188.272,11;;;
;;;;;;;;;;
;(K3) Pemasangan 1 m2 bekisting untuk sloof;;;;;;;;;
;No;Uraian;Kode;Satuan;Koefisien;Harga Satuan;Jumlah Harga;;;
;A;TENAGA;;;;;;;;
;;Pekerja;L.01;OH;0,52;Rp93.000;Rp48.360,00;;;
;;Tukang Kayu;L.02;OH;0,26;Rp98.000;Rp25.480,00;;;
;;Kepala Tukang;L.03;OH;0,026;Rp106.000;Rp2.756,00;;;
;;Mandor;L.04;OH;0,026;Rp111.000;Rp2.886,00;;;
;;;;JUMLAH TENAGA KERJA;;;Rp79.482,00;;;
;B;BAHAN;;;;;;;;
;;Kayu kelas III;M.94; m3 ;0,045;Rp2.088.900;Rp94.000,50;;;
;;Paku 5 - 10 cm;M.200; Kg ;0,3;Rp18.000;Rp5.400,00;;;
;;Minyak bekisting;M.404; L ;0,1;Rp35.000;Rp3.500,00;;;
;;;;JUMLAH HARGA BAHAN;;;Rp102.900,50;;;
;C;PERALATAN;;;;;;;;
;;;;JUMLAH HARGA ALAT;;;;;;
;D;Jumlah (A+B+C);;;;;Rp182.382,50;;;
;E;Overhead & Profit 9,5%;;;0,095;;Rp17.326,34;;;
PB21;F;Harga Satuan Pekerjaan (D+E);;;;;Rp199.708,84;;;
;;;;;;;;;;
;(K3) Pemasangan 1 m2 bekisting untuk kolom;;;;;;;;;
;No;Uraian;Kode;Satuan;Koefisien;Harga Satuan;Jumlah Harga;;;
;A;TENAGA;;;;;;;;
;;Pekerja;L.01;OH;0,66;Rp93.000;Rp61.380,00;;;
;;Tukang Kayu;L.02;OH;0,33;Rp98.000;Rp32.340,00;;;
;;Kepala Tukang;L.03;OH;0,033;Rp106.000;Rp3.498,00;;;
;;Mandor;L.04;OH;0,033;Rp111.000;Rp3.663,00;;;
;;;;JUMLAH TENAGA KERJA;;;Rp100.881,00;;;
;B;BAHAN;;;;;;;;
;;Kayu kelas III;M.94; m3 ;0,04;Rp2.088.900;Rp83.556,00;;;
;;M.200;M.200; Kg ;0,4;Rp18.000;Rp7.200,00;;;
;;Minyak bekisting;M.404; L ;0,2;Rp35.000;Rp7.000,00;;;
;;Balok kayu kelas II;M.86; m3 ;0,015;Rp7.579.000;Rp113.685,00;;;
;;Plywood 9 mm;M.103; Lembar ;0,35;Rp187.300;Rp65.555,00;;;
;;Dolken kayu Ø 8-10/400 cm;M.74; Batang ;2;Rp62.000;Rp124.000,00;;;
;;;;JUMLAH HARGA BAHAN;;;Rp400.996,00;;;
;;;;Asumsi Bahan Dipakai 2 Kali;;;Rp200.498,00;;;
;C;PERALATAN;;;;;;;;
;;;;JUMLAH HARGA ALAT;;;;;;
;D;Jumlah (A+B+C);;;;;Rp301.379,00;;;
;E;Overhead & Profit 9,5%;;;0,095;;Rp28.631,01;;;
PB22;F;Harga Satuan Pekerjaan (D+E);;;;;Rp330.010,01;;;
;;;;;;;;;;
;(K3) Pemasangan 1 m2 bekisting untuk balok;;;;;;;;;
;No;Uraian;Kode;Satuan;Koefisien;Harga Satuan;Jumlah Harga;;;
;A;TENAGA;;;;;;;;
;;Pekerja;L.01;OH;0,66;Rp93.000;Rp61.380,00;;;
;;Tukang Kayu;L.02;OH;0,33;Rp98.000;Rp32.340,00;;;
;;Kepala Tukang;L.03;OH;0,033;Rp106.000;Rp3.498,00;;;
;;Mandor;L.04;OH;0,033;Rp111.000;Rp3.663,00;;;
;;;;JUMLAH TENAGA KERJA;;;Rp100.881,00;;;
;B;BAHAN;;;;;;;;
;;Kayu kelas III;M.94; m3 ;0,04;Rp2.088.900;Rp83.556,00;;;
;;M.200;M.200; Kg ;0,4;Rp18.000;Rp7.200,00;;;
;;Minyak bekisting;M.404; L ;0,2;Rp35.000;Rp7.000,00;;;
;;Balok kayu kelas II;M.86; m3 ;0,018;Rp7.579.000;Rp136.422,00;;;
;;Plywood 9 mm;M.103; Lembar ;0,35;Rp187.300;Rp65.555,00;;;
;;Dolken kayu Ø 8-10/400 cm;M.74; Batang ;2;Rp62.000;Rp124.000,00;;;
;;;;JUMLAH HARGA BAHAN;;;Rp423.733,00;;;
;;;;Asumsi Bahan Dipakai 2 Kali;;;Rp211.866,50;;;
;C;PERALATAN;;;;;;;;
;;;;JUMLAH HARGA ALAT;;;;;;
;D;Jumlah (A+B+C);;;;;Rp312.747,50;;;
;E;Overhead & Profit 9,5%;;;0,095;;Rp29.711,01;;;
PB23;F;Harga Satuan Pekerjaan (D+E);;;;;Rp342.458,51;;;
;;;;;;;;;;
;(K3) Pemasangan 1 m2 bekisting untuk lantai;;;;;;;;;
;No;Uraian;Kode;Satuan;Koefisien;Harga Satuan;Jumlah Harga;;;
;A;TENAGA;;;;;;;;
;;Pekerja;L.01;OH;0,66;Rp93.000;Rp61.380,00;;;
;;Tukang Kayu;L.02;OH;0,33;Rp98.000;Rp32.340,00;;;
;;Kepala Tukang;L.03;OH;0,033;Rp106.000;Rp3.498,00;;;
;;Mandor;L.04;OH;0,033;Rp111.000;Rp3.663,00;;;
;;;;JUMLAH TENAGA KERJA;;;Rp100.881,00;;;
;B;BAHAN;;;;;;;;
;;Kayu kelas III;M.94; m3 ;0,04;Rp2.088.900;Rp83.556,00;;;
;;Paku;M.200; Kg ;0,4;Rp18.000;Rp7.200,00;;;
;;Minyak bekisting;M.404; L ;0,2;Rp35.000;Rp7.000,00;;;
;;Balok kayu kelas II;M.86; m3 ;0,015;Rp7.579.000;Rp113.685,00;;;
;;Plywood 9 mm;M.103; Lembar ;0,35;Rp187.300;Rp65.555,00;;;
;;Dolken kayu Ø 8-10/400 cm;M.74; Batang ;6;Rp62.000;Rp372.000,00;;;
;;;;JUMLAH HARGA BAHAN;;;Rp648.996,00;;;
;;;;Asumsi Bahan Dipakai 2 Kali;;;Rp324.498,00;;;
;C;PERALATAN;;;;;;;;
;;;;JUMLAH HARGA ALAT;;;;;;
;D;Jumlah (A+B+C);;;;;Rp425.379,00;;;
;E;Overhead & Profit 9,5%;;;0,095;;Rp40.411,01;;;
PB24;F;Harga Satuan Pekerjaan (D+E);;;;;Rp465.790,01;;;
;;;;;;;;;;
;(K3) Pemasangan 1 m2 bekisting untuk dinding;;;;;;;;;
;No;Uraian;Kode;Satuan;Koefisien;Harga Satuan;Jumlah Harga;;;
;A;TENAGA;;;;;;;;
;;Pekerja;L.01;OH;0,66;Rp93.000;Rp61.380,00;;;
;;Tukang Kayu;L.02;OH;0,33;Rp98.000;Rp32.340,00;;;
;;Kepala Tukang;L.03;OH;0,033;Rp106.000;Rp3.498,00;;;
;;Mandor;L.04;OH;0,033;Rp111.000;Rp3.663,00;;;
;;;;JUMLAH TENAGA KERJA;;;Rp100.881,00;;;
;B;BAHAN;;;;;;;;
;;Kayu kelas III;M.94; m3 ;0,03;Rp2.088.900;Rp62.667,00;;;
;;M.200;M.200; Kg ;0,4;Rp18.000;Rp7.200,00;;;
;;Minyak bekisting;M.404; L ;0,2;Rp35.000;Rp7.000,00;;;
;;Balok kayu kelas II;M.86; m3 ;0,02;Rp7.579.000;Rp151.580,00;;;
;;Plywood 9 mm;M.103; Lembar ;0,35;Rp187.300;Rp65.555,00;;;
;;Dolken kayu Ø 8-10/400 cm;M.74; Batang ;3;Rp62.000;Rp186.000,00;;;
;;Penjaga jarak bekisting / spacer;;Buah;4;Rp55.000;Rp220.000,00;;;
;;;;JUMLAH HARGA BAHAN;;;Rp700.002,00;;;
;;;;Asumsi Bahan Dipakai 2 Kali;;;Rp350.001,00;;;
;C;PERALATAN;;;;;;;;
;;;;JUMLAH HARGA ALAT;;;;;;
;D;Jumlah (A+B+C);;;;;Rp450.882,00;;;
;E;Overhead & Profit 9,5%;;;0,095;;Rp42.833,79;;;
PB25;F;Harga Satuan Pekerjaan (D+E);;;;;Rp493.715,79;;;
;;;;;;;;;;
;(K3) Pemasangan 1 m2 bekisting untuk tangga;;;;;;;;;
;No;Uraian;Kode;Satuan;Koefisien;Harga Satuan;Jumlah Harga;;;
;A;TENAGA;;;;;;;;
;;Pekerja;L.01;OH;0,66;Rp93.000;Rp61.380,00;;;
;;Tukang Kayu;L.02;OH;0,33;Rp98.000;Rp32.340,00;;;
;;Kepala Tukang;L.03;OH;0,033;Rp106.000;Rp3.498,00;;;
;;Mandor;L.04;OH;0,033;Rp111.000;Rp3.663,00;;;
;;;;JUMLAH TENAGA KERJA;;;Rp100.881,00;;;
;B;BAHAN;;;;;;;;
;;Kayu kelas III;M.94; m3 ;0,03;Rp2.088.900;Rp62.667,00;;;
;;M.200;M.200; Kg ;0,4;Rp18.000;Rp7.200,00;;;
;;Minyak bekisting;M.404; L ;0,15;Rp35.000;Rp5.250,00;;;
;;Balok kayu kelas II;M.86; m3 ;0,015;Rp7.579.000;Rp113.685,00;;;
;;Plywood 9 mm;M.103; Lembar ;0,35;Rp187.300;Rp65.555,00;;;
;;Dolken kayu Ø 8-10/400 cm;M.74; Batang ;2;Rp62.000;Rp124.000,00;;;
;;;;JUMLAH HARGA BAHAN;;;Rp378.357,00;;;
;;;;Asumsi Bahan Dipakai 2 Kali;;;Rp189.178,50;;;
;C;PERALATAN;;;;;;;;
;;;;JUMLAH HARGA ALAT;;;;;;
;D;Jumlah (A+B+C);;;;;Rp290.059,50;;;
;E;Overhead & Profit 9,5%;;;0,095;;Rp27.555,65;;;
PB26;F;Harga Satuan Pekerjaan (D+E);;;;;Rp317.615,15;;;
;;;;;;;;;;
;Pemasangan 1 m2 jembatan untuk pengecoran beton;;;;;;;;;
;No;Uraian;Kode;Satuan;Koefisien;Harga Satuan;Jumlah Harga;;;
;A;TENAGA;;;;;;;;
;;Pekerja;L.01;OH;0,15;Rp93.000;Rp13.950,00;;;
;;Tukang Kayu;L.02;OH;0,05;Rp98.000;Rp4.900,00;;;
;;Kepala Tukang;L.03;OH;0,005;Rp106.000;Rp530,00;;;
;;Mandor;L.04;OH;0,008;Rp111.000;Rp888,00;;;
;;;;JUMLAH TENAGA KERJA;;;Rp20.268,00;;;
;B;BAHAN;;;;;;;;
;;Kayu kelas III (papan);M.94; m3 ;0,0264;Rp2.088.900;Rp55.146,96;;;
;;M.200;M.200; Kg ;0,6;Rp18.000;Rp10.800,00;;;
;;Dolken kayu Ø 8-10/400 cm;M.74; Batang ;0,5;Rp62.000;Rp31.000,00;;;
;;;;JUMLAH HARGA BAHAN;;;Rp96.946,96;;;
;C;PERALATAN;;;;;;;;
;;;;JUMLAH HARGA ALAT;;;;;;
;D;Jumlah (A+B+C);;;;;Rp117.214,96;;;
;E;Overhead & Profit 9,5%;;;0,095;;Rp11.135,42;;;
PB27;F;Harga Satuan Pekerjaan (D+E);;;;;Rp128.350,38;;;
;;;;;;;;;;
;Membuat 1 m3 pondasi beton bertulang (150 kg besi + bekisting);;;;;;;;;
;No;Uraian;Kode;Satuan;Koefisien;Harga Satuan;Jumlah Harga;;;
;A;TENAGA;;;;;;;;
;;Pekerja;L.01;OH;5,3;Rp93.000;Rp492.900,00;;;
;;Tukang Batu;L.02;OH;0,275;Rp98.000;Rp26.950,00;;;
;;Tukang kayu;L.02;OH;1,3;Rp98.000;Rp127.400,00;;;
;;Tukang besi;L.02;OH;1,05;Rp98.000;Rp102.900,00;;;
;;Kepala tukang;L.03;OH;0,262;Rp106.000;Rp27.772,00;;;
;;Mandor;L.04;OH;0,265;Rp111.000;Rp29.415,00;;;
;;;;JUMLAH TENAGA KERJA;;;Rp807.337,00;;;
;B;BAHAN;;;;;;;;
;;Kayu kelas III;M.94; m3 ;0,2;Rp2.088.900; Rp- ;;;
;;Paku Biasa;M.200; Kg ;1,5;Rp18.000;Rp27.000,00;;;
;;Minyak bekisting;M.404; L ;0,4;Rp35.000;Rp14.000,00;;;
;;Besi beton (polos/ulir);M.42; Kg ;157,5;Rp10.000;Rp1.575.000,00;;;
;;Kawat beton;M.194; Kg ;2,25;Rp15.000;Rp33.750,00;;;
;;Semen portland;M.11; Kg ;336;Rp1.250;Rp420.000,00;;;
;;Pasir Beton;M.46; m3 ;0,54;Rp103.800;Rp56.052,00;;;
;;Kerikil;M.44; m3 ;0,81;Rp222.500;Rp180.225,00;;;
;;;;JUMLAH HARGA BAHAN;;;Rp2.306.027,00;;;
;C;PERALATAN;;;;;;;;
;;;;JUMLAH HARGA ALAT;;;;;;
;D;Jumlah (A+B+C);;;;;Rp3.113.364,00;;;
;E;Overhead & Profit 9,5%;;;0,095;;Rp295.769,58;;;
PB28;F;Harga Satuan Pekerjaan (D+E);;;;;Rp3.409.133,58;;;
;;;;;;;;;;
;Membuat 1 m3 sloof beton bertulang (200 kg besi + bekisting);;;;;;;;;
;No;Uraian;Kode;Satuan;Koefisien;Harga Satuan;Jumlah Harga;;;
;A;TENAGA;;;;;;;;
;;Pekerja;L.01;OH;5,65;Rp93.000;Rp525.450,00;;;
;;Tukang Batu;L.02;OH;0,275;Rp98.000;Rp26.950,00;;;
;;Tukang kayu;L.02;OH;1,56;Rp98.000;Rp152.880,00;;;
;;Tukang besi;L.02;OH;1,4;Rp98.000;Rp137.200,00;;;
;;Kepala tukang;L.03;OH;0,323;Rp106.000;Rp34.238,00;;;
;;Mandor;L.04;OH;0,283;Rp111.000;Rp31.413,00;;;
;;;;JUMLAH TENAGA KERJA;;;Rp908.131,00;;;
;B;BAHAN;;;;;;;;
;;Kayu kelas III;M.94; m3 ;0,27;Rp2.088.900; Rp- ;;;
;;Paku Biasa;M.200; Kg ;2;Rp18.000;Rp36.000,00;;;
;;Minyak bekisting;M.404; L ;0,6;Rp35.000;Rp21.000,00;;;
;;Besi beton (polos/ulir);M.42; Kg ;210;Rp10.000;Rp2.100.000,00;;;
;;Kawat beton;M.194; Kg ;3;Rp15.000;Rp45.000,00;;;
;;Semen portland;M.11; Kg ;336;Rp1.250;Rp420.000,00;;;
;;Pasir Beton;M.46; m3 ;0,54;Rp103.800;Rp56.052,00;;;
;;Kerikil;M.44; m3 ;0,81;Rp222.500;Rp180.225,00;;;
;;;;JUMLAH HARGA BAHAN;;;Rp2.858.277,00;;;
;C;PERALATAN;;;;;;;;
;;;;JUMLAH HARGA ALAT;;;;;;
;D;Jumlah (A+B+C);;;;;Rp3.766.408,00;;;
;E;Overhead & Profit 9,5%;;;0,095;;Rp357.808,76;;;
PB29;F;Harga Satuan Pekerjaan (D+E);;;;;Rp4.124.216,76;;;
;;;;;;;;;;
;Membuat 1 m3 kolom beton bertulang (300 kg besi + bekisting);;;;;;;;;
;No;Uraian;Kode;Satuan;Koefisien;Harga Satuan;Jumlah Harga;;;
;A;TENAGA;;;;;;;;
;;Pekerja;L.01;OH;7,05;Rp93.000;Rp655.650,00;;;
;;Tukang Batu;L.02;OH;0,275;Rp98.000;Rp26.950,00;;;
;;Tukang kayu;L.02;OH;1,65;Rp98.000;Rp161.700,00;;;
;;Tukang besi;L.02;OH;2,1;Rp98.000;Rp205.800,00;;;
;;Kepala tukang;L.03;OH;0,403;Rp106.000;Rp42.718,00;;;
;;Mandor;L.04;OH;0,353;Rp111.000;Rp39.183,00;;;
;;;;JUMLAH TENAGA KERJA;;;Rp1.132.001,00;;;
;B;BAHAN;;;;;;;;
;;Kayu kelas III;M.94; m3 ;0,4;Rp2.088.900;Rp835.560,00;;;
;;Paku Biasa;M.200; Kg ;4;Rp18.000;Rp72.000,00;;;
;;Minyak bekisting;M.404; L ;2;Rp35.000;Rp70.000,00;;;
;;Besi beton (polos/ulir);M.42; Kg ;315;Rp10.000;Rp3.150.000,00;;;
;;Kawat beton;M.194; Kg ;4,5;Rp15.000;Rp67.500,00;;;
;;Semen portland;M.11; Kg ;336;Rp1.250;Rp420.000,00;;;
;;Pasir Beton;M.46; m3 ;0,54;Rp103.800;Rp56.052,00;;;
;;Kerikil;M.44; m3 ;0,81;Rp222.500;Rp180.225,00;;;
;;Kayu kelas II balok;M.86; m3 ;0,15;Rp7.579.000;Rp1.136.850,00;;;
;;Plywood 9 mm;M.103; Lembar ;3,5;Rp187.300;Rp655.550,00;;;
;;Dolken kayu Ø 8-10/400 cm;M.74; Batang ;20;Rp62.000;Rp1.240.000,00;;;
;;;;JUMLAH HARGA BAHAN;;;Rp7.883.737,00;;;
;C;PERALATAN;;;;;;;;
;;;;JUMLAH HARGA ALAT;;;;;;
;D;Jumlah (A+B+C);;;;;Rp9.015.738,00;;;
;E;Overhead & Profit 9,5%;;;0,095;;Rp856.495,11;;;
PB30;F;Harga Satuan Pekerjaan (D+E);;;;;Rp9.872.233,11;;;
;;;;;;;;;;
;Membuat 1 m3 balok beton bertulang (200 kg besi + bekisting);;;;;;;;;
;No;Uraian;Kode;Satuan;Koefisien;Harga Satuan;Jumlah Harga;;;
;A;TENAGA;;;;;;;;
;;Pekerja;L.01;OH;6,35;Rp93.000;Rp590.550,00;;;
;;Tukang Batu;L.02;OH;0,275;Rp98.000;Rp26.950,00;;;
;;Tukang kayu;L.02;OH;1,65;Rp98.000;Rp161.700,00;;;
;;Tukang besi;L.02;OH;1,4;Rp98.000;Rp137.200,00;;;
;;Kepala tukang;L.03;OH;0,333;Rp106.000;Rp35.298,00;;;
;;Mandor;L.04;OH;0,318;Rp111.000;Rp35.298,00;;;
;;;;JUMLAH TENAGA KERJA;;;Rp986.996,00;;;
;B;BAHAN;;;;;;;;
;;Kayu kelas III;M.94; m3 ;0,32;Rp2.088.900;Rp668.448,00;;;
;;Paku Biasa;M.200; Kg ;3,2;Rp18.000;Rp57.600,00;;;
;;Minyak bekisting;M.404; L ;1,6;Rp35.000;Rp56.000,00;;;
;;Besi beton (polos/ulir);M.42; Kg ;210;Rp10.000;Rp2.100.000,00;;;
;;Kawat beton;M.194; Kg ;3;Rp15.000;Rp45.000,00;;;
;;Semen portland;M.11; Kg ;336;Rp1.250;Rp420.000,00;;;
;;Pasir Beton;M.46; m3 ;0,54;Rp103.800;Rp56.052,00;;;
;;Kerikil;M.44; m3 ;0,81;Rp222.500;Rp180.225,00;;;
;;Kayu kelas II balok;M.86; m3 ;0,14;Rp7.579.000;Rp1.061.060,00;;;
;;Plywood 9 mm;M.103; Lembar ;2,8;Rp187.300;Rp524.440,00;;;
;;Dolken kayu Ø 8-10/400 cm;M.74; Batang ;16;Rp62.000;Rp992.000,00;;;
;;;;JUMLAH HARGA BAHAN;;;Rp6.160.825,00;;;
;C;PERALATAN;;;;;;;;
;;;;JUMLAH HARGA ALAT;;;;;;
;D;Jumlah (A+B+C);;;;;Rp7.147.821,00;;;
;E;Overhead & Profit 9,5%;;;0,095;;Rp679.043,00;;;
PB31;F;Harga Satuan Pekerjaan (D+E);;;;;Rp7.826.864,00;;;
;;;;;;;;;;
;Membuat 1 m3 kolom beton bertulang (150 kg besi + bekisting);;;;;;;;;
;No;Uraian;Kode;Satuan;Koefisien;Harga Satuan;Jumlah Harga;;;
;A;TENAGA;;;;;;;;
;;Pekerja;L.01;OH;5,3;Rp93.000;Rp492.900,00;;;
;;Tukang Batu;L.02;OH;0,275;Rp98.000;Rp26.950,00;;;
;;Tukang kayu;L.02;OH;1,3;Rp98.000;Rp127.400,00;;;
;;Tukang besi;L.02;OH;1,05;Rp98.000;Rp102.900,00;;;
;;Kepala tukang;L.03;OH;0,265;Rp106.000;Rp28.090,00;;;
;;Mandor;L.04;OH;0,265;Rp111.000;Rp29.415,00;;;
;;;;JUMLAH TENAGA KERJA;;;Rp807.655,00;;;
;B;BAHAN;;;;;;;;
;;Kayu kelas III;M.94; m3 ;0,32;Rp2.088.900;Rp668.448,00;;;
;;Paku Biasa;M.200; Kg ;3,2;Rp18.000;Rp57.600,00;;;
;;Minyak bekisting;M.404; L ;1,6;Rp35.000;Rp56.000,00;;;
;;Besi beton (polos/ulir);M.42; Kg ;157,5;Rp10.000;Rp1.575.000,00;;;
;;Kawat beton;M.194; Kg ;2,25;Rp15.000;Rp33.750,00;;;
;;Semen portland;M.11; Kg ;336;Rp1.250;Rp420.000,00;;;
;;Pasir Beton;M.46; m3 ;0,54;Rp103.800;Rp56.052,00;;;
;;Kerikil;M.44; m3 ;0,81;Rp222.500;Rp180.225,00;;;
;;Kayu kelas II balok;M.86; m3 ;0,12;Rp7.579.000;Rp909.480,00;;;
;;Plywood 9 mm;M.103; Lembar ;2,8;Rp187.300;Rp524.440,00;;;
;;Dolken kayu Ø 8-10/400 cm;M.74; Batang ;32;Rp62.000;Rp1.984.000,00;;;
;;;;JUMLAH HARGA BAHAN;;;Rp6.464.995,00;;;
;C;PERALATAN;;;;;;;;
;;;;JUMLAH HARGA ALAT;;;;;;
;D;Jumlah (A+B+C);;;;;Rp7.272.650,00;;;
;E;Overhead & Profit 9,5%;;;0,095;;Rp690.901,75;;;
PB32;F;Harga Satuan Pekerjaan (D+E);;;;;Rp7.963.551,75;;;
;;;;;;;;;;
;Membuat 1 m3 dinding beton bertulang (150 kg besi + bekisting);;;;;;;;;
;No;Uraian;Kode;Satuan;Koefisien;Harga Satuan;Jumlah Harga;;;
;A;TENAGA;;;;;;;;
;;Pekerja;L.01;OH;0,53;Rp93.000;Rp49.290,00;;;
;;Tukang Batu;L.02;OH;0,275;Rp98.000;Rp26.950,00;;;
;;Tukang kayu;L.02;OH;1,3;Rp98.000;Rp127.400,00;;;
;;Tukang besi;L.02;OH;1,05;Rp98.000;Rp102.900,00;;;
;;Kepala tukang;L.03;OH;0,262;Rp106.000;Rp27.772,00;;;
;;Mandor;L.04;OH;0,265;Rp111.000;Rp29.415,00;;;
;;;;JUMLAH TENAGA KERJA;;;Rp363.727,00;;;
;B;BAHAN;;;;;;;;
;;Kayu kelas III;M.94; m3 ;0,24;Rp2.088.900;Rp501.336,00;;;
;;Paku Biasa;M.200; Kg ;3,2;Rp18.000;Rp57.600,00;;;
;;Minyak bekisting;M.404; L ;1,6;Rp35.000;Rp56.000,00;;;
;;Besi beton (polos/ulir);M.42; Kg ;157,5;Rp10.000;Rp1.575.000,00;;;
;;Kawat beton;M.194; Kg ;2,25;Rp15.000;Rp33.750,00;;;
;;Semen portland;M.11; Kg ;336;Rp1.250;Rp420.000,00;;;
;;Pasir Beton;M.46; m3 ;0,54;Rp103.800;Rp56.052,00;;;
;;Kerikil;M.44; m3 ;0,81;Rp222.500;Rp180.225,00;;;
;;Kayu kelas II balok;M.86; m3 ;0,16;Rp7.579.000;Rp1.212.640,00;;;
;;Plywood 9 mm;M.103; Lembar ;2,8;Rp187.300;Rp524.440,00;;;
;;Dolken kayu Ø 8-10/400 cm;M.74; Batang ;24;Rp62.000;Rp1.488.000,00;;;
;;;;JUMLAH HARGA BAHAN;;;Rp6.105.043,00;;;
;C;PERALATAN;;;;;;;;
;;;;JUMLAH HARGA ALAT;;;;;;
;D;Jumlah (A+B+C);;;;;Rp6.468.770,00;;;
;E;Overhead & Profit 9,5%;;;0,095;;Rp614.533,15;;;
PB33;F;Harga Satuan Pekerjaan (D+E);;;;;Rp7.083.303,15;;;
;;;;;;;;;;
;Membuat 1 m3 dinding beton bertulang (200 kg besi + bekisting);;;;;;;;;
;No;Uraian;Kode;Satuan;Koefisien;Harga Satuan;Jumlah Harga;;;
;A;TENAGA;;;;;;;;
;;Pekerja;L.01;OH;5,65;Rp93.000;Rp525.450,00;;;
;;Tukang Batu;L.02;OH;0,275;Rp98.000;Rp26.950,00;;;
;;Tukang kayu;L.02;OH;1,56;Rp98.000;Rp152.880,00;;;
;;Tukang besi;L.02;OH;1,4;Rp98.000;Rp137.200,00;;;
;;Kepala tukang;L.03;OH;0,323;Rp106.000;Rp34.238,00;;;
;;Mandor;L.04;OH;0,283;Rp111.000;Rp31.413,00;;;
;;;;JUMLAH TENAGA KERJA;;;Rp908.131,00;;;
;B;BAHAN;;;;;;;;
;;Kayu kelas III;M.94; m3 ;0,25;Rp2.088.900;Rp522.225,00;;;
;;Paku Biasa;M.200; Kg ;3;Rp18.000;Rp54.000,00;;;
;;Minyak bekisting;M.404; L ;1,2;Rp35.000;Rp42.000,00;;;
;;Besi beton (polos/ulir);M.42; Kg ;210;Rp10.000;Rp2.100.000,00;;;
;;Kawat beton;M.194; Kg ;3;Rp15.000;Rp45.000,00;;;
;;Semen portland;M.11; Kg ;336;Rp1.250;Rp420.000,00;;;
;;Pasir Beton;M.46; m3 ;0,54;Rp103.800;Rp56.052,00;;;
;;Kerikil;M.44; m3 ;0,81;Rp222.500;Rp180.225,00;;;
;;Kayu kelas II balok;M.86; m3 ;0,105;Rp7.579.000;Rp795.795,00;;;
;;Plywood 9 mm;M.103; Lembar ;2,5;Rp187.300;Rp468.250,00;;;
;;Dolken kayu Ø 8-10/400 cm;M.74; Batang ;14;Rp62.000;Rp868.000,00;;;
;;;;JUMLAH HARGA BAHAN;;;Rp5.551.547,00;;;
;C;PERALATAN;;;;;;;;
;;;;JUMLAH HARGA ALAT;;;;;;
;D;Jumlah (A+B+C);;;;;Rp6.459.678,00;;;
;E;Overhead & Profit 9,5%;;;0,095;;Rp613.669,41;;;
PB34;F;Harga Satuan Pekerjaan (D+E);;;;;Rp7.073.347,41;;;
;;;;;;;;;;
;Membuat 1 m’ kolom praktis beton bertulang (11 x 11) cm;;;;;;;;;
;No;Uraian;Kode;Satuan;Koefisien;Harga Satuan;Jumlah Harga;;;
;A;TENAGA;;;;;;;;
;;Pekerja;L.01;OH;0,18;Rp93.000;Rp16.740,00;;;
;;Tukang Batu;L.02;OH;0,02;Rp98.000;Rp1.960,00;;;
;;Tukang kayu;L.02;OH;0,02;Rp98.000;Rp1.960,00;;;
;;Tukang besi;L.02;OH;0,02;Rp98.000;Rp1.960,00;;;
;;Kepala tukang;L.03;OH;0,006;Rp106.000;Rp636,00;;;
;;Mandor;L.04;OH;0,009;Rp111.000;Rp999,00;;;
;;;;JUMLAH TENAGA KERJA;;;Rp24.255,00;;;
;B;BAHAN;;;;;;;;
;;Kayu kelas III;M.94; m3 ;0,002;Rp2.088.900;Rp4.177,80;;;
;;Paku Biasa;M.200; Kg ;0,01;Rp18.000;Rp180,00;;;
;;Minyak bekisting;M.404; L ;1,2;Rp35.000;Rp42.000,00;;;
;;Besi beton (polos/ulir);M.42; Kg ;3;Rp10.000;Rp30.000,00;;;
;;Kawat beton;M.194; Kg ;0,45;Rp15.000;Rp6.750,00;;;
;;Semen portland;M.11; Kg ;4;Rp1.250;Rp5.000,00;;;
;;Pasir Beton;M.46; m3 ;0,006;Rp103.800;Rp622,80;;;
;;Kerikil;M.44; m3 ;0,009;Rp222.500;Rp2.002,50;;;
;;;;JUMLAH HARGA BAHAN;;;Rp90.733,10;;;
;C;PERALATAN;;;;;;;;
;;;;JUMLAH HARGA ALAT;;;;;;
;D;Jumlah (A+B+C);;;;;Rp114.988,10;;;
;E;Overhead & Profit 9,5%;;;0,095;;Rp10.923,87;;;
PB35;F;Harga Satuan Pekerjaan (D+E);;;;;Rp125.911,97;;;
;;;;;;;;;;
;Membuat 1 m’ ring balok beton bertulang (10 x 15) cm;;;;;;;;;
;No;Uraian;Kode;Satuan;Koefisien;Harga Satuan;Jumlah Harga;;;
;A;TENAGA;;;;;;;;
;;Pekerja;L.01;OH;0,297;Rp93.000;Rp27.621,00;;;
;;Tukang Batu;L.02;OH;0,033;Rp98.000;Rp3.234,00;;;
;;Tukang kayu;L.02;OH;0,033;Rp98.000;Rp3.234,00;;;
;;Tukang besi;L.02;OH;0,033;Rp98.000;Rp3.234,00;;;
;;Kepala tukang;L.03;OH;0,01;Rp106.000;Rp1.060,00;;;
;;Mandor;L.04;OH;0,015;Rp111.000;Rp1.665,00;;;
;;;;JUMLAH TENAGA KERJA;;;Rp40.048,00;;;
;B;BAHAN;;;;;;;;
;;Kayu kelas III;M.94; m3 ;0,003;Rp2.088.900;Rp6.266,70;;;
;;Paku Biasa;M.200; Kg ;0,02;Rp18.000;Rp360,00;;;
;;Minyak bekisting;M.404; L ;1,2;Rp35.000;Rp42.000,00;;;
;;Besi beton (polos/ulir);M.42; Kg ;3,6;Rp10.000;Rp36.000,00;;;
;;Kawat beton;M.194; Kg ;0,05;Rp15.000;Rp750,00;;;
;;Semen portland;M.11; Kg ;5,5;Rp1.250;Rp6.875,00;;;
;;Pasir Beton;M.46; m3 ;0,009;Rp103.800;Rp934,20;;;
;;Kerikil;M.44; m3 ;0,015;Rp222.500;Rp3.337,50;;;
;;;;JUMLAH HARGA BAHAN;;;Rp96.523,40;;;
;C;PERALATAN;;;;;;;;
;;;;JUMLAH HARGA ALAT;;;;;;
;D;Jumlah (A+B+C);;;;;Rp136.571,40;;;
;E;Overhead & Profit 9,5%;;;0,095;;Rp12.974,28;;;
PB36;F;Harga Satuan Pekerjaan (D+E);;;;;Rp149.545,68;;;
;;;;;;;;;;
;HARGA SATUAN PEKERJAAN BETON PRACETAK;;;;;;;;;
;(K3) Pembuatan 1 m2 lahan produksi tebal 8cm beton f’c 14,5 Mpa (K 175) slump (120 ± 20) mm;;;;;;;;;
;No;Uraian;Kode;Satuan;Koefisien;Harga Satuan;Jumlah Harga;;;
;A;TENAGA;;;;;;;;
;;Pekerja;L.01;OH;0,132;Rp93.000;Rp12.276,00;;;
;;Tukang Batu;L.02;OH;0,022;Rp98.000;Rp2.156,00;;;
;;Kepala tukang;L.03;OH;0,002;Rp106.000;Rp212,00;;;
;;Mandor;L.04;OH;0,007;Rp111.000;Rp777,00;;;
;;;;JUMLAH TENAGA KERJA;;;Rp15.421,00;;;
;B;BAHAN;;;;;;;;
;;Semen portland;M.11; Kg ;26,08;Rp1.250;Rp32.600,00;;;
;;Pasir beton;M.47; Kg ;60,8;Rp150;Rp9.120,00;;;
;;Kerikil (Maks 30 mm);M.45; Kg ;82,32;Rp150;Rp12.348,00;;;
;;Air;M.02; m3 ;17,2;Rp1;Rp17,20;;;
;;;;JUMLAH HARGA BAHAN;;;Rp54.085,20;;;
;C;PERALATAN;;;;;;;;
;;;;JUMLAH HARGA ALAT;;;;;;
;D;Jumlah (A+B+C);;;;;Rp69.506,20;;;
;E;Overhead & Profit 9,5%;;;0,095;;Rp6.603,09;;;
PB37;F;Harga Satuan Pekerjaan (D+E);;;;;Rp76.109,29;;;
;;;;;;;;;;
;(K3) Pembuatan 1 m2 lahan produksi tebal 10 cm beton f’c 14,5 Mpa (K 175) slump (120 ± 20) mm;;;;;;;;;
;No;Uraian;Kode;Satuan;Koefisien;Harga Satuan;Jumlah Harga;;;
;A;TENAGA;;;;;;;;
;;Pekerja;L.01;OH;0,165;Rp93.000;Rp15.345,00;;;
;;Tukang Batu;L.02;OH;0,028;Rp98.000;Rp2.744,00;;;
;;Kepala tukang;L.03;OH;0,003;Rp106.000;Rp318,00;;;
;;Mandor;L.04;OH;0,008;Rp111.000;Rp888,00;;;
;;;;JUMLAH TENAGA KERJA;;;Rp19.295,00;;;
;B;BAHAN;;;;;;;;
;;Semen portland;M.11; Kg ;32,6;Rp1.250;Rp40.750,00;;;
;;Pasir beton;M.47; Kg ;76;Rp150;Rp11.400,00;;;
;;Kerikil (Maks 30 mm);M.45; Kg ;102,9;Rp150;Rp15.435,00;;;
;;Air;M.02; m3 ;21,5;Rp1;Rp21,50;;;
;;;;JUMLAH HARGA BAHAN;;;Rp67.606,50;;;
;C;PERALATAN;;;;;;;;
;;;;JUMLAH HARGA ALAT;;;;;;
;D;Jumlah (A+B+C);;;;;Rp86.901,50;;;
;E;Overhead & Profit 9,5%;;;0,095;;Rp8.255,64;;;
PB38;F;Harga Satuan Pekerjaan (D+E);;;;;Rp95.157,14;;;
;;;;;;;;;;
;(K3) Pembuatan 1 m2 lahan produksi tebal 12 cm beton f’c 14,5 Mpa (K 175) slump (120 ± 20) mm;;;;;;;;;
;No;Uraian;Kode;Satuan;Koefisien;Harga Satuan;Jumlah Harga;;;
;A;TENAGA;;;;;;;;
;;Pekerja;L.01;OH;0,198;Rp93.000;Rp18.414,00;;;
;;Tukang Batu;L.02;OH;0,033;Rp98.000;Rp3.234,00;;;
;;Kepala tukang;L.03;OH;0,003;Rp106.000;Rp318,00;;;
;;Mandor;L.04;OH;0,01;Rp111.000;Rp1.110,00;;;
;;;;JUMLAH TENAGA KERJA;;;Rp23.076,00;;;
;B;BAHAN;;;;;;;;
;;Semen portland;M.11; Kg ;32,12;Rp1.250;Rp40.150,00;;;
;;Pasir beton;M.47; Kg ;91,2;Rp150;Rp13.680,00;;;
;;Kerikil (Maks 30 mm);M.45; Kg ;123,48;Rp150;Rp18.522,00;;;
;;Air;M.02; m3 ;25,8;Rp1;Rp25,80;;;
;;;;JUMLAH HARGA BAHAN;;;Rp72.377,80;;;
;C;PERALATAN;;;;;;;;
;;;;JUMLAH HARGA ALAT;;;;;;
;D;Jumlah (A+B+C);;;;;Rp95.453,80;;;
;E;Overhead & Profit 9,5%;;;0,095;;Rp9.068,11;;;
PB39;F;Harga Satuan Pekerjaan (D+E);;;;;Rp104.521,91;;;
;;;;;;;;;;
;(K3) Pembuatan 1 m2 lahan produksi tebal 15 cm beton f’c 14,5 Mpa (K 175) slump (120 ± 20) mm;;;;;;;;;
;No;Uraian;Kode;Satuan;Koefisien;Harga Satuan;Jumlah Harga;;;
;A;TENAGA;;;;;;;;
;;Pekerja;L.01;OH;0,248;Rp93.000;Rp23.064,00;;;
;;Tukang Batu;L.02;OH;0,041;Rp98.000;Rp4.018,00;;;
;;Kepala tukang;L.03;OH;0,004;Rp106.000;Rp424,00;;;
;;Mandor;L.04;OH;0,013;Rp111.000;Rp1.443,00;;;
;;;;JUMLAH TENAGA KERJA;;;Rp28.949,00;;;
;B;BAHAN;;;;;;;;
;;Semen portland;M.11; Kg ;48,9;Rp1.250;Rp61.125,00;;;
;;Pasir beton;M.47; Kg ;114;Rp150;Rp17.100,00;;;
;;Kerikil (Maks 30 mm);M.45; Kg ;154,35;Rp150;Rp23.152,50;;;
;;Air;M.02; m3 ;32,25;Rp1;Rp32,25;;;
;;;;JUMLAH HARGA BAHAN;;;Rp101.409,75;;;
;C;PERALATAN;;;;;;;;
;;;;JUMLAH HARGA ALAT;;;;;;
;D;Jumlah (A+B+C);;;;;Rp130.358,75;;;
;E;Overhead & Profit 9,5%;;;0,095;;Rp12.384,08;;;
PB40;F;Harga Satuan Pekerjaan (D+E);;;;;Rp142.742,83;;;
;;;;;;;;;;
;Pembuatan 1 m2 bekisting untuk plat beton pracetak ( 5 kali pakai);;;;;;;;;
;No;Uraian;Kode;Satuan;Koefisien;Harga Satuan;Jumlah Harga;;;
;A;TENAGA;;;;;;;;
;;Pekerja;L.01;OH;0,007;Rp93.000;Rp651,00;;;
;;Tukang Batu;L.02;OH;0,076;Rp98.000;Rp7.448,00;;;
;;Kepala tukang;L.03;OH;0,008;Rp106.000;Rp848,00;;;
;;Mandor;L.04;OH;0,001;Rp111.000;Rp111,00;;;
;;;;JUMLAH TENAGA KERJA;;;Rp9.058,00;;;
;B;BAHAN;;;;;;;;
;;Lantai kerja tebal 10cm;M.503; m3 ;0,08;Rp390.600;Rp31.248,00;;;
;;Besi hollow 50.50.3;M.504; Kg ;9,394;Rp16.200;Rp152.182,80;;;
;;Kayu kaso 5/7;M.86; m3 ;0,005;Rp7.579.000;Rp37.895,00;;;
;;Phenol film 12mm;M.505; Lbr ;0,08;Rp213.400;Rp17.072,00;;;
;;Minyak bekisting;M.404; L ;0,2;Rp35.000;Rp7.000,00;;;
;;Dynabol dia 12 x 120 mm;M.175; Buah ;3,882;Rp15.600;Rp60.559,20;;;
;;;;JUMLAH HARGA BAHAN;;;Rp305.957,00;;;
;C;PERALATAN;;;;;;;;
;;;;JUMLAH HARGA ALAT;;;;;;
;D;Jumlah (A+B+C);;;;;Rp315.015,00;;;
;E;Overhead & Profit 9,5%;;;0,095;;Rp29.926,43;;;
PB41;F;Harga Satuan Pekerjaan (D+E);;;;;Rp344.941,43;;;
;;;;;;;;;;
;Pembuatan 1 m2 bekisting untuk balok beton pracetak ( 10-12 kali pakai);;;;;;;;;
;No;Uraian;Kode;Satuan;Koefisien;Harga Satuan;Jumlah Harga;;;
;A;TENAGA;;;;;;;;
;;Pekerja;L.01;OH;0,004;Rp93.000;Rp372,00;;;
;;Tukang Batu;L.02;OH;0,038;Rp98.000;Rp3.724,00;;;
;;Kepala tukang;L.03;OH;0,004;Rp106.000;Rp424,00;;;
;;Mandor;L.04;OH;0,001;Rp111.000;Rp111,00;;;
;;;;JUMLAH TENAGA KERJA;;;Rp4.631,00;;;
;B;BAHAN;;;;;;;;
;;Kayu kaso 5/7;M.86; m3 ;0,005;Rp7.579.000;Rp37.895,00;;;
;;Phenol film 12mm;M.505; Lbr ;0,043;Rp213.400;Rp9.176,20;;;
;;Minyak bekisting;M.404; L ;0,2;Rp35.000;Rp7.000,00;;;
;;Dynabol dia 12 x 120 mm;M.175; Buah ;0,693;Rp15.600;Rp10.810,80;;;
;;;;JUMLAH HARGA BAHAN;;;Rp64.882,00;;;
;C;PERALATAN;;;;;;;;
;;;;JUMLAH HARGA ALAT;;;;;;
;D;Jumlah (A+B+C);;;;;Rp69.513,00;;;
;E;Overhead & Profit 9,5%;;;0,095;;Rp6.603,74;;;
PB42;F;Harga Satuan Pekerjaan (D+E);;;;;Rp76.116,74;;;
;;;;;;;;;;
;Pembuatan 1 m2 bekisting untuk kolom beton pracetak (10-12 kali pakai);;;;;;;;;
;No;Uraian;Kode;Satuan;Koefisien;Harga Satuan;Jumlah Harga;;;
;A;TENAGA;;;;;;;;
;;Pekerja;L.01;OH;0,004;Rp93.000;Rp372,00;;;
;;Tukang Batu;L.02;OH;0,038;Rp98.000;Rp3.724,00;;;
;;Kepala tukang;L.03;OH;0,004;Rp106.000;Rp424,00;;;
;;Mandor;L.04;OH;0,001;Rp111.000;Rp111,00;;;
;;;;JUMLAH TENAGA KERJA;;;Rp4.631,00;;;
;B;BAHAN;;;;;;;;
;;Kayu kaso 5/7;M.86; m3 ;0,004;Rp7.579.000;Rp30.316,00;;;
;;Phenol film 12mm;M.505; Lbr ;0,048;Rp213.400;Rp10.243,20;;;
;;Minyak bekisting;M.404; L ;0,2;Rp35.000;Rp7.000,00;;;
;;Paku Biasa;M.200; Kg ;0,046;Rp18.000;Rp828,00;;;
;;Dynabol dia 12 x 120 mm;M.175; Buah ;0,693;Rp15.600;Rp10.810,80;;;
;;;;JUMLAH HARGA BAHAN;;;Rp59.198,00;;;
;C;PERALATAN;;;;;;;;
;;;;JUMLAH HARGA ALAT;;;;;;
;D;Jumlah (A+B+C);;;;;Rp63.829,00;;;
;E;Overhead & Profit 9,5%;;;0,095;;Rp6.063,76;;;
PB43;F;Harga Satuan Pekerjaan (D+E);;;;;Rp69.892,76;;;
;;;;;;;;;;
;Pemasangan dan membuka bekisting 1 buah komponen plat beton pracetak;;;;;;;;;
;No;Uraian;Kode;Satuan;Koefisien;Harga Satuan;Jumlah Harga;;;
;A;TENAGA;;;;;;;;
;;Pekerja;L.01;OH;0,053;Rp93.000;Rp4.929,00;;;
;;Tukang kayu;L.02;OH;0,018;Rp98.000;Rp1.764,00;;;
;;Mandor;L.04;OH;0,005;Rp111.000;Rp555,00;;;
;;;;JUMLAH TENAGA KERJA;;;Rp7.248,00;;;
;B;BAHAN;;;;;;;;
;;;;JUMLAH HARGA BAHAN;;;;;;
;C;PERALATAN;;;;;;;;
;;;;JUMLAH HARGA ALAT;;;;;;
;D;Jumlah (A+B+C);;;;;Rp7.248,00;;;
;E;Overhead & Profit 9,5%;;;0,095;;Rp688,56;;;
PB44;F;Harga Satuan Pekerjaan (D+E);;;;;Rp7.936,56;;;
;;;;;;;;;;
;Pemasangan dan membuka bekisting 1 buah komponen balok beton pracetak;;;;;;;;;
;No;Uraian;Kode;Satuan;Koefisien;Harga Satuan;Jumlah Harga;;;
;A;TENAGA;;;;;;;;
;;Pekerja;L.01;OH;0,089;Rp93.000;Rp8.277,00;;;
;;Tukang kayu;L.02;OH;0,03;Rp98.000;Rp2.940,00;;;
;;Mandor;L.04;OH;0,005;Rp111.000;Rp555,00;;;
;;;;JUMLAH TENAGA KERJA;;;Rp11.772,00;;;
;B;BAHAN;;;;;;;;
;;;;JUMLAH HARGA BAHAN;;;;;;
;C;PERALATAN;;;;;;;;
;;;;JUMLAH HARGA ALAT;;;;;;
;D;Jumlah (A+B+C);;;;;Rp11.772,00;;;
;E;Overhead & Profit 9,5%;;;0,095;;Rp1.118,34;;;
PB45;F;Harga Satuan Pekerjaan (D+E);;;;;Rp12.890,34;;;
;;;;;;;;;;
;Pemasangan dan membuka bekisting 1 buah komponen Kolom beton pracetak;;;;;;;;;
;No;Uraian;Kode;Satuan;Koefisien;Harga Satuan;Jumlah Harga;;;
;A;TENAGA;;;;;;;;
;;Pekerja;L.01;OH;0,071;Rp93.000;Rp6.603,00;;;
;;Tukang kayu;L.02;OH;0,024;Rp98.000;Rp2.352,00;;;
;;Mandor;L.04;OH;0,005;Rp111.000;Rp555,00;;;
;;;;JUMLAH TENAGA KERJA;;;Rp9.510,00;;;
;B;BAHAN;;;;;;;;
;;;;JUMLAH HARGA BAHAN;;;;;;
;C;PERALATAN;;;;;;;;
;;;;JUMLAH HARGA ALAT;;;;;;
;D;Jumlah (A+B+C);;;;;Rp9.510,00;;;
;E;Overhead & Profit 9,5%;;;0,095;;Rp903,45;;;
PB46;F;Harga Satuan Pekerjaan (D+E);;;;;Rp10.413,45;;;
;;;;;;;;;;
;Penuangan/menebar beton untuk 1 buah komponen plat pracetak;;;;;;;;;
;No;Uraian;Kode;Satuan;Koefisien;Harga Satuan;Jumlah Harga;;;
;A;TENAGA;;;;;;;;
;;Pekerja;L.01;OH;0,064;Rp93.000;Rp5.952,00;;;
;;Tukang Batu;L.02;OH;0,244;Rp98.000;Rp23.912,00;;;
;;Tukang vibrator;L.02;OH;0,128;Rp98.000;Rp12.544,00;;;
;;Kepala Tukang;L.03;OH;0,034;Rp106.000;Rp3.604,00;;;
;;Mandor;L.04;OH;0,073;Rp111.000;Rp8.103,00;;;
;;;;JUMLAH TENAGA KERJA;;;Rp54.115,00;;;
;B;BAHAN;;;;;;;;
;;;;JUMLAH HARGA BAHAN;;;;;;
;C;PERALATAN;;;;;;;;
;;;;JUMLAH HARGA ALAT;;;;;;
;D;Jumlah (A+B+C);;;;;Rp54.115,00;;;
;E;Overhead & Profit 9,5%;;;0,095;;Rp5.140,93;;;
PB47;F;Harga Satuan Pekerjaan (D+E);;;;;Rp59.255,93;;;
;;;;;;;;;;
;Penuangan/menebar beton untuk 1 buah komponen balok pracetak;;;;;;;;;
;No;Uraian;Kode;Satuan;Koefisien;Harga Satuan;Jumlah Harga;;;
;A;TENAGA;;;;;;;;
;;Pekerja;L.01;OH;0,069;Rp93.000;Rp6.417,00;;;
;;Tukang Batu;L.02;OH;0,242;Rp98.000;Rp23.716,00;;;
;;Tukang vibrator;L.02;OH;0,138;Rp98.000;Rp13.524,00;;;
;;Kepala Tukang;L.03;OH;0,037;Rp106.000;Rp3.922,00;;;
;;Mandor;L.04;OH;0,073;Rp111.000;Rp8.103,00;;;
;;;;JUMLAH TENAGA KERJA;;;Rp55.682,00;;;
;B;BAHAN;;;;;;;;
;;;;JUMLAH HARGA BAHAN;;;;;;
;C;PERALATAN;;;;;;;;
;;;;JUMLAH HARGA ALAT;;;;;;
;D;Jumlah (A+B+C);;;;;Rp55.682,00;;;
;E;Overhead & Profit 9,5%;;;0,095;;Rp5.289,79;;;
PB48;F;Harga Satuan Pekerjaan (D+E);;;;;Rp60.971,79;;;
;;;;;;;;;;
;Penuangan/menebar beton untuk 1 buah komponen kolom pracetak;;;;;;;;;
;No;Uraian;Kode;Satuan;Koefisien;Harga Satuan;Jumlah Harga;;;
;A;TENAGA;;;;;;;;
;;Pekerja;L.01;OH;0,061;Rp93.000;Rp5.673,00;;;
;;Tukang Batu;L.02;OH;0,213;Rp98.000;Rp20.874,00;;;
;;Tukang vibrator;L.02;OH;0,122;Rp98.000;Rp11.956,00;;;
;;Kepala Tukang;L.03;OH;0,033;Rp106.000;Rp3.498,00;;;
;;Mandor;L.04;OH;0,073;Rp111.000;Rp8.103,00;;;
;;;;JUMLAH TENAGA KERJA;;;Rp50.104,00;;;
;B;BAHAN;;;;;;;;
;;;;JUMLAH HARGA BAHAN;;;;;;
;C;PERALATAN;;;;;;;;
;;;;JUMLAH HARGA ALAT;;;;;;
;D;Jumlah (A+B+C);;;;;Rp50.104,00;;;
;E;Overhead & Profit 9,5%;;;0,095;;Rp4.759,88;;;
PB49;F;Harga Satuan Pekerjaan (D+E);;;;;Rp54.863,88;;;
;;;;;;;;;;
;Ereksi 1 buah komponen untuk pelat pracetak;;;;;;;;;
;No;Uraian;Kode;Satuan;Koefisien;Harga Satuan;Jumlah Harga;;;
;A;TENAGA;;;;;;;;
;;Operator crane;L.05;OH;0,067;Rp158.700;Rp10.632,90;;;
;;Pembantu operator crane;L.06;OH;0,067;Rp119.100;Rp7.979,70;;;
;;Pekerja;L.01;OH;0,067;Rp93.000;Rp6.231,00;;;
;;Tukang Batu;L.02;OH;0,067;Rp98.000;Rp6.566,00;;;
;;Tukang ereksi;L.02;OH;0,134;Rp98.000;Rp13.132,00;;;
;;Kepala tukang;L.03;OH;0,067;Rp106.000;Rp7.102,00;;;
;;Mandor;L.04;OH;0,067;Rp111.000;Rp7.437,00;;;
;;;;JUMLAH TENAGA KERJA;;;Rp59.080,60;;;
;B;BAHAN;;;;;;;;
;;Solar;M.415; L ;6,676;Rp6.000;Rp40.056,00;;;
;;;;JUMLAH HARGA BAHAN;;;Rp40.056,00;;;
;C;PERALATAN;;;;;;;;
;;Sewa crane;E.19;unit hari;0,067;Rp2.060.600;Rp138.060,20;;;
;;Sewa pipe support;E.147;Buah hari;1,1;Rp70.500;Rp77.550,00;;;
;;;;JUMLAH HARGA ALAT;;;Rp215.610,20;;;
;D;Jumlah (A+B+C);;;;;Rp314.746,80;;;
;E;Overhead & Profit 9,5%;;;0,095;;Rp29.900,95;;;
PB50;F;Harga Satuan Pekerjaan (D+E);;;;;Rp344.647,75;;;
;;;;;;;;;;
;Ereksi 1 buah komponen untuk balok pracetak;;;;;;;;;
;No;Uraian;Kode;Satuan;Koefisien;Harga Satuan;Jumlah Harga;;;
;A;TENAGA;;;;;;;;
;;Operator crane;L.05;OH;0,061;Rp158.700;Rp9.680,70;;;
;;Pembantu operator crane;L.06;OH;0,061;Rp119.100;Rp7.265,10;;;
;;Pekerja;L.01;OH;0,061;Rp93.000;Rp5.673,00;;;
;;Tukang Batu;L.02;OH;0,061;Rp98.000;Rp5.978,00;;;
;;Tukang ereksi;L.02;OH;0,122;Rp98.000;Rp11.956,00;;;
;;Kepala tukang;L.03;OH;0,061;Rp106.000;Rp6.466,00;;;
;;Mandor;L.04;OH;0,061;Rp111.000;Rp6.771,00;;;
;;;;JUMLAH TENAGA KERJA;;;Rp53.789,80;;;
;B;BAHAN;;;;;;;;
;;Solar;M.415; L ;6,11;Rp6.000;Rp36.660,00;;;
;;;;JUMLAH HARGA BAHAN;;;Rp36.660,00;;;
;C;PERALATAN;;;;;;;;
;;Sewa crane;E.19;unit hari;0,061;Rp2.060.600;Rp125.696,60;;;
;;Sewa pipe support;E.147;Buah hari;1,1;Rp70.500;Rp77.550,00;;;
;;;;JUMLAH HARGA ALAT;;;Rp203.246,60;;;
;D;Jumlah (A+B+C);;;;;Rp293.696,40;;;
;E;Overhead & Profit 9,5%;;;0,095;;Rp27.901,16;;;
PB51;F;Harga Satuan Pekerjaan (D+E);;;;;Rp321.597,56;;;
;;;;;;;;;;
;Ereksi 1 buah komponen untuk Kolom pracetak;;;;;;;;;
;No;Uraian;Kode;Satuan;Koefisien;Harga Satuan;Jumlah Harga;;;
;A;TENAGA;;;;;;;;
;;Operator crane;L.05;OH;0,083;Rp158.700;Rp13.172,10;;;
;;Pembantu operator crane;L.06;OH;0,083;Rp119.100;Rp9.885,30;;;
;;Pekerja;L.01;OH;0,083;Rp93.000;Rp7.719,00;;;
;;Tukang Batu;L.02;OH;0,083;Rp98.000;Rp8.134,00;;;
;;Tukang ereksi;L.02;OH;0,166;Rp98.000;Rp16.268,00;;;
;;Kepala tukang;L.03;OH;0,083;Rp106.000;Rp8.798,00;;;
;;Mandor;L.04;OH;0,083;Rp111.000;Rp9.213,00;;;
;;;;JUMLAH TENAGA KERJA;;;Rp73.189,40;;;
;B;BAHAN;;;;;;;;
;;Solar;M.415; L ;8,277;Rp6.000;Rp49.662,00;;;
;;;;JUMLAH HARGA BAHAN;;;Rp49.662,00;;;
;C;PERALATAN;;;;;;;;
;;Sewa crane;E.19;unit hari;0,083;Rp2.060.600;Rp171.029,80;;;
;;Sewa pipe support;E.147;Buah hari;2,2;Rp70.500;Rp155.100,00;;;
;;;;JUMLAH HARGA ALAT;;;Rp326.129,80;;;
;D;Jumlah (A+B+C);;;;;Rp448.981,20;;;
;E;Overhead & Profit 9,5%;;;0,095;;Rp42.653,21;;;
PB52;F;Harga Satuan Pekerjaan (D+E);;;;;Rp491.634,41;;;
;;;;;;;;;;
;Melangsir 1 buah komponen plat pracetak ( ± 20 m);;;;;;;;;
;No;Uraian;Kode;Satuan;Koefisien;Harga Satuan;Jumlah Harga;;;
;A;TENAGA;;;;;;;;
;;Pekerja;L.01;OH;0,019;Rp93.000;Rp1.767,00;;;
;;Tukang Batu;L.02;OH;0,038;Rp98.000;Rp3.724,00;;;
;;Operator crane;L.05;OH;0,019;Rp158.700;Rp3.015,30;;;
;;Pembantu operator crane;L.06;OH;0,019;Rp119.100;Rp2.262,90;;;
;;;;JUMLAH TENAGA KERJA;;;Rp10.769,20;;;
;B;BAHAN;;;;;;;;
;;Solar;M.415; L ;1,897;Rp6.000;Rp11.382,00;;;
;;;;JUMLAH HARGA BAHAN;;;Rp11.382,00;;;
;C;PERALATAN;;;;;;;;
;;Sewa crane;E.19;UH;0,019;Rp2.060.600;Rp39.151,40;;;
;;;;JUMLAH HARGA ALAT;;;Rp39.151,40;;;
;D;Jumlah (A+B+C);;;;;Rp61.302,60;;;
;E;Overhead & Profit 9,5%;;;0,095;;Rp5.823,75;;;
PB53;F;Harga Satuan Pekerjaan (D+E);;;;;Rp67.126,35;;;
;;;;;;;;;;
;Melangsir 1 buah komponen balok pracetak ( ± 20 m);;;;;;;;;
;No;Uraian;Kode;Satuan;Koefisien;Harga Satuan;Jumlah Harga;;;
;A;TENAGA;;;;;;;;
;;Pekerja;L.01;OH;0,019;Rp93.000;Rp1.767,00;;;
;;Tukang Batu;L.02;OH;0,038;Rp98.000;Rp3.724,00;;;
;;Operator crane;L.05;OH;0,019;Rp158.700;Rp3.015,30;;;
;;Pembantu operator crane;L.06;OH;0,019;Rp119.100;Rp2.262,90;;;
;;;;JUMLAH TENAGA KERJA;;;Rp10.769,20;;;
;B;BAHAN;;;;;;;;
;;Solar;M.415; L ;1,897;Rp6.000;Rp11.382,00;;;
;;;;JUMLAH HARGA BAHAN;;;Rp11.382,00;;;
;C;PERALATAN;;;;;;;;
;;Sewa crane;E.19;UH;0,019;Rp2.060.600;Rp39.151,40;;;
;;;;JUMLAH HARGA ALAT;;;Rp39.151,40;;;
;D;Jumlah (A+B+C);;;;;Rp61.302,60;;;
;E;Overhead & Profit 9,5%;;;0,095;;Rp5.823,75;;;
PB54;F;Harga Satuan Pekerjaan (D+E);;;;;Rp67.126,35;;;
;;;;;;;;;;
;Melangsir 1 buah komponen kolom pracetak ( ± 20 m);;;;;;;;;
;No;Uraian;Kode;Satuan;Koefisien;Harga Satuan;Jumlah Harga;;;
;A;TENAGA;;;;;;;;
;;Pekerja;L.01;OH;0,019;Rp93.000;Rp1.767,00;;;
;;Tukang Batu;L.02;OH;0,038;Rp98.000;Rp3.724,00;;;
;;Operator crane;L.05;OH;0,019;Rp158.700;Rp3.015,30;;;
;;Pembantu operator crane;L.06;OH;0,019;Rp119.100;Rp2.262,90;;;
;;;;JUMLAH TENAGA KERJA;;;Rp10.769,20;;;
;B;BAHAN;;;;;;;;
;;Solar;M.415; L ;1,897;Rp6.000;Rp11.382,00;;;
;;;;JUMLAH HARGA BAHAN;;;Rp11.382,00;;;
;C;PERALATAN;;;;;;;;
;;Sewa crane;E.19;UH;0,019;Rp2.060.600;Rp39.151,40;;;
;;;;JUMLAH HARGA ALAT;;;Rp39.151,40;;;
;D;Jumlah (A+B+C);;;;;Rp61.302,60;;;
;E;Overhead & Profit 9,5%;;;0,095;;Rp5.823,75;;;
PB55;F;Harga Satuan Pekerjaan (D+E);;;;;Rp67.126,35;;;
;;;;;;;;;;
;Bahan 1 m3 grouting campuran;;;;;;;;;
;No;Uraian;Kode;Satuan;Koefisien;Harga Satuan;Jumlah Harga;;;
;A;TENAGA;;;;;;;;
;;;;JUMLAH TENAGA KERJA;;;;;;
;B;BAHAN;;;;;;;;
;;Semen grout;M.506; Kg ;1200;Rp4.300;Rp5.160.000,00;;;
;;Screening;M.507; Kg ;650;Rp1.100;Rp715.000,00;;;
;;Air;M.02; m3 ;350;Rp1;Rp350,00;;;
;;;;JUMLAH HARGA BAHAN;;;Rp5.875.350,00;;;
;C;PERALATAN;;;;;;;;
;;;;JUMLAH HARGA ALAT;;;;;;
;D;Jumlah (A+B+C);;;;;Rp5.875.350,00;;;
;E;Overhead & Profit 9,5%;;;0,095;;Rp558.158,25;;;
PB56;F;Harga Satuan Pekerjaan (D+E);;;;;Rp6.433.508,25;;;
;;;;;;;;;;
;Bahan 1 m3 grouting tidak campuran;;;;;;;;;
;No;Uraian;Kode;Satuan;Koefisien;Harga Satuan;Jumlah Harga;;;
;A;TENAGA;;;;;;;;
;;;;JUMLAH TENAGA KERJA;;;;;;
;B;BAHAN;;;;;;;;
;;Semen grout;M.506; Kg ;1850;Rp4.300;Rp7.955.000,00;;;
;;Air;M.02; m3 ;400;Rp1;Rp400,00;;;
;;;;JUMLAH HARGA BAHAN;;;Rp7.955.400,00;;;
;C;PERALATAN;;;;;;;;
;;;;JUMLAH HARGA ALAT;;;;;;
;D;Jumlah (A+B+C);;;;;Rp7.955.400,00;;;
;E;Overhead & Profit 9,5%;;;0,095;;Rp755.763,00;;;
PB57;F;Harga Satuan Pekerjaan (D+E);;;;;Rp8.711.163,00;;;
;;;;;;;;;;
;Upah melakukan 1 titik grouting pada join pracetak;;;;;;;;;
;No;Uraian;Kode;Satuan;Koefisien;Harga Satuan;Jumlah Harga;;;
;A;TENAGA;;;;;;;;
;;Tukang Batu;L.02;OH;0,367;Rp98.000;Rp35.966,00;;;
;;Kepala tukang;L.03;OH;0,074;Rp106.000;Rp7.844,00;;;
;;Mandor;L.04;OH;0,037;Rp111.000;Rp4.107,00;;;
;;;;JUMLAH TENAGA KERJA;;;Rp47.917,00;;;
;B;BAHAN;;;;;;;;
;;;;JUMLAH HARGA BAHAN;;;;;;
;C;PERALATAN;;;;;;;;
;;;;JUMLAH HARGA ALAT;;;;;;
;D;Jumlah (A+B+C);;;;;Rp47.917,00;;;
;E;Overhead & Profit 9,5%;;;0,095;;Rp4.552,12;;;
PB58;F;Harga Satuan Pekerjaan (D+E);;;;;Rp52.469,12;;;
;;;;;;;;;;
;Pemasangan 1 titik Bekisting join pracetak;;;;;;;;;
;No;Uraian;Kode;Satuan;Koefisien;Harga Satuan;Jumlah Harga;;;
;A;TENAGA;;;;;;;;
;;Pekerja;L.01;OH;0,147;Rp93.000;Rp13.671,00;;;
;;Tukang kayu;L.02;OH;0,147;Rp98.000;Rp14.406,00;;;
;;Kepala tukang;L.03;OH;0,015;Rp106.000;Rp1.590,00;;;
;;Mandor;L.04;OH;0,005;Rp111.000;Rp555,00;;;
;;;;JUMLAH TENAGA KERJA;;;Rp30.222,00;;;
;B;BAHAN;;;;;;;;
;;Kayu kaso 5/7;M.86; m3 ;0,012;Rp7.579.000;Rp90.948,00;;;
;;Kayu papan kelas III;M.94; m3 ;0,004;Rp2.088.900;Rp8.355,60;;;
;;Paku Biasa;M.200; Kg ;0,264;Rp18.000;Rp4.752,00;;;
;;;;JUMLAH HARGA BAHAN;;;Rp104.055,60;;;
;C;PERALATAN;;;;;;;;
;;;;JUMLAH HARGA ALAT;;;;;;
;D;Jumlah (A+B+C);;;;;Rp134.277,60;;;
;E;Overhead & Profit 9,5%;;;0,095;;Rp12.756,37;;;
PB59;F;Harga Satuan Pekerjaan (D+E);;;;;Rp147.033,97;;;
;;;;;;;;;;
;Upah 1 titik Join dengan Sling;;;;;;;;;
;No;Uraian;Kode;Satuan;Koefisien;Harga Satuan;Jumlah Harga;;;
;A;TENAGA;;;;;;;;
;;Pekerja;L.01;OH;0,22;Rp93.000;Rp20.460,00;;;
;;Tukang kayu;L.02;OH;0,22;Rp98.000;Rp21.560,00;;;
;;Tukang besi;L.02;OH;0,22;Rp98.000;Rp21.560,00;;;
;;Mandor;L.04;OH;0,011;Rp111.000;Rp1.221,00;;;
;;;;JUMLAH TENAGA KERJA;;;Rp64.801,00;;;
;B;BAHAN;;;;;;;;
;;;;JUMLAH HARGA BAHAN;;;;;;
;C;PERALATAN;;;;;;;;
;;;;JUMLAH HARGA ALAT;;;;;;
;D;Jumlah (A+B+C);;;;;Rp64.801,00;;;
;E;Overhead & Profit 9,5%;;;0,095;;Rp6.156,10;;;
PB60;F;Harga Satuan Pekerjaan (D+E);;;;;Rp70.957,10;;;
;;;;;;;;;;
;HARGA SATUAN PEKERJAAN BESI DAN ALUMUNIUM;;;;;;;;;
;Pemasangan 1 kg besi profil;;;;;;;;;
;No;Uraian;Kode;Satuan;Koefisien;Harga Satuan;Jumlah Harga;;;
;A;TENAGA;;;;;;;;
;;Pekerja;L.01;OH;0,06;Rp93.000;Rp5.580,00;;;
;;Tukang Las Konstruksi;L.02;OH;0,06;Rp98.000;Rp5.880,00;;;
;;Kepala tukang;L.03;OH;0,006;Rp106.000;Rp636,00;;;
;;Mandor;L.04;OH;0,003;Rp111.000;Rp333,00;;;
;;;;JUMLAH TENAGA KERJA;;;Rp12.429,00;;;
;B;BAHAN;;;;;;;;
;;Besi Profil;M.145; Kg ;1,15;Rp11.950;Rp13.742,50;;;
;;;;JUMLAH HARGA BAHAN;;;Rp13.742,50;;;
;C;PERALATAN;;;;;;;;
;;;;JUMLAH HARGA ALAT;;;;;;
;D;Jumlah (A+B+C);;;;;Rp26.171,50;;;
;E;Overhead & Profit 9,5%;;;0,095;;Rp2.486,29;;;
PBA1;F;Harga Satuan Pekerjaan (D+E);;;;;Rp28.657,79;1;;
;;;;;;;;;;
;Pemasangan 1 kg rangka kuda-kuda baja IWF;;;;;;;;;
;No;Uraian;Kode;Satuan;Koefisien;Harga Satuan;Jumlah Harga;;;
;A;TENAGA;;;;;;;;
;;Pekerja;L.01;OH;0,06;Rp93.000;Rp5.580,00;;;
;;Tukang Las Konstruksi;L.02;OH;0,06;Rp98.000;Rp5.880,00;;;
;;Kepala tukang;L.03;OH;0,006;Rp106.000;Rp636,00;;;
;;Mandor;L.04;OH;0,003;Rp111.000;Rp333,00;;;
;;;;JUMLAH TENAGA KERJA;;;Rp12.429,00;;;
;B;BAHAN;;;;;;;;
;;Besi IWF;M.145; Kg ;1,15;Rp11.950;Rp13.742,50;;;
;;;;JUMLAH HARGA BAHAN;;;Rp13.742,50;;;
;C;PERALATAN;;;;;;;;
;;;;JUMLAH HARGA ALAT;;;;;;
;D;Jumlah (A+B+C);;;;;Rp26.171,50;;;
;E;Overhead & Profit 9,5%;;;0,095;;Rp2.486,29;;;
PBA2;F;Harga Satuan Pekerjaan (D+E);;;;;Rp28.657,79;2;;
;;;;;;;;;;
;Pengerjaan 100 kg pekerjaan perakitan;;;;;;;;;
;No;Uraian;Kode;Satuan;Koefisien;Harga Satuan;Jumlah Harga;;;
;A;TENAGA;;;;;;;;
;;Pekerja;L.01;OH;0,1;Rp93.000;Rp9.300,00;;;
;;Tukang Besi Konstruksi;L.02;OH;0,1;Rp98.000;Rp9.800,00;;;
;;Kepala tukang;L.03;OH;0,001;Rp106.000;Rp106,00;;;
;;Mandor;L.04;OH;0,005;Rp111.000;Rp555,00;;;
;;;;JUMLAH TENAGA KERJA;;;Rp19.761,00;;;
;B;BAHAN;;;;;;;;
;;Solar;M.415; L ;1;Rp6.000;Rp6.000,00;;;
;;Minyak pelumas;M.409; L ;0,1;Rp43.200;Rp4.320,00;;;
;;;;JUMLAH HARGA BAHAN;;;Rp10.320,00;;;
;C;PERALATAN;;;;;;;;
;;Sewa alat Perakitan Baja IWF;E.148;Jam;0,8;Rp268.700;Rp214.960,00;;;
;;;;JUMLAH HARGA ALAT;;;Rp214.960,00;;;
;D;Jumlah (A+B+C);;;;;Rp245.041,00;;;
;E;Overhead & Profit 9,5%;;;0,095;;Rp23.278,90;;;
PBA3;F;Harga Satuan Pekerjaan (D+E);;;;;Rp268.319,90;3;;
;;;;;;;;;;
;Pembuatan 1 m2 pintu besi plat baja tebal 2 mm rangkap, rangka baja siku;;;;;;;;;
;No;Uraian;Kode;Satuan;Koefisien;Harga Satuan;Jumlah Harga;;;
;A;TENAGA;;;;;;;;
;;Pekerja;L.01;OH;1,05;Rp93.000;Rp97.650,00;;;
;;Tukang Las;L.02;OH;1,05;Rp98.000;Rp102.900,00;;;
;;Kepala tukang;L.03;OH;0,105;Rp106.000;Rp11.130,00;;;
;;Mandor;L.04;OH;0,052;Rp111.000;Rp5.772,00;;;
;;;;JUMLAH TENAGA KERJA;;;Rp217.452,00;;;
;B;BAHAN;;;;;;;;
;;Besi siku L 30.30.3;M.508; Kg ;15;Rp16.200;Rp243.000,00;;;
;;Besi plat baja;M.140; Kg ;32,8;Rp18.500;Rp606.800,00;;;
;;Kawat las;M.196; Kg ;0,05;Rp160.500;Rp8.025,00;;;
;;;;JUMLAH HARGA BAHAN;;;Rp857.825,00;;;
;C;PERALATAN;;;;;;;;
;;;;JUMLAH HARGA ALAT;;;;;;
;D;Jumlah (A+B+C);;;;;Rp1.075.277,00;;;
;E;Overhead & Profit 9,5%;;;0,095;;Rp102.151,32;;;
PBA4;F;Harga Satuan Pekerjaan (D+E);;;;;Rp1.177.428,32;4;;
;;;;;;;;;;
;Pengerjaan 10 cm pengelasan dengan las listrik;;;;;;;;;
;No;Uraian;Kode;Satuan;Koefisien;Harga Satuan;Jumlah Harga;;;
;A;TENAGA;;;;;;;;
;;Pekerja;L.01;OH;0,04;Rp93.000;Rp3.720,00;;;
;;Tukang Besi Konstruksi;L.02;OH;0,02;Rp98.000;Rp1.960,00;;;
;;Kepala tukang;L.03;OH;0,002;Rp106.000;Rp212,00;;;
;;Mandor;L.04;OH;0,002;Rp111.000;Rp222,00;;;
;;;;JUMLAH TENAGA KERJA;;;Rp6.114,00;;;
;B;BAHAN;;;;;;;;
;;Kawat las listrik;M.196; Kg ;0,4;Rp160.500;Rp64.200,00;;;
;;Solar;M.415; L ;0,3;Rp6.000;Rp1.800,00;;;
;;Minyak pelumas;M.409; L ;0,04;Rp43.200;Rp1.728,00;;;
;;;;JUMLAH HARGA BAHAN;;;Rp67.728,00;;;
;C;PERALATAN;;;;;;;;
;;Sewa alat Las Listrik;E.45;Jam;0,17;Rp323.900;Rp55.063,00;;;
;;;;JUMLAH HARGA ALAT;;;Rp55.063,00;;;
;D;Jumlah (A+B+C);;;;;Rp128.905,00;;;
;E;Overhead & Profit 9,5%;;;0,095;;Rp12.245,98;;;
PBA5;F;Harga Satuan Pekerjaan (D+E);;;;;Rp141.150,98;5;;
;;;;;;;;;;
;Pembuatan 1 m2 rangka jendela besi scuare tube/Pipa kotak (25 x 5) cm;;;;;;;;;
;No;Uraian;Kode;Satuan;Koefisien;Harga Satuan;Jumlah Harga;;;
;A;TENAGA;;;;;;;;
;;Pekerja;L.01;OH;0,65;Rp93.000;Rp60.450,00;;;
;;Tukang Las;L.02;OH;0,65;Rp98.000;Rp63.700,00;;;
;;Kepala tukang;L.03;OH;0,065;Rp106.000;Rp6.890,00;;;
;;Mandor;L.04;OH;0,032;Rp111.000;Rp3.552,00;;;
;;;;JUMLAH TENAGA KERJA;;;Rp134.592,00;;;
;B;BAHAN;;;;;;;;
;;Besi scuare tube;M.509; m ;4,76;Rp16.300;Rp77.588,00;;;
;;Besi lis kaca (1 x 1) cm;M.510; m ;4,522;Rp12.900;Rp58.333,80;;;
;;Pengelasan;M.511; cm ;20;Rp1.100;Rp22.000,00;;;
;;;;JUMLAH HARGA BAHAN;;;Rp157.921,80;;;
;C;PERALATAN;;;;;;;;
;;;;JUMLAH HARGA ALAT;;;;;;
;D;Jumlah (A+B+C);;;;;Rp292.513,80;;;
;E;Overhead & Profit 9,5%;;;0,095;;Rp27.788,81;;;
PBA6;F;Harga Satuan Pekerjaan (D+E);;;;;Rp320.302,61;6;;
;;;;;;;;;;
;Pemasangan 1 m2 pintu rolling door besi;;;;;;;;;
;No;Uraian;Kode;Satuan;Koefisien;Harga Satuan;Jumlah Harga;;;
;A;TENAGA;;;;;;;;
;;Pekerja;L.01;OH;1,2;Rp93.000;Rp111.600,00;;;
;;Tukang Las;L.02;OH;1,2;Rp98.000;Rp117.600,00;;;
;;Kepala tukang;L.03;OH;0,12;Rp106.000;Rp12.720,00;;;
;;Mandor;L.04;OH;0,006;Rp111.000;Rp666,00;;;
;;;;JUMLAH TENAGA KERJA;;;Rp242.586,00;;;
;B;BAHAN;;;;;;;;
;;Pintu gulung besi;M.512; m2 ;1;Rp227.800;Rp227.800,00;;;
;;;;JUMLAH HARGA BAHAN;;;Rp227.800,00;;;
;C;PERALATAN;;;;;;;;
;;;;JUMLAH HARGA ALAT;;;;;;
;D;Jumlah (A+B+C);;;;;Rp470.386,00;;;
;E;Overhead & Profit 9,5%;;;0,095;;Rp44.686,67;;;
PBA7;F;Harga Satuan Pekerjaan (D+E);;;;;Rp515.072,67;7;;
;;;;;;;;;;
;Pemasangan 1 m2 pintu lipat (folding door) bahan plastik/PVC;;;;;;;;;
;No;Uraian;Kode;Satuan;Koefisien;Harga Satuan;Jumlah Harga;;;
;A;TENAGA;;;;;;;;
;;Pekerja;L.01;OH;0,44;Rp93.000;Rp40.920,00;;;
;;Tukang;L.02;OH;0,44;Rp98.000;Rp43.120,00;;;
;;Kepala tukang;L.03;OH;0,044;Rp106.000;Rp4.664,00;;;
;;Mandor;L.04;OH;0,022;Rp111.000;Rp2.442,00;;;
;;;;JUMLAH TENAGA KERJA;;;Rp91.146,00;;;
;B;BAHAN;;;;;;;;
;;Pintu lipat;M.513; m2 ;1;Rp236.400;Rp236.400,00;;;
;;;;JUMLAH HARGA BAHAN;;;Rp236.400,00;;;
;C;PERALATAN;;;;;;;;
;;;;JUMLAH HARGA ALAT;;;;;;
;D;Jumlah (A+B+C);;;;;Rp327.546,00;;;
;E;Overhead & Profit 9,5%;;;0,095;;Rp31.116,87;;;
PBA8;F;Harga Satuan Pekerjaan (D+E);;;;;Rp358.662,87;8;;
;;;;;;;;;;
;Pemasangan 1 m2 sunscreen alluminium;;;;;;;;;
;No;Uraian;Kode;Satuan;Koefisien;Harga Satuan;Jumlah Harga;;;
;A;TENAGA;;;;;;;;
;;Pekerja;L.01;OH;0,08;Rp93.000;Rp7.440,00;;;
;;Tukang;L.02;OH;0,8;Rp98.000;Rp78.400,00;;;
;;Kepala tukang;L.03;OH;0,08;Rp106.000;Rp8.480,00;;;
;;Mandor;L.04;OH;0,004;Rp111.000;Rp444,00;;;
;;;;JUMLAH TENAGA KERJA;;;Rp94.764,00;;;
;B;BAHAN;;;;;;;;
;;Sunscreen alluminium;M.514; m2 ;1;Rp179.000;Rp179.000,00;;;
;;;;JUMLAH HARGA BAHAN;;;Rp179.000,00;;;
;C;PERALATAN;;;;;;;;
;;;;JUMLAH HARGA ALAT;;;;;;
;D;Jumlah (A+B+C);;;;;Rp273.764,00;;;
;E;Overhead & Profit 9,5%;;;0,095;;Rp26.007,58;;;
PBA9;F;Harga Satuan Pekerjaan (D+E);;;;;Rp299.771,58;9;;
;;;;;;;;;;
;Pemasangan 1 m2 rolling door alluminium;;;;;;;;;
;No;Uraian;Kode;Satuan;Koefisien;Harga Satuan;Jumlah Harga;;;
;A;TENAGA;;;;;;;;
;;Pekerja;L.01;OH;1;Rp93.000;Rp93.000,00;;;
;;Tukang Alumunium;L.02;OH;1;Rp98.000;Rp98.000,00;;;
;;Kepala tukang;L.03;OH;0,1;Rp106.000;Rp10.600,00;;;
;;Mandor;L.04;OH;0,05;Rp111.000;Rp5.550,00;;;
;;;;JUMLAH TENAGA KERJA;;;Rp207.150,00;;;
;B;BAHAN;;;;;;;;
;;Rolling dor alluminium;M.515; m2 ;1;Rp240.800;Rp240.800,00;;;
;;;;JUMLAH HARGA BAHAN;;;Rp240.800,00;;;
;C;PERALATAN;;;;;;;;
;;;;JUMLAH HARGA ALAT;;;;;;
;D;Jumlah (A+B+C);;;;;Rp447.950,00;;;
;E;Overhead & Profit 9,5%;;;0,095;;Rp42.555,25;;;
PBA10;F;Harga Satuan Pekerjaan (D+E);;;;;Rp490.505,25;10;;
;;;;;;;;;;
;Pemasangan 1 m kusen pintu alluminium;;;;;;;;;
;No;Uraian;Kode;Satuan;Koefisien;Harga Satuan;Jumlah Harga;;;
;A;TENAGA;;;;;;;;
;;Pekerja;L.01;OH;0,043;Rp93.000;Rp3.999,00;;;
;;Tukang Alumunium;L.02;OH;0,043;Rp98.000;Rp4.214,00;;;
;;Kepala tukang;L.03;OH;0,0043;Rp106.000;Rp455,80;;;
;;Mandor;L.04;OH;0,0021;Rp111.000;Rp233,10;;;
;;;;JUMLAH TENAGA KERJA;;;Rp8.901,90;;;
;B;BAHAN;;;;;;;;
;;Profil alluminium;M.516; m ;1,1;Rp59.500;Rp65.450,00;;;
;;Skrup fixer;M.517; buah ;2;Rp1.700;Rp3.400,00;;;
;;Sealant;M.518; Tube ;0,06;Rp53.300;Rp3.198,00;;;
;;;;JUMLAH HARGA BAHAN;;;Rp72.048,00;;;
;C;PERALATAN;;;;;;;;
;;;;JUMLAH HARGA ALAT;;;;;;
;D;Jumlah (A+B+C);;;;;Rp80.949,90;;;
;E;Overhead & Profit 9,5%;;;0,095;;Rp7.690,24;;;
PBA11;F;Harga Satuan Pekerjaan (D+E);;;;;Rp88.640,14;11;;
;;;;;;;;;;
;Pemasangan 1 m2 pintu alluminium strip lebar 8 cm;;;;;;;;;
;No;Uraian;Kode;Satuan;Koefisien;Harga Satuan;Jumlah Harga;;;
;A;TENAGA;;;;;;;;
;;Pekerja;L.01;OH;0,085;Rp93.000;Rp7.905,00;;;
;;Tukang Alumunium;L.02;OH;0,085;Rp98.000;Rp8.330,00;;;
;;Kepala tukang;L.03;OH;0,0085;Rp106.000;Rp901,00;;;
;;Mandor;L.04;OH;0,0042;Rp111.000;Rp466,20;;;
;;;;JUMLAH TENAGA KERJA;;;Rp17.602,20;;;
;B;BAHAN;;;;;;;;
;;Profil alluminium;M.516; m ;4,4;Rp59.500;Rp261.800,00;;;
;;Aluminium strip;M.519; m ;14,6;Rp10.700;Rp156.220,00;;;
;;;;JUMLAH HARGA BAHAN;;;Rp418.020,00;;;
;C;PERALATAN;;;;;;;;
;;;;JUMLAH HARGA ALAT;;;;;;
;D;Jumlah (A+B+C);;;;;Rp435.622,20;;;
;E;Overhead & Profit 9,5%;;;0,095;;Rp41.384,11;;;
PBA12;F;Harga Satuan Pekerjaan (D+E);;;;;Rp477.006,31;12;;
;;;;;;;;;;
;Pemasangan 1 m2 pintu kaca rangka alluminium;;;;;;;;;
;No;Uraian;Kode;Satuan;Koefisien;Harga Satuan;Jumlah Harga;;;
;A;TENAGA;;;;;;;;
;;Pekerja;L.01;OH;0,085;Rp93.000;Rp7.905,00;;;
;;Tukang Alumunium;L.02;OH;0,085;Rp98.000;Rp8.330,00;;;
;;Kepala tukang;L.03;OH;0,009;Rp106.000;Rp954,00;;;
;;Mandor;L.04;OH;0,005;Rp111.000;Rp555,00;;;
;;;;JUMLAH TENAGA KERJA;;;Rp17.744,00;;;
;B;BAHAN;;;;;;;;
;;Pintu alluminium;M.514; m2 ;4,4;Rp179.000;Rp787.600,00;;;
;;Profil kaca;M.520; m ;4,5;Rp68.700;Rp309.150,00;;;
;;Sealant;M.518; Tube ;0,27;Rp53.300;Rp14.391,00;;;
;;;;JUMLAH HARGA BAHAN;;;Rp1.111.141,00;;;
;C;PERALATAN;;;;;;;;
;;;;JUMLAH HARGA ALAT;;;;;;
;D;Jumlah (A+B+C);;;;;Rp1.128.885,00;;;
;E;Overhead & Profit 9,5%;;;0,095;;Rp107.244,08;;;
PBA13;F;Harga Satuan Pekerjaan (D+E);;;;;Rp1.236.129,08;13;;
;;;;;;;;;;
;Pemasangan 1 m2 venetions blinds dan Vertical blinds;;;;;;;;;
;No;Uraian;Kode;Satuan;Koefisien;Harga Satuan;Jumlah Harga;;;
;A;TENAGA;;;;;;;;
;;Pekerja;L.01;OH;0,35;Rp93.000;Rp32.550,00;;;
;;Tukang;L.02;OH;0,35;Rp98.000;Rp34.300,00;;;
;;Kepala tukang;L.03;OH;0,035;Rp106.000;Rp3.710,00;;;
;;Mandor;L.04;OH;0,018;Rp111.000;Rp1.998,00;;;
;;;;JUMLAH TENAGA KERJA;;;Rp72.558,00;;;
;B;BAHAN;;;;;;;;
;;Venetions blinds dan vertical blinds (tirai);M.523; m2 ;1;Rp81.000;Rp81.000,00;;;
;;;;JUMLAH HARGA BAHAN;;;Rp81.000,00;;;
;C;PERALATAN;;;;;;;;
;;;;JUMLAH HARGA ALAT;;;;;;
;D;Jumlah (A+B+C);;;;;Rp153.558,00;;;
;E;Overhead & Profit 9,5%;;;0,095;;Rp14.588,01;;;
PBA14;F;Harga Satuan Pekerjaan (D+E);;;;;Rp168.146,01;14;;
;;;;;;;;;;
;Pemasangan 1 m2 terali besi strip (2 x 3) mm;;;;;;;;;
;No;Uraian;Kode;Satuan;Koefisien;Harga Satuan;Jumlah Harga;;;
;A;TENAGA;;;;;;;;
;;Pekerja;L.01;OH;1,67;Rp93.000;Rp155.310,00;;;
;;Tukang Las;L.02;OH;1,67;Rp98.000;Rp163.660,00;;;
;;Kepala tukang;L.03;OH;0,167;Rp106.000;Rp17.702,00;;;
;;Mandor;L.04;OH;0,083;Rp111.000;Rp9.213,00;;;
;;;;JUMLAH TENAGA KERJA;;;Rp345.885,00;;;
;B;BAHAN;;;;;;;;
;;Besi strip;M.42; Kg ;6,177;Rp10.000;Rp61.770,00;;;
;;Pengelasan;M.511; cm ;27,08;Rp1.100;Rp29.788,00;;;
;;;;JUMLAH HARGA BAHAN;;;Rp91.558,00;;;
;C;PERALATAN;;;;;;;;
;;;;JUMLAH HARGA ALAT;;;;;;
;D;Jumlah (A+B+C);;;;;Rp437.443,00;;;
;E;Overhead & Profit 9,5%;;;0,095;;Rp41.557,09;;;
PBA15;F;Harga Satuan Pekerjaan (D+E);;;;;Rp479.000,09;15;;
;;;;;;;;;;
;Pemasangan 1 m2 kawat nyamuk;;;;;;;;;
;No;Uraian;Kode;Satuan;Koefisien;Harga Satuan;Jumlah Harga;;;
;A;TENAGA;;;;;;;;
;;Pekerja;L.01;OH;0,1;Rp93.000;Rp9.300,00;;;
;;Tukang;L.02;OH;0,1;Rp98.000;Rp9.800,00;;;
;;Kepala tukang;L.03;OH;0,01;Rp106.000;Rp1.060,00;;;
;;Mandor;L.04;OH;0,005;Rp111.000;Rp555,00;;;
;;;;JUMLAH TENAGA KERJA;;;Rp20.715,00;;;
;B;BAHAN;;;;;;;;
;;Kawat nyamuk;M.435.a; Buah ;1,1;Rp16.800;Rp18.480,00;;;
;;Pengelasan;M.511; cm ;11,11;Rp1.100;Rp12.221,00;;;
;;Baja strip (0,2 x 2) cm;M.143; Kg ;1,716;Rp18.500;Rp31.746,00;;;
;;;;JUMLAH HARGA BAHAN;;;Rp62.447,00;;;
;C;PERALATAN;;;;;;;;
;;;;JUMLAH HARGA ALAT;;;;;;
;D;Jumlah (A+B+C);;;;;Rp83.162,00;;;
;E;Overhead & Profit 9,5%;;;0,095;;Rp7.900,39;;;
PBA16;F;Harga Satuan Pekerjaan (D+E);;;;;Rp91.062,39;16;;
;;;;;;;;;;
;Pemasangan 1 m2 jendela nako & tralis;;;;;;;;;
;No;Uraian;Kode;Satuan;Koefisien;Harga Satuan;Jumlah Harga;;;
;A;TENAGA;;;;;;;;
;;Pekerja;L.01;OH;0,2;Rp93.000;Rp18.600,00;;;
;;Tukang;L.02;OH;0,2;Rp98.000;Rp19.600,00;;;
;;Kepala tukang;L.03;OH;0,02;Rp106.000;Rp2.120,00;;;
;;Mandor;L.04;OH;0,001;Rp111.000;Rp111,00;;;
;;;;JUMLAH TENAGA KERJA;;;Rp40.431,00;;;
;B;BAHAN;;;;;;;;
;;Jendela nako (rangka + kaca 5 mm);M.524; m2 ;1,1;Rp133.400;Rp146.740,00;;;
;;Paku skrup;M.200; Kg ;10;Rp18.000;Rp180.000,00;;;
;;Besi strip;M.42; Kg ;7;Rp10.000;Rp70.000,00;;;
;;;;JUMLAH HARGA BAHAN;;;Rp396.740,00;;;
;C;PERALATAN;;;;;;;;
;;;;JUMLAH HARGA ALAT;;;;;;
;D;Jumlah (A+B+C);;;;;Rp437.171,00;;;
;E;Overhead & Profit 9,5%;;;0,095;;Rp41.531,25;;;
PBA17;F;Harga Satuan Pekerjaan (D+E);;;;;Rp478.702,25;17;;
;;;;;;;;;;
;Pemasangan 1 m’ talang datar/ jurai seng bjls 28 lebar 90 cm;;;;;;;;;
;No;Uraian;Kode;Satuan;Koefisien;Harga Satuan;Jumlah Harga;;;
;A;TENAGA;;;;;;;;
;;Pekerja;L.01;OH;0,2;Rp93.000;Rp18.600,00;;;
;;Tukang;L.02;OH;0,2;Rp98.000;Rp19.600,00;;;
;;Kepala tukang;L.03;OH;0,02;Rp106.000;Rp2.120,00;;;
;;Mandor;L.04;OH;0,001;Rp111.000;Rp111,00;;;
;;;;JUMLAH TENAGA KERJA;;;Rp40.431,00;;;
;B;BAHAN;;;;;;;;
;;Seng plat;M.279; m' ;1,05;Rp49.400;Rp51.870,00;;;
;;Paku Biasa;M.200; Kg ;0,015;Rp18.000;Rp270,00;;;
;;Kayu Papan kelas II;M.86; m3 ;0,019;Rp7.579.000;Rp144.001,00;;;
;;;;JUMLAH HARGA BAHAN;;;Rp196.141,00;;;
;C;PERALATAN;;;;;;;;
;;;;JUMLAH HARGA ALAT;;;;;;
;D;Jumlah (A+B+C);;;;;Rp236.572,00;;;
;E;Overhead & Profit 9,5%;;;0,095;;Rp22.474,34;;;
PBA18;F;Harga Satuan Pekerjaan (D+E);;;;;Rp259.046,34;18;;
;;;;;;;;;;
;Pemasangan 1 m talang ½ lingkaran D-15 cm, seng plat bjls 30 lebar 45 cm;;;;;;;;;
;No;Uraian;Kode;Satuan;Koefisien;Harga Satuan;Jumlah Harga;;;
;A;TENAGA;;;;;;;;
;;Pekerja;L.01;OH;0,15;Rp93.000;Rp13.950,00;;;
;;Tukang;L.02;OH;0,3;Rp98.000;Rp29.400,00;;;
;;Kepala tukang;L.03;OH;0,03;Rp106.000;Rp3.180,00;;;
;;Mandor;L.04;OH;0,008;Rp111.000;Rp888,00;;;
;;;;JUMLAH TENAGA KERJA;;;Rp47.418,00;;;
;B;BAHAN;;;;;;;;
;;Seng plat;M.279; m' ;1,05;Rp49.400;Rp51.870,00;;;
;;Paku Biasa;M.200; Kg ;0,01;Rp18.000;Rp180,00;;;
;;Besi strip;M.42; Kg ;0,5;Rp10.000;Rp5.000,00;;;
;;;;JUMLAH HARGA BAHAN;;;Rp57.050,00;;;
;C;PERALATAN;;;;;;;;
;;;;JUMLAH HARGA ALAT;;;;;;
;D;Jumlah (A+B+C);;;;;Rp104.468,00;;;
;E;Overhead & Profit 9,5%;;;0,095;;Rp9.924,46;;;
PBA19;F;Harga Satuan Pekerjaan (D+E);;;;;Rp114.392,46;19;;
;;;;;;;;;;
;Pemasangan 1 m2 rangka besi hollow 1x40.40.2mm,  modul 60 x 120 cm, dinding partisi;;;;;;;;;
;No;Uraian;Kode;Satuan;Koefisien;Harga Satuan;Jumlah Harga;;;
;A;TENAGA;;;;;;;;
;;Pekerja;L.01;OH;0,25;Rp93.000;Rp23.250,00;;;
;;Tukang Besi;L.02;OH;0,25;Rp98.000;Rp24.500,00;;;
;;Kepala Tukang;L.03;OH;0,025;Rp106.000;Rp2.650,00;;;
;;Mandor;L.04;OH;0,013;Rp111.000;Rp1.443,00;;;
;;;;JUMLAH TENAGA KERJA;;;Rp51.843,00;;;
;B;BAHAN;;;;;;;;
;;Rangka metal hollow 40.40.2 mm;M.525; M1 ;3,5;Rp24.800;Rp86.800,00;;;
;;Assesoris (perkuatan, las dll);M.526; Ls ;1;Rp54.300;Rp54.300,00;;;
;;;;JUMLAH HARGA BAHAN;;;Rp141.100,00;;;
;C;PERALATAN;;;;;;;;
;;;;JUMLAH HARGA ALAT;;;;;;
;D;Jumlah (A+B+C);;;;;Rp192.943,00;;;
;E;Overhead & Profit 9,5%;;;0,095;;Rp18.329,59;;;
PBA20;F;Harga Satuan Pekerjaan (D+E);;;;;Rp211.272,59;20;;
;;;;;;;;;;
;Pemasangan 1 m2 rangka besi hollow 1x40.40.2mm,  modul 60 x 60 cm, plafon;;;;;;;;;
;No;Uraian;Kode;Satuan;Koefisien;Harga Satuan;Jumlah Harga;;;
;A;TENAGA;;;;;;;;
;;Pekerja;L.01;OH;0,35;Rp93.000;Rp32.550,00;;;
;;Tukang Besi;L.02;OH;0,35;Rp98.000;Rp34.300,00;;;
;;Kepala Tukang;L.03;OH;0,035;Rp106.000;Rp3.710,00;;;
;;Mandor;L.04;OH;0,018;Rp111.000;Rp1.998,00;;;
;;;;JUMLAH TENAGA KERJA;;;Rp72.558,00;;;
;B;BAHAN;;;;;;;;
;;Rangka metal hollow 40.40.2 mm;M.525; M1 ;4;Rp24.800;Rp99.200,00;;;
;;Assesoris (perkuatan, las dll);M.526; Ls ;1;Rp54.300;Rp54.300,00;;;
;;;;JUMLAH HARGA BAHAN;;;Rp153.500,00;;;
;C;PERALATAN;;;;;;;;
;;;;JUMLAH HARGA ALAT;;;;;;
;D;Jumlah (A+B+C);;;;;Rp226.058,00;;;
;E;Overhead & Profit 9,5%;;;0,095;;Rp21.475,51;;;
PBA21;F;Harga Satuan Pekerjaan (D+E);;;;;Rp247.533,51;21;;
;;;;;;;;;;
;(K3) Pemasangan 1 m2 atap pelana rangka atap baja canai dingin profil C75;;;;;;;;;
;No;Uraian;Kode;Satuan;Koefisien;Harga Satuan;Jumlah Harga;;;
;A;TENAGA;;;;;;;;
;;Pekerja;L.01;OH;0,7604;Rp93.000;Rp70.717,20;;;
;;Tukang Besi;L.02;OH;0,7604;Rp98.000;Rp74.519,20;;;
;;Kepala Tukang;L.03;OH;0,076;Rp106.000;Rp8.056,00;;;
;;Mandor;L.04;OH;0,038;Rp111.000;Rp4.218,00;;;
;;;;JUMLAH TENAGA KERJA;;;Rp157.510,40;;;
;B;BAHAN;;;;;;;;
;;Baja ringan canai dingin C75;M.148; Kg ;4,05;Rp18.200;Rp73.710,00;;;
;;;;JUMLAH HARGA BAHAN;;;Rp73.710,00;;;
;C;PERALATAN;;;;;;;;
;;Alat Rangka Atap Baja Canai Dingin;;;0,1;Rp73.710,00;Rp7.371,00;;;
;;;;JUMLAH HARGA ALAT;;;Rp7.371,00;;;
;D;Jumlah (A+B+C);;;;;Rp238.591,40;;;
;E;Overhead & Profit 9,5%;;;0,095;;Rp22.666,18;;;
PBA22;F;Harga Satuan Pekerjaan (D+E);;;;;Rp261.257,58;22;;
;;;;;;;;;;
;(K3) Pemasangan 1 m2 atap jurai rangka atap baja canai dingin profil C75;;;;;;;;;
;No;Uraian;Kode;Satuan;Koefisien;Harga Satuan;Jumlah Harga;;;
;A;TENAGA;;;;;;;;
;;Pekerja;L.01;OH;0,734;Rp93.000;Rp68.262,00;;;
;;Tukang Besi;L.02;OH;0,734;Rp98.000;Rp71.932,00;;;
;;Kepala Tukang;L.03;OH;0,073;Rp106.000;Rp7.738,00;;;
;;Mandor;L.04;OH;0,037;Rp111.000;Rp4.107,00;;;
;;;;JUMLAH TENAGA KERJA;;;Rp152.039,00;;;
;B;BAHAN;;;;;;;;
;;Baja ringan canai dingin C75;M.148; Kg ;4,05;Rp18.200;Rp73.710,00;;;
;;;;JUMLAH HARGA BAHAN;;;Rp73.710,00;;;
;C;PERALATAN;;;;;;;;
;;Alat Rangka Atap Baja Canai Dingin;;;0,1;Rp73.710,00;Rp7.371,00;;;
;;;;JUMLAH HARGA ALAT;;;Rp7.371,00;;;
;D;Jumlah (A+B+C);;;;;Rp233.120,00;;;
;E;Overhead & Profit 9,5%;;;0,095;;Rp22.146,40;;;
PBA23;F;Harga Satuan Pekerjaan (D+E);;;;;Rp255.266,40;23;;
;;;;;;;;;;
;Pemasangan 1 M2 Pasang Kuda-Kuda Baja Ringan + Reng Untuk Atap Genteng Biasa/Metal;;;;;;;;;
;No;Uraian;Kode;Satuan;Koefisien;Harga Satuan;Jumlah Harga;;;
;A;TENAGA;;;;;;;;
;;Pekerja;L.01;OH;0,2;Rp93.000;Rp18.600,00;;;
;;Tukang Besi;L.02;OH;0,45;Rp98.000;Rp44.100,00;;;
;;Kepala Tukang;L.03;OH;0,01;Rp106.000;Rp1.060,00;;;
;;Mandor;L.04;OH;0,05;Rp111.000;Rp5.550,00;;;
;;;;JUMLAH TENAGA KERJA;;;Rp69.310,00;;;
;B;BAHAN;;;;;;;;
;;Baja ringan canai dingin C75;M.148; Kg ;3,72;Rp18.200;Rp67.704,00;;;
;;Baut (Srew driver);M.165; Buah ;28;Rp5.700;Rp159.600,00;;;
;;Dynabol dia 12 x 120 mm;M.175; Buah ;2;Rp15.600;Rp31.200,00;;;
;;Reng Canai Dingin;M.527; M' ;5,4;Rp75.600;Rp408.240,00;;;
;;Talang / Jurai Canai Dingin;M.528; M' ;0,124;Rp23.900;Rp2.963,60;;;
;;;;JUMLAH HARGA BAHAN;;;Rp669.707,60;;;
;C;PERALATAN;;;;;;;;
;;Alat Rangka Atap Baja Canai Dingin;;;0,1;Rp669.707,60;Rp66.970,76;;;
;;;;JUMLAH HARGA ALAT;;;Rp66.970,76;;;
;D;Jumlah (A+B+C);;;;;Rp805.988,36;;;
;E;Overhead & Profit 9,5%;;;0,095;;Rp76.568,89;;;
PBA24;F;Harga Satuan Pekerjaan (D+E);;;;;Rp882.557,25;24;;
;;;;;;;;;;
;Pemasangan 1 M2 Aluminium Composite Panel (ACP) Lengkap Dengan Rangka;;;;;;;;;
;No;Uraian;Kode;Satuan;Koefisien;Harga Satuan;Jumlah Harga;;;
;A;TENAGA;;;;;;;;
;;Pekerja;L.01;OH;0,25;Rp93.000;Rp23.250,00;;;
;;Tukang Besi;L.02;OH;0,25;Rp98.000;Rp24.500,00;;;
;;Kepala Tukang;L.03;OH;0,025;Rp106.000;Rp2.650,00;;;
;;Mandor;L.04;OH;0,013;Rp111.000;Rp1.443,00;;;
;;;;JUMLAH TENAGA KERJA;;;Rp51.843,00;;;
;B;BAHAN;;;;;;;;
;;Rangka metal hollow 40.40.2 mm;M.525; M1 ;4,5;Rp24.800;Rp111.600,00;;;
;;Assesoris (perkuatan, las dll);M.526; Ls ;1;Rp54.300;Rp54.300,00;;;
;;Aluminium Composite Panel;M.607; Lbr ;0,8;Rp857.900;Rp686.320,00;;;
;;;;JUMLAH HARGA BAHAN;;;Rp852.220,00;;;
;C;PERALATAN;;;;;;;;
;;;;JUMLAH HARGA ALAT;;;;;;
;D;Jumlah (A+B+C);;;;;Rp904.063,00;;;
;E;Overhead & Profit 9,5%;;;0,095;;Rp85.885,99;;;
PBA25;F;Harga Satuan Pekerjaan (D+E);;;;;Rp989.948,99;25;;
;;;;;;;;;;
;HARGA SATUAN PEKERJAAN PASANGAN DINDING;;;;;;;;;
;Pemasangan 1 m2 dinding bata merah (5x11x22) cm tebal 1 batu campuran 1 SP : 2 PP;;;;;;;;;
;No;Uraian;Kode;Satuan;Koefisien;Harga Satuan;Jumlah Harga;;;
;A;TENAGA;;;;;;;;
;;Pekerja;L.01;OH;0,6;Rp93.000;Rp55.800,00;;;
;;Tukang Batu;L.02;OH;0,2;Rp98.000;Rp19.600,00;;;
;;Kepala Tukang;L.03;OH;0,02;Rp106.000;Rp2.120,00;;;
;;Mandor;L.04;OH;0,03;Rp111.000;Rp3.330,00;;;
;;;;JUMLAH TENAGA KERJA;;;Rp80.850,00;;;
;B;BAHAN;;;;;;;;
;;Bata merah;M.07; Buah ;140;Rp700;Rp98.000,00;;;
;;Semen portland;M.11; Kg ;43,5;Rp1.250;Rp54.375,00;;;
;;Pasir Pasang;M.48; m3 ;0,08;Rp131.100;Rp10.488,00;;;
;;;;JUMLAH HARGA BAHAN;;;Rp162.863,00;;;
;C;PERALATAN;;;;;;;;
;;;;JUMLAH HARGA ALAT;;;;;;
;D;Jumlah (A+B+C);;;;;Rp243.713,00;;;
;E;Overhead & Profit 9,5%;;;0,095;;Rp23.152,74;;;
PPD1;F;Harga Satuan Pekerjaan (D+E);;;;;Rp266.865,74;1;;
;;;;;;;;;;
;Pemasangan 1 m2 dinding bata merah (5x11x22) cm tebal 1 batu campuran 1 SP : 3 PP;;;;;;;;;
;No;Uraian;Kode;Satuan;Koefisien;Harga Satuan;Jumlah Harga;;;
;A;TENAGA;;;;;;;;
;;Pekerja;L.01;OH;0,6;Rp93.000;Rp55.800,00;;;
;;Tukang Batu;L.02;OH;0,2;Rp98.000;Rp19.600,00;;;
;;Kepala Tukang;L.03;OH;0,02;Rp106.000;Rp2.120,00;;;
;;Mandor;L.04;OH;0,03;Rp111.000;Rp3.330,00;;;
;;;;JUMLAH TENAGA KERJA;;;Rp80.850,00;;;
;B;BAHAN;;;;;;;;
;;Bata merah;M.07; Buah ;140;Rp700;Rp98.000,00;;;
;;Semen portland;M.11; Kg ;32,95;Rp1.250;Rp41.187,50;;;
;;Pasir Pasang;M.48; m3 ;0,091;Rp131.100;Rp11.930,10;;;
;;;;JUMLAH HARGA BAHAN;;;Rp151.117,60;;;
;C;PERALATAN;;;;;;;;
;;;;JUMLAH HARGA ALAT;;;;;;
;D;Jumlah (A+B+C);;;;;Rp231.967,60;;;
;E;Overhead & Profit 9,5%;;;0,095;;Rp22.036,92;;;
PPD2;F;Harga Satuan Pekerjaan (D+E);;;;;Rp254.004,52;2;;
;;;;;;;;;;
;Pemasangan 1 m2 dinding bata merah (5x11x22) cm tebal 1 batu campuran 1 SP : 4 PP;;;;;;;;;
;No;Uraian;Kode;Satuan;Koefisien;Harga Satuan;Jumlah Harga;;;
;A;TENAGA;;;;;;;;
;;Pekerja;L.01;OH;0,6;Rp93.000;Rp55.800,00;;;
;;Tukang Batu;L.02;OH;0,2;Rp98.000;Rp19.600,00;;;
;;Kepala Tukang;L.03;OH;0,02;Rp106.000;Rp2.120,00;;;
;;Mandor;L.04;OH;0,03;Rp111.000;Rp3.330,00;;;
;;;;JUMLAH TENAGA KERJA;;;Rp80.850,00;;;
;B;BAHAN;;;;;;;;
;;Bata merah;M.07; Buah ;140;Rp700;Rp98.000,00;;;
;;Semen portland;M.11; Kg ;26,55;Rp1.250;Rp33.187,50;;;
;;Pasir Pasang;M.48; m3 ;0,093;Rp131.100;Rp12.192,30;;;
;;;;JUMLAH HARGA BAHAN;;;Rp143.379,80;;;
;C;PERALATAN;;;;;;;;
;;;;JUMLAH HARGA ALAT;;;;;;
;D;Jumlah (A+B+C);;;;;Rp224.229,80;;;
;E;Overhead & Profit 9,5%;;;0,095;;Rp21.301,83;;;
PPD3;F;Harga Satuan Pekerjaan (D+E);;;;;Rp245.531,63;3;;
;;;;;;;;;;
;Pemasangan 1 m2 dinding bata merah (5x11x22) cm tebal 1 batu campuran 1 SP : 5 PP;;;;;;;;;
;No;Uraian;Kode;Satuan;Koefisien;Harga Satuan;Jumlah Harga;;;
;A;TENAGA;;;;;;;;
;;Pekerja;L.01;OH;0,6;Rp93.000;Rp55.800,00;;;
;;Tukang Batu;L.02;OH;0,2;Rp98.000;Rp19.600,00;;;
;;Kepala Tukang;L.03;OH;0,02;Rp106.000;Rp2.120,00;;;
;;Mandor;L.04;OH;0,03;Rp111.000;Rp3.330,00;;;
;;;;JUMLAH TENAGA KERJA;;;Rp80.850,00;;;
;B;BAHAN;;;;;;;;
;;Bata merah;M.07; Buah ;140;Rp700;Rp98.000,00;;;
;;Semen portland;M.11; Kg ;22,2;Rp1.250;Rp27.750,00;;;
;;Pasir Pasang;M.48; m3 ;0,102;Rp131.100;Rp13.372,20;;;
;;;;JUMLAH HARGA BAHAN;;;Rp139.122,20;;;
;C;PERALATAN;;;;;;;;
;;;;JUMLAH HARGA ALAT;;;;;;
;D;Jumlah (A+B+C);;;;;Rp219.972,20;;;
;E;Overhead & Profit 9,5%;;;0,095;;Rp20.897,36;;;
PPD4;F;Harga Satuan Pekerjaan (D+E);;;;;Rp240.869,56;4;;
;;;;;;;;;;
;Pemasangan 1 m2 dinding Bata Merah (5x11x22) cm tebal 1 batu campuran 1 SP : 6 PP;;;;;;;;;
;No;Uraian;Kode;Satuan;Koefisien;Harga Satuan;Jumlah Harga;;;
;A;TENAGA;;;;;;;;
;;Pekerja;L.01;OH;0,6;Rp93.000;Rp55.800,00;;;
;;Tukang Batu;L.02;OH;0,2;Rp98.000;Rp19.600,00;;;
;;Kepala Tukang;L.03;OH;0,02;Rp106.000;Rp2.120,00;;;
;;Mandor;L.04;OH;0,03;Rp111.000;Rp3.330,00;;;
;;;;JUMLAH TENAGA KERJA;;;Rp80.850,00;;;
;B;BAHAN;;;;;;;;
;;Bata merah;M.07; Buah ;140;Rp700;Rp98.000,00;;;
;;Semen portland;M.11; Kg ;18,5;Rp1.250;Rp23.125,00;;;
;;Pasir Pasang;M.48; m3 ;0,122;Rp131.100;Rp15.994,20;;;
;;;;JUMLAH HARGA BAHAN;;;Rp137.119,20;;;
;C;PERALATAN;;;;;;;;
;;;;JUMLAH HARGA ALAT;;;;;;
;D;Jumlah (A+B+C);;;;;Rp217.969,20;;;
;E;Overhead & Profit 9,5%;;;0,095;;Rp20.707,07;;;
PPD5;F;Harga Satuan Pekerjaan (D+E);;;;;Rp238.676,27;5;;
;;;;;;;;;;
;Pemasangan 1 m2 dinding bata merah (5x11x22) cm tebal 1 batu campuran 1SP : 3KP : 10P;;;;;;;;;
;No;Uraian;Kode;Satuan;Koefisien;Harga Satuan;Jumlah Harga;;;
;A;TENAGA;;;;;;;;
;;Pekerja;L.01;OH;0,6;Rp93.000;Rp55.800,00;;;
;;Tukang Batu;L.02;OH;0,2;Rp98.000;Rp19.600,00;;;
;;Kepala Tukang;L.03;OH;0,02;Rp106.000;Rp2.120,00;;;
;;Mandor;L.04;OH;0,03;Rp111.000;Rp3.330,00;;;
;;;;JUMLAH TENAGA KERJA;;;Rp80.850,00;;;
;B;BAHAN;;;;;;;;
;;Bata merah;M.07; Buah ;140;Rp700;Rp98.000,00;;;
;;Semen portland;M.11; Kg ;10,08;Rp1.250;Rp12.600,00;;;
;;Kapur;M.43; m3 ;0,0275;Rp111.800;Rp3.074,50;;;
;;Pasir Pasang;M.48; m3 ;0,0925;Rp131.100;Rp12.126,75;;;
;;;;JUMLAH HARGA BAHAN;;;Rp125.801,25;;;
;C;PERALATAN;;;;;;;;
;;;;JUMLAH HARGA ALAT;;;;;;
;D;Jumlah (A+B+C);;;;;Rp206.651,25;;;
;E;Overhead & Profit 9,5%;;;0,095;;Rp19.631,87;;;
PPD6;F;Harga Satuan Pekerjaan (D+E);;;;;Rp226.283,12;6;;
;;;;;;;;;;
;Pemasangan 1 m2 dinding bata merah (5x11x22) cm tebal ½ batu campuran 1SP : 2PP;;;;;;;;;
;No;Uraian;Kode;Satuan;Koefisien;Harga Satuan;Jumlah Harga;;;
;A;TENAGA;;;;;;;;
;;Pekerja;L.01;OH;0,3;Rp93.000;Rp27.900,00;;;
;;Tukang Batu;L.02;OH;0,1;Rp98.000;Rp9.800,00;;;
;;Kepala Tukang;L.03;OH;0,01;Rp106.000;Rp1.060,00;;;
;;Mandor;L.04;OH;0,015;Rp111.000;Rp1.665,00;;;
;;;;JUMLAH TENAGA KERJA;;;Rp40.425,00;;;
;B;BAHAN;;;;;;;;
;;Bata merah;M.07; Buah ;70;Rp700;Rp49.000,00;;;
;;Semen portland;M.11; Kg ;18,95;Rp1.250;Rp23.687,50;;;
;;Pasir Pasang;M.48; m3 ;0,038;Rp131.100;Rp4.981,80;;;
;;;;JUMLAH HARGA BAHAN;;;Rp77.669,30;;;
;C;PERALATAN;;;;;;;;
;;;;JUMLAH HARGA ALAT;;;;;;
;D;Jumlah (A+B+C);;;;;Rp118.094,30;;;
;E;Overhead & Profit 9,5%;;;0,095;;Rp11.218,96;;;
PPD7;F;Harga Satuan Pekerjaan (D+E);;;;;Rp129.313,26;7;;
;;;;;;;;;;
;Pemasangan 1 m2 dinding bata merah (5x11x22) cm tebal ½ batu campuran 1SP : 3PP;;;;;;;;;
;No;Uraian;Kode;Satuan;Koefisien;Harga Satuan;Jumlah Harga;;;
;A;TENAGA;;;;;;;;
;;Pekerja;L.01;OH;0,3;Rp93.000;Rp27.900,00;;;
;;Tukang Batu;L.02;OH;0,1;Rp98.000;Rp9.800,00;;;
;;Kepala Tukang;L.03;OH;0,01;Rp106.000;Rp1.060,00;;;
;;Mandor;L.04;OH;0,015;Rp111.000;Rp1.665,00;;;
;;;;JUMLAH TENAGA KERJA;;;Rp40.425,00;;;
;B;BAHAN;;;;;;;;
;;Bata merah;M.07; Buah ;70;Rp700;Rp49.000,00;;;
;;Semen portland;M.11; Kg ;14,37;Rp1.250;Rp17.962,50;;;
;;Pasir Pasang;M.48; m3 ;0,04;Rp131.100;Rp5.244,00;;;
;;;;JUMLAH HARGA BAHAN;;;Rp72.206,50;;;
;C;PERALATAN;;;;;;;;
;;;;JUMLAH HARGA ALAT;;;;;;
;D;Jumlah (A+B+C);;;;;Rp112.631,50;;;
;E;Overhead & Profit 9,5%;;;0,095;;Rp10.699,99;;;
PPD8;F;Harga Satuan Pekerjaan (D+E);;;;;Rp123.331,49;8;;
;;;;;;;;;;
;Pemasangan 1 m2 dinding bata merah (5x11x22) cm tebal ½ batu campuran 1SP :4PP;;;;;;;;;
;No;Uraian;Kode;Satuan;Koefisien;Harga Satuan;Jumlah Harga;;;
;A;TENAGA;;;;;;;;
;;Pekerja;L.01;OH;0,3;Rp93.000;Rp27.900,00;;;
;;Tukang Batu;L.02;OH;0,1;Rp98.000;Rp9.800,00;;;
;;Kepala Tukang;L.03;OH;0,01;Rp106.000;Rp1.060,00;;;
;;Mandor;L.04;OH;0,015;Rp111.000;Rp1.665,00;;;
;;;;JUMLAH TENAGA KERJA;;;Rp40.425,00;;;
;B;BAHAN;;;;;;;;
;;Bata merah;M.07; Buah ;70;Rp700;Rp49.000,00;;;
;;Semen portland;M.11; Kg ;11,5;Rp1.250;Rp14.375,00;;;
;;Pasir Pasang;M.48; m3 ;0,043;Rp131.100;Rp5.637,30;;;
;;;;JUMLAH HARGA BAHAN;;;Rp69.012,30;;;
;C;PERALATAN;;;;;;;;
;;;;JUMLAH HARGA ALAT;;;;;;
;D;Jumlah (A+B+C);;;;;Rp109.437,30;;;
;E;Overhead & Profit 9,5%;;;0,095;;Rp10.396,54;;;
PPD9;F;Harga Satuan Pekerjaan (D+E);;;;;Rp119.833,84;9;;
;;;;;;;;;;
;Pemasangan 1 m2 dinding bata merah (5x11x22)cm tebal ½ batu campuran 1 SP : 5 PP;;;;;;;;;
;No;Uraian;Kode;Satuan;Koefisien;Harga Satuan;Jumlah Harga;;;
;A;TENAGA;;;;;;;;
;;Pekerja;L.01;OH;0,3;Rp93.000;Rp27.900,00;;;
;;Tukang Batu;L.02;OH;0,1;Rp98.000;Rp9.800,00;;;
;;Kepala Tukang;L.03;OH;0,01;Rp106.000;Rp1.060,00;;;
;;Mandor;L.04;OH;0,015;Rp111.000;Rp1.665,00;;;
;;;;JUMLAH TENAGA KERJA;;;Rp40.425,00;;;
;B;BAHAN;;;;;;;;
;;Bata merah;M.07; Buah ;70;Rp700;Rp49.000,00;;;
;;Semen portland;M.11; Kg ;9,68;Rp1.250;Rp12.100,00;;;
;;Pasir Pasang;M.48; m3 ;0,045;Rp131.100;Rp5.899,50;;;
;;;;JUMLAH HARGA BAHAN;;;Rp66.999,50;;;
;C;PERALATAN;;;;;;;;
;;;;JUMLAH HARGA ALAT;;;;;;
;D;Jumlah (A+B+C);;;;;Rp107.424,50;;;
;E;Overhead & Profit 9,5%;;;0,095;;Rp10.205,33;;;
PPD10;F;Harga Satuan Pekerjaan (D+E);;;;;Rp117.629,83;10;;
;;;;;;;;;;
;Pemasangan 1 m2 dinding bata merah (5x11x22)cm tebal ½ batu campuran 1 SP : 6 PP;;;;;;;;;
;No;Uraian;Kode;Satuan;Koefisien;Harga Satuan;Jumlah Harga;;;
;A;TENAGA;;;;;;;;
;;Pekerja;L.01;OH;0,3;Rp93.000;Rp27.900,00;;;
;;Tukang Batu;L.02;OH;0,1;Rp98.000;Rp9.800,00;;;
;;Kepala Tukang;L.03;OH;0,01;Rp106.000;Rp1.060,00;;;
;;Mandor;L.04;OH;0,015;Rp111.000;Rp1.665,00;;;
;;;;JUMLAH TENAGA KERJA;;;Rp40.425,00;;;
;B;BAHAN;;;;;;;;
;;Bata merah;M.07; Buah ;70;Rp700;Rp49.000,00;;;
;;Semen portland;M.11; Kg ;8,32;Rp1.250;Rp10.400,00;;;
;;Pasir Pasang;M.48; m3 ;0,049;Rp131.100;Rp6.423,90;;;
;;;;JUMLAH HARGA BAHAN;;;Rp65.823,90;;;
;C;PERALATAN;;;;;;;;
;;;;JUMLAH HARGA ALAT;;;;;;
;D;Jumlah (A+B+C);;;;;Rp106.248,90;;;
;E;Overhead & Profit 9,5%;;;0,095;;Rp10.093,65;;;
PPD11;F;Harga Satuan Pekerjaan (D+E);;;;;Rp116.342,55;11;;
;;;;;;;;;;
;Pemasangan 1 m2 dinding bata merah (5x11x22)cm tebal ½ batu campuran 1SP : 8 PP;;;;;;;;;
;No;Uraian;Kode;Satuan;Koefisien;Harga Satuan;Jumlah Harga;;;
;A;TENAGA;;;;;;;;
;;Pekerja;L.01;OH;0,3;Rp93.000;Rp27.900,00;;;
;;Tukang Batu;L.02;OH;0,1;Rp98.000;Rp9.800,00;;;
;;Kepala Tukang;L.03;OH;0,01;Rp106.000;Rp1.060,00;;;
;;Mandor;L.04;OH;0,015;Rp111.000;Rp1.665,00;;;
;;;;JUMLAH TENAGA KERJA;;;Rp40.425,00;;;
;B;BAHAN;;;;;;;;
;;Bata merah;M.07; Buah ;70;Rp700;Rp49.000,00;;;
;;Semen portland;M.11; Kg ;6,5;Rp1.250;Rp8.125,00;;;
;;Pasir Pasang;M.48; m3 ;0,05;Rp131.100;Rp6.555,00;;;
;;;;JUMLAH HARGA BAHAN;;;Rp63.680,00;;;
;C;PERALATAN;;;;;;;;
;;;;JUMLAH HARGA ALAT;;;;;;
;D;Jumlah (A+B+C);;;;;Rp104.105,00;;;
;E;Overhead & Profit 9,5%;;;0,095;;Rp9.889,98;;;
PPD12;F;Harga Satuan Pekerjaan (D+E);;;;;Rp113.994,98;12;;
;;;;;;;;;;
;Pemasangan 1 m2 dinding bata merah (5x11x22)cm tebal ½ batu campuran 1SP : 3KP :10P;;;;;;;;;
;No;Uraian;Kode;Satuan;Koefisien;Harga Satuan;Jumlah Harga;;;
;A;TENAGA;;;;;;;;
;;Pekerja;L.01;OH;0,3;Rp93.000;Rp27.900,00;;;
;;Tukang Batu;L.02;OH;0,1;Rp98.000;Rp9.800,00;;;
;;Kepala Tukang;L.03;OH;0,01;Rp106.000;Rp1.060,00;;;
;;Mandor;L.04;OH;0,015;Rp111.000;Rp1.665,00;;;
;;;;JUMLAH TENAGA KERJA;;;Rp40.425,00;;;
;B;BAHAN;;;;;;;;
;;Bata merah;M.07; Buah ;70;Rp700;Rp49.000,00;;;
;;Semen portland;M.11; Kg ;4,5;Rp1.250;Rp5.625,00;;;
;;Kapur;M.43; m3 ;0,015;Rp111.800;Rp1.677,00;;;
;;Pasir Pasang;M.48; m3 ;0,05;Rp131.100;Rp6.555,00;;;
;;;;JUMLAH HARGA BAHAN;;;Rp62.857,00;;;
;C;PERALATAN;;;;;;;;
;;;;JUMLAH HARGA ALAT;;;;;;
;D;Jumlah (A+B+C);;;;;Rp103.282,00;;;
;E;Overhead & Profit 9,5%;;;0,095;;Rp9.811,79;;;
PPD13;F;Harga Satuan Pekerjaan (D+E);;;;;Rp113.093,79;13;;
;;;;;;;;;;
;Pemasangan 1 m2 dinding bata merah (5x11x22)cm tebal ½ batu campuran 1SM : 1KP :1PP;;;;;;;;;
;No;Uraian;Kode;Satuan;Koefisien;Harga Satuan;Jumlah Harga;;;
;A;TENAGA;;;;;;;;
;;Pekerja;L.01;OH;0,3;Rp93.000;Rp27.900,00;;;
;;Tukang Batu;L.02;OH;0,1;Rp98.000;Rp9.800,00;;;
;;Kepala Tukang;L.03;OH;0,01;Rp106.000;Rp1.060,00;;;
;;Mandor;L.04;OH;0,015;Rp111.000;Rp1.665,00;;;
;;;;JUMLAH TENAGA KERJA;;;Rp40.425,00;;;
;B;BAHAN;;;;;;;;
;;Bata merah;M.07; Buah ;70;Rp700;Rp49.000,00;;;
;;Semen Merah;M.487; Kg ;0,018;Rp13.300;Rp239,40;;;
;;Kapur;M.43; m3 ;0,018;Rp111.800;Rp2.012,40;;;
;;Pasir Pasang;M.48; m3 ;0,018;Rp131.100;Rp2.359,80;;;
;;;;JUMLAH HARGA BAHAN;;;Rp53.611,60;;;
;C;PERALATAN;;;;;;;;
;;;;JUMLAH HARGA ALAT;;;;;;
;D;Jumlah (A+B+C);;;;;Rp94.036,60;;;
;E;Overhead & Profit 9,5%;;;0,095;;Rp8.933,48;;;
PPD14;F;Harga Satuan Pekerjaan (D+E);;;;;Rp102.970,08;14;;
;;;;;;;;;;
;Pemasangan 1 m2 dinding bata merah (5x11x22) cm tebal ½ batu campuran 1SM : 1KP :2P;;;;;;;;;
;No;Uraian;Kode;Satuan;Koefisien;Harga Satuan;Jumlah Harga;;;
;A;TENAGA;;;;;;;;
;;Pekerja;L.01;OH;0,3;Rp93.000;Rp27.900,00;;;
;;Tukang Batu;L.02;OH;0,1;Rp98.000;Rp9.800,00;;;
;;Kepala Tukang;L.03;OH;0,01;Rp106.000;Rp1.060,00;;;
;;Mandor;L.04;OH;0,015;Rp111.000;Rp1.665,00;;;
;;;;JUMLAH TENAGA KERJA;;;Rp40.425,00;;;
;B;BAHAN;;;;;;;;
;;Bata merah;M.07; Buah ;70;Rp700;Rp49.000,00;;;
;;Semen Merah;M.487; Kg ;0,014;Rp13.300;Rp186,20;;;
;;Kapur;M.43; m3 ;0,014;Rp111.800;Rp1.565,20;;;
;;Pasir Pasang;M.48; m3 ;0,028;Rp131.100;Rp3.670,80;;;
;;;;JUMLAH HARGA BAHAN;;;Rp54.422,20;;;
;C;PERALATAN;;;;;;;;
;;;;JUMLAH HARGA ALAT;;;;;;
;D;Jumlah (A+B+C);;;;;Rp94.847,20;;;
;E;Overhead & Profit 9,5%;;;0,095;;Rp9.010,48;;;
PPD15;F;Harga Satuan Pekerjaan (D+E);;;;;Rp103.857,68;15;;
;;;;;;;;;;
;Pemasangan 1 m2 dinding conblock HB20 campuran 1SP : 3PP;;;;;;;;;
;No;Uraian;Kode;Satuan;Koefisien;Harga Satuan;Jumlah Harga;;;
;A;TENAGA;;;;;;;;
;;Pekerja;L.01;OH;0,35;Rp93.000;Rp32.550,00;;;
;;Tukang Batu;L.02;OH;0,15;Rp98.000;Rp14.700,00;;;
;;Kepala Tukang;L.03;OH;0,015;Rp106.000;Rp1.590,00;;;
;;Mandor;L.04;OH;0,018;Rp111.000;Rp1.998,00;;;
;;;;JUMLAH TENAGA KERJA;;;Rp50.838,00;;;
;B;BAHAN;;;;;;;;
;;HB-20;BT.1; Bh ;12,5;Rp3.573;Rp44.666,63;;;
;;Semen portland;M.11; Kg ;30,32;Rp1.250;Rp37.900,00;;;
;;Pasir Pasang;M.48; m3 ;0,728;Rp131.100;Rp95.440,80;;;
;;Besi angker dia 8;M.530; Kg ;0,28;Rp16.200;Rp4.536,00;;;
;;;;JUMLAH HARGA BAHAN;;;Rp182.543,43;;;
;C;PERALATAN;;;;;;;;
;;;;JUMLAH HARGA ALAT;;;;;;
;D;Jumlah (A+B+C);;;;;Rp233.381,43;;;
;E;Overhead & Profit 9,5%;;;0,095;;Rp22.171,24;;;
PPD16;F;Harga Satuan Pekerjaan (D+E);;;;;Rp255.552,66;16;;
;;;;;;;;;;
;Pemasangan 1 m2 dinding conblock HB20 campuran 1SP:4PP;;;;;;;;;
;No;Uraian;Kode;Satuan;Koefisien;Harga Satuan;Jumlah Harga;;;
;A;TENAGA;;;;;;;;
;;Pekerja;L.01;OH;0,35;Rp93.000;Rp32.550,00;;;
;;Tukang Batu;L.02;OH;0,15;Rp98.000;Rp14.700,00;;;
;;Kepala Tukang;L.03;OH;0,015;Rp106.000;Rp1.590,00;;;
;;Mandor;L.04;OH;0,018;Rp111.000;Rp1.998,00;;;
;;;;JUMLAH TENAGA KERJA;;;Rp50.838,00;;;
;B;BAHAN;;;;;;;;
;;HB-20;BT.1; Bh ;12,5;Rp3.573;Rp44.666,63;;;
;;Semen portland;M.11; Kg ;24,26;Rp1.250;Rp30.325,00;;;
;;Pasir Pasang;M.48; m3 ;0,772;Rp131.100;Rp101.209,20;;;
;;Besi angker dia 8;M.530; Kg ;0,28;Rp16.200;Rp4.536,00;;;
;;;;JUMLAH HARGA BAHAN;;;Rp180.736,83;;;
;C;PERALATAN;;;;;;;;
;;;;JUMLAH HARGA ALAT;;;;;;
;D;Jumlah (A+B+C);;;;;Rp231.574,83;;;
;E;Overhead & Profit 9,5%;;;0,095;;Rp21.999,61;;;
PPD17;F;Harga Satuan Pekerjaan (D+E);;;;;Rp253.574,43;17;;
;;;;;;;;;;
;Pemasangan 1 m2 dinding conblock HB15 campuran 1SP :3PP;;;;;;;;;
;No;Uraian;Kode;Satuan;Koefisien;Harga Satuan;Jumlah Harga;;;
;A;TENAGA;;;;;;;;
;;Pekerja;L.01;OH;0,32;Rp93.000;Rp29.760,00;;;
;;Tukang Batu;L.02;OH;0,12;Rp98.000;Rp11.760,00;;;
;;Kepala Tukang;L.03;OH;0,012;Rp106.000;Rp1.272,00;;;
;;Mandor;L.04;OH;0,016;Rp111.000;Rp1.776,00;;;
;;;;JUMLAH TENAGA KERJA;;;Rp44.568,00;;;
;B;BAHAN;;;;;;;;
;;HB-15;BT.2; Bh ;12,5;Rp3.256;Rp40.704,63;;;
;;Semen portland;M.11; Kg ;22,74;Rp1.250;Rp28.425,00;;;
;;Pasir Pasang;M.48; m3 ;0,55;Rp131.100;Rp72.105,00;;;
;;Besi angker dia 8;M.530; Kg ;0,28;Rp16.200;Rp4.536,00;;;
;;;;JUMLAH HARGA BAHAN;;;Rp145.770,63;;;
;C;PERALATAN;;;;;;;;
;;;;JUMLAH HARGA ALAT;;;;;;
;D;Jumlah (A+B+C);;;;;Rp190.338,63;;;
;E;Overhead & Profit 9,5%;;;0,095;;Rp18.082,17;;;
PPD18;F;Harga Satuan Pekerjaan (D+E);;;;;Rp208.420,79;18;;
;;;;;;;;;;
;Pemasangan 1 m2 dinding conblock HB15 campuran 1SP :4PP;;;;;;;;;
;No;Uraian;Kode;Satuan;Koefisien;Harga Satuan;Jumlah Harga;;;
;A;TENAGA;;;;;;;;
;;Pekerja;L.01;OH;0,32;Rp93.000;Rp29.760,00;;;
;;Tukang Batu;L.02;OH;0,12;Rp98.000;Rp11.760,00;;;
;;Kepala Tukang;L.03;OH;0,012;Rp106.000;Rp1.272,00;;;
;;Mandor;L.04;OH;0,016;Rp111.000;Rp1.776,00;;;
;;;;JUMLAH TENAGA KERJA;;;Rp44.568,00;;;
;B;BAHAN;;;;;;;;
;;HB-15;BT.2; Bh ;12,5;Rp3.256;Rp40.704,63;;;
;;Semen portland;M.11; Kg ;18,2;Rp1.250;Rp22.750,00;;;
;;Pasir Pasang;M.48; m3 ;0,582;Rp131.100;Rp76.300,20;;;
;;Besi angker dia 8;M.530; Kg ;0,28;Rp16.200;Rp4.536,00;;;
;;;;JUMLAH HARGA BAHAN;;;Rp144.290,83;;;
;C;PERALATAN;;;;;;;;
;;;;JUMLAH HARGA ALAT;;;;;;
;D;Jumlah (A+B+C);;;;;Rp188.858,83;;;
;E;Overhead & Profit 9,5%;;;0,095;;Rp17.941,59;;;
PPD19;F;Harga Satuan Pekerjaan (D+E);;;;;Rp206.800,41;19;;
;;;;;;;;;;
;Pemasangan 1 m2 dinding conblock HB10 campuran 1SP :3PP;;;;;;;;;
;No;Uraian;Kode;Satuan;Koefisien;Harga Satuan;Jumlah Harga;;;
;A;TENAGA;;;;;;;;
;;Pekerja;L.01;OH;0,3;Rp93.000;Rp27.900,00;;;
;;Tukang Batu;L.02;OH;0,1;Rp98.000;Rp9.800,00;;;
;;Kepala Tukang;L.03;OH;0,01;Rp106.000;Rp1.060,00;;;
;;Mandor;L.04;OH;0,015;Rp111.000;Rp1.665,00;;;
;;;;JUMLAH TENAGA KERJA;;;Rp40.425,00;;;
;B;BAHAN;;;;;;;;
;;HB-10;BT.3; Bh ;12,5;Rp2.920;Rp36.500,00;;;
;;Semen portland;M.11; Kg ;15,16;Rp1.250;Rp18.950,00;;;
;;Pasir Pasang;M.48; m3 ;0,364;Rp131.100;Rp47.720,40;;;
;;Besi angker dia 8;M.530; Kg ;0,28;Rp16.200;Rp4.536,00;;;
;;;;JUMLAH HARGA BAHAN;;;Rp107.706,40;;;
;C;PERALATAN;;;;;;;;
;;;;JUMLAH HARGA ALAT;;;;;;
;D;Jumlah (A+B+C);;;;;Rp148.131,40;;;
;E;Overhead & Profit 9,5%;;;0,095;;Rp14.072,48;;;
PPD20;F;Harga Satuan Pekerjaan (D+E);;;;;Rp162.203,88;20;;
;;;;;;;;;;
;Pemasangan 1 m2 dinding conblock HB10 campuran 1SP :4PP;;;;;;;;;
;No;Uraian;Kode;Satuan;Koefisien;Harga Satuan;Jumlah Harga;;;
;A;TENAGA;;;;;;;;
;;Pekerja;L.01;OH;0,3;Rp93.000;Rp27.900,00;;;
;;Tukang Batu;L.02;OH;0,1;Rp98.000;Rp9.800,00;;;
;;Kepala Tukang;L.03;OH;0,01;Rp106.000;Rp1.060,00;;;
;;Mandor;L.04;OH;0,015;Rp111.000;Rp1.665,00;;;
;;;;JUMLAH TENAGA KERJA;;;Rp40.425,00;;;
;B;BAHAN;;;;;;;;
;;HB-10;BT.3; Bh ;12,5;Rp2.920;Rp36.500,00;;;
;;Semen portland;M.11; Kg ;12,13;Rp1.250;Rp15.162,50;;;
;;Pasir Pasang;M.48; m3 ;0,388;Rp131.100;Rp50.866,80;;;
;;Besi angker dia 8;M.530; Kg ;0,28;Rp16.200;Rp4.536,00;;;
;;;;JUMLAH HARGA BAHAN;;;Rp107.065,30;;;
;C;PERALATAN;;;;;;;;
;;;;JUMLAH HARGA ALAT;;;;;;
;D;Jumlah (A+B+C);;;;;Rp147.490,30;;;
;E;Overhead & Profit 9,5%;;;0,095;;Rp14.011,58;;;
PPD21;F;Harga Satuan Pekerjaan (D+E);;;;;Rp161.501,88;21;;
;;;;;;;;;;
;Pemasangan 1 m2 dinding terawang (rooster) 12x11x24 campuran 1SP :3PP;;;;;;;;;
;No;Uraian;Kode;Satuan;Koefisien;Harga Satuan;Jumlah Harga;;;
;A;TENAGA;;;;;;;;
;;Pekerja;L.01;OH;0,3;Rp93.000;Rp27.900,00;;;
;;Tukang Batu;L.02;OH;0,1;Rp98.000;Rp9.800,00;;;
;;Kepala Tukang;L.03;OH;0,01;Rp106.000;Rp1.060,00;;;
;;Mandor;L.04;OH;0,015;Rp111.000;Rp1.665,00;;;
;;;;JUMLAH TENAGA KERJA;;;Rp40.425,00;;;
;B;BAHAN;;;;;;;;
;;Bata rooster;M.533; m3 ;30;Rp7.600;Rp228.000,00;;;
;;Semen portland;M.11; Kg ;11;Rp1.250;Rp13.750,00;;;
;;Pasir Pasang;M.48; m3 ;0,035;Rp131.100;Rp4.588,50;;;
;;;;JUMLAH HARGA BAHAN;;;Rp246.338,50;;;
;C;PERALATAN;;;;;;;;
;;;;JUMLAH HARGA ALAT;;;;;;
;D;Jumlah (A+B+C);;;;;Rp286.763,50;;;
;E;Overhead & Profit 9,5%;;;0,095;;Rp27.242,53;;;
PPD22;F;Harga Satuan Pekerjaan (D+E);;;;;Rp314.006,03;22;;
;;;;;;;;;;
;Pemasangan 1 m2 dinding terawang (rooster) 12x11x24 campuran 1SP :4PP;;;;;;;;;
;No;Uraian;Kode;Satuan;Koefisien;Harga Satuan;Jumlah Harga;;;
;A;TENAGA;;;;;;;;
;;Pekerja;L.01;OH;0,3;Rp93.000;Rp27.900,00;;;
;;Tukang Batu;L.02;OH;0,1;Rp98.000;Rp9.800,00;;;
;;Kepala Tukang;L.03;OH;0,01;Rp106.000;Rp1.060,00;;;
;;Mandor;L.04;OH;0,015;Rp111.000;Rp1.665,00;;;
;;;;JUMLAH TENAGA KERJA;;;Rp40.425,00;;;
;B;BAHAN;;;;;;;;
;;Bata berongga;M.534; m3 ;30;Rp8.800;Rp264.000,00;;;
;;Semen portland;M.11; Kg ;11;Rp1.250;Rp13.750,00;;;
;;Pasir Pasang;M.48; m3 ;0,035;Rp131.100;Rp4.588,50;;;
;;;;JUMLAH HARGA BAHAN;;;Rp282.338,50;;;
;C;PERALATAN;;;;;;;;
;;;;JUMLAH HARGA ALAT;;;;;;
;D;Jumlah (A+B+C);;;;;Rp322.763,50;;;
;E;Overhead & Profit 9,5%;;;0,095;;Rp30.662,53;;;
PPD23;F;Harga Satuan Pekerjaan (D+E);;;;;Rp353.426,03;23;;
;;;;;;;;;;
;Pemasangan 1 m2 dinding bata berongga ekspose 12x11x24 campuran 1 SP : 3 PP;;;;;;;;;
;No;Uraian;Kode;Satuan;Koefisien;Harga Satuan;Jumlah Harga;;;
;A;TENAGA;;;;;;;;
;;Pekerja;L.01;OH;0,3;Rp93.000;Rp27.900,00;;;
;;Tukang Batu;L.02;OH;0,15;Rp98.000;Rp14.700,00;;;
;;Kepala Tukang;L.03;OH;0,015;Rp106.000;Rp1.590,00;;;
;;Mandor;L.04;OH;0,015;Rp111.000;Rp1.665,00;;;
;;;;JUMLAH TENAGA KERJA;;;Rp45.855,00;;;
;B;BAHAN;;;;;;;;
;;Bata rooster;M.533; m3 ;70;Rp7.600;Rp532.000,00;;;
;;Semen portland;M.11; Kg ;14;Rp1.250;Rp17.500,00;;;
;;Pasir Pasang;M.48; m3 ;0,032;Rp131.100;Rp4.195,20;;;
;;;;JUMLAH HARGA BAHAN;;;Rp553.695,20;;;
;C;PERALATAN;;;;;;;;
;;;;JUMLAH HARGA ALAT;;;;;;
;D;Jumlah (A+B+C);;;;;Rp599.550,20;;;
;E;Overhead & Profit 9,5%;;;0,095;;Rp56.957,27;;;
PPD24;F;Harga Satuan Pekerjaan (D+E);;;;;Rp656.507,47;24;;
;;;;;;;;;;
;Pemasangan 1 m2 dinding bata ringan tebal 7,5 cm dengan mortar siap pakai B.;;;;;;;;;
;No;Uraian;Kode;Satuan;Koefisien;Harga Satuan;Jumlah Harga;;;
;A;TENAGA;;;;;;;;
;;Pekerja;L.01;OH;0,35;Rp93.000;Rp32.550,00;;;
;;Tukang Batu;L.02;OH;0,13;Rp98.000;Rp12.740,00;;;
;;Kepala Tukang;L.03;OH;0,013;Rp106.000;Rp1.378,00;;;
;;Mandor;L.04;OH;0,003;Rp111.000;Rp333,00;;;
;;;;JUMLAH TENAGA KERJA;;;Rp47.001,00;;;
;B;BAHAN;;;;;;;;
;;Bata ringan tebal 7,5 cm;M.535; m3 ;0,075;Rp802.500;Rp60.187,50;;;
;;Mortar siap pakai;M.536; Kg ;2,772;Rp3.200;Rp8.870,40;;;
;;;;JUMLAH HARGA BAHAN;;;Rp69.057,90;;;
;C;PERALATAN;;;;;;;;
;;Peralatan Pasang Dinding Bata Ringan;;Ls;0,15;Rp47.001,00;Rp7.050,15;;;
;;;;JUMLAH HARGA ALAT;;;Rp7.050,15;;;
;D;Jumlah (A+B+C);;;;;Rp123.109,05;;;
;E;Overhead & Profit 9,5%;;;0,095;;Rp11.695,36;;;
PPD25;F;Harga Satuan Pekerjaan (D+E);;;;;Rp134.804,41;25;;
;;;;;;;;;;
;Pemasangan 1 m2 dinding bata ringan tebal 10 cm dengan mortar siap pakai;;;;;;;;;
;No;Uraian;Kode;Satuan;Koefisien;Harga Satuan;Jumlah Harga;;;
;A;TENAGA;;;;;;;;
;;Pekerja;L.01;OH;0,35;Rp93.000;Rp32.550,00;;;
;;Tukang Batu;L.02;OH;0,13;Rp98.000;Rp12.740,00;;;
;;Kepala Tukang;L.03;OH;0,013;Rp106.000;Rp1.378,00;;;
;;Mandor;L.04;OH;0,003;Rp111.000;Rp333,00;;;
;;;;JUMLAH TENAGA KERJA;;;Rp47.001,00;;;
;B;BAHAN;;;;;;;;
;;Bata ringan tebal 7,5 cm;M.535; m3 ;0,1;Rp802.500;Rp80.250,00;;;
;;Mortar siap pakai;M.536; Kg ;4,4;Rp3.200;Rp14.080,00;;;
;;;;JUMLAH HARGA BAHAN;;;Rp94.330,00;;;
;C;PERALATAN;;;;;;;;
;;Peralatan Pasang Dinding Bata Ringan;;Ls;0,1;Rp47.001,00;Rp4.700,10;;;
;;;;JUMLAH HARGA ALAT;;;Rp4.700,10;;;
;D;Jumlah (A+B+C);;;;;Rp146.031,10;;;
;E;Overhead & Profit 9,5%;;;0,095;;Rp13.872,95;;;
PPD26;F;Harga Satuan Pekerjaan (D+E);;;;;Rp159.904,05;26;;
;;;;;;;;;;
;HARGA SATUAN PEKERJAAN PLESTERAN;;;;;;;;;
;Pemasangan 1 m2 plesteran 1SP : 1PP tebal 15 mm.;;;;;;;;;
;No;Uraian;Kode;Satuan;Koefisien;Harga Satuan;Jumlah Harga;;;
;A;TENAGA;;;;;;;;
;;Pekerja;L.01;OH;0,3;Rp93.000;Rp27.900,00;;;
;;Tukang Batu;L.02;OH;0,15;Rp98.000;Rp14.700,00;;;
;;Kepala Tukang;L.03;OH;0,015;Rp106.000;Rp1.590,00;;;
;;Mandor;L.04;OH;0,015;Rp111.000;Rp1.665,00;;;
;;;;JUMLAH TENAGA KERJA;;;Rp45.855,00;;;
;B;BAHAN;;;;;;;;
;;Semen portland;M.11; Kg ;15,504;Rp1.250;Rp19.380,00;;;
;;Pasir Pasang;M.48; m3 ;0,016;Rp131.100;Rp2.097,60;;;
;;;;JUMLAH HARGA BAHAN;;;Rp21.477,60;;;
;C;PERALATAN;;;;;;;;
;;;;JUMLAH HARGA ALAT;;;;;;
;D;Jumlah (A+B+C);;;;;Rp67.332,60;;;
;E;Overhead & Profit 9,5%;;;0,095;;Rp6.396,60;;;
PPT1;F;Harga Satuan Pekerjaan (D+E);;;;;Rp73.729,20;1;;
;;;;;;;;;;
;Pemasangan 1 m2 plesteran 1SP : 2PP tebal 15 mm.;;;;;;;;;
;No;Uraian;Kode;Satuan;Koefisien;Harga Satuan;Jumlah Harga;;;
;A;TENAGA;;;;;;;;
;;Pekerja;L.01;OH;0,3;Rp93.000;Rp27.900,00;;;
;;Tukang Batu;L.02;OH;0,15;Rp98.000;Rp14.700,00;;;
;;Kepala Tukang;L.03;OH;0,015;Rp106.000;Rp1.590,00;;;
;;Mandor;L.04;OH;0,015;Rp111.000;Rp1.665,00;;;
;;;;JUMLAH TENAGA KERJA;;;Rp45.855,00;;;
;B;BAHAN;;;;;;;;
;;Semen portland;M.11; Kg ;10,224;Rp1.250;Rp12.780,00;;;
;;Pasir Pasang;M.48; m3 ;0,02;Rp131.100;Rp2.622,00;;;
;;;;JUMLAH HARGA BAHAN;;;Rp15.402,00;;;
;C;PERALATAN;;;;;;;;
;;;;JUMLAH HARGA ALAT;;;;;;
;D;Jumlah (A+B+C);;;;;Rp61.257,00;;;
;E;Overhead & Profit 9,5%;;;0,095;;Rp5.819,42;;;
PPT2;F;Harga Satuan Pekerjaan (D+E);;;;;Rp67.076,42;2;;
;;;;;;;;;;
;Pemasangan 1 m2 plesteran 1SP : 3PP tebal 15mm.;;;;;;;;;
;No;Uraian;Kode;Satuan;Koefisien;Harga Satuan;Jumlah Harga;;;
;A;TENAGA;;;;;;;;
;;Pekerja;L.01;OH;0,3;Rp93.000;Rp27.900,00;;;
;;Tukang Batu;L.02;OH;0,15;Rp98.000;Rp14.700,00;;;
;;Kepala Tukang;L.03;OH;0,015;Rp106.000;Rp1.590,00;;;
;;Mandor;L.04;OH;0,015;Rp111.000;Rp1.665,00;;;
;;;;JUMLAH TENAGA KERJA;;;Rp45.855,00;;;
;B;BAHAN;;;;;;;;
;;Semen portland;M.11; Kg ;7,776;Rp1.250;Rp9.720,00;;;
;;Pasir Pasang;M.48; m3 ;0,023;Rp131.100;Rp3.015,30;;;
;;;;JUMLAH HARGA BAHAN;;;Rp12.735,30;;;
;C;PERALATAN;;;;;;;;
;;;;JUMLAH HARGA ALAT;;;;;;
;D;Jumlah (A+B+C);;;;;Rp58.590,30;;;
;E;Overhead & Profit 9,5%;;;0,095;;Rp5.566,08;;;
PPT3;F;Harga Satuan Pekerjaan (D+E);;;;;Rp64.156,38;3;;
;;;;;;;;;;
;Pemasangan 1 m2 plesteran 1SP : 4PP tebal 15 mm;;;;;;;;;
;No;Uraian;Kode;Satuan;Koefisien;Harga Satuan;Jumlah Harga;;;
;A;TENAGA;;;;;;;;
;;Pekerja;L.01;OH;0,3;Rp93.000;Rp27.900,00;;;
;;Tukang Batu;L.02;OH;0,15;Rp98.000;Rp14.700,00;;;
;;Kepala Tukang;L.03;OH;0,015;Rp106.000;Rp1.590,00;;;
;;Mandor;L.04;OH;0,015;Rp111.000;Rp1.665,00;;;
;;;;JUMLAH TENAGA KERJA;;;Rp45.855,00;;;
;B;BAHAN;;;;;;;;
;;Semen portland;M.11; Kg ;6,24;Rp1.250;Rp7.800,00;;;
;;Pasir Pasang;M.48; m3 ;0,024;Rp131.100;Rp3.146,40;;;
;;;;JUMLAH HARGA BAHAN;;;Rp10.946,40;;;
;C;PERALATAN;;;;;;;;
;;;;JUMLAH HARGA ALAT;;;;;;
;D;Jumlah (A+B+C);;;;;Rp56.801,40;;;
;E;Overhead & Profit 9,5%;;;0,095;;Rp5.396,13;;;
PPT4;F;Harga Satuan Pekerjaan (D+E);;;;;Rp62.197,53;4;;
;;;;;;;;;;
;Pemasangan 1 m2 plesteran 1SP : 5PP tebal 15 mm;;;;;;;;;
;No;Uraian;Kode;Satuan;Koefisien;Harga Satuan;Jumlah Harga;;;
;A;TENAGA;;;;;;;;
;;Pekerja;L.01;OH;0,3;Rp93.000;Rp27.900,00;;;
;;Tukang Batu;L.02;OH;0,15;Rp98.000;Rp14.700,00;;;
;;Kepala Tukang;L.03;OH;0,015;Rp106.000;Rp1.590,00;;;
;;Mandor;L.04;OH;0,015;Rp111.000;Rp1.665,00;;;
;;;;JUMLAH TENAGA KERJA;;;Rp45.855,00;;;
;B;BAHAN;;;;;;;;
;;Semen portland;M.11; Kg ;5,184;Rp1.250;Rp6.480,00;;;
;;Pasir Pasang;M.48; m3 ;0,026;Rp131.100;Rp3.408,60;;;
;;;;JUMLAH HARGA BAHAN;;;Rp9.888,60;;;
;C;PERALATAN;;;;;;;;
;;;;JUMLAH HARGA ALAT;;;;;;
;D;Jumlah (A+B+C);;;;;Rp55.743,60;;;
;E;Overhead & Profit 9,5%;;;0,095;;Rp5.295,64;;;
PPT5;F;Harga Satuan Pekerjaan (D+E);;;;;Rp61.039,24;5;;
;;;;;;;;;;
;Pemasangan 1 m2 plesteran 1SP : 6PP tebal 15 mm.;;;;;;;;;
;No;Uraian;Kode;Satuan;Koefisien;Harga Satuan;Jumlah Harga;;;
;A;TENAGA;;;;;;;;
;;Pekerja;L.01;OH;0,3;Rp93.000;Rp27.900,00;;;
;;Tukang Batu;L.02;OH;0,15;Rp98.000;Rp14.700,00;;;
;;Kepala Tukang;L.03;OH;0,015;Rp106.000;Rp1.590,00;;;
;;Mandor;L.04;OH;0,015;Rp111.000;Rp1.665,00;;;
;;;;JUMLAH TENAGA KERJA;;;Rp45.855,00;;;
;B;BAHAN;;;;;;;;
;;Semen portland;M.11; Kg ;4,416;Rp1.250;Rp5.520,00;;;
;;Pasir Pasang;M.48; m3 ;0,027;Rp131.100;Rp3.539,70;;;
;;;;JUMLAH HARGA BAHAN;;;Rp9.059,70;;;
;C;PERALATAN;;;;;;;;
;;;;JUMLAH HARGA ALAT;;;;;;
;D;Jumlah (A+B+C);;;;;Rp54.914,70;;;
;E;Overhead & Profit 9,5%;;;0,095;;Rp5.216,90;;;
PPT6;F;Harga Satuan Pekerjaan (D+E);;;;;Rp60.131,60;6;;
;;;;;;;;;;
;Pemasangan 1 m2 plesteran 1SP : 7PP tebal 15 mm;;;;;;;;;
;No;Uraian;Kode;Satuan;Koefisien;Harga Satuan;Jumlah Harga;;;
;A;TENAGA;;;;;;;;
;;Pekerja;L.01;OH;0,3;Rp93.000;Rp27.900,00;;;
;;Tukang Batu;L.02;OH;0,15;Rp98.000;Rp14.700,00;;;
;;Kepala Tukang;L.03;OH;0,015;Rp106.000;Rp1.590,00;;;
;;Mandor;L.04;OH;0,015;Rp111.000;Rp1.665,00;;;
;;;;JUMLAH TENAGA KERJA;;;Rp45.855,00;;;
;B;BAHAN;;;;;;;;
;;Semen portland;M.11; Kg ;3,936;Rp1.250;Rp4.920,00;;;
;;Pasir Pasang;M.48; m3 ;0,028;Rp131.100;Rp3.670,80;;;
;;;;JUMLAH HARGA BAHAN;;;Rp8.590,80;;;
;C;PERALATAN;;;;;;;;
;;;;JUMLAH HARGA ALAT;;;;;;
;D;Jumlah (A+B+C);;;;;Rp54.445,80;;;
;E;Overhead & Profit 9,5%;;;0,095;;Rp5.172,35;;;
PPT7;F;Harga Satuan Pekerjaan (D+E);;;;;Rp59.618,15;7;;
;;;;;;;;;;
;Pemasangan 1 m2 plesteran 1SP : 8PP tebal 15 mm;;;;;;;;;
;No;Uraian;Kode;Satuan;Koefisien;Harga Satuan;Jumlah Harga;;;
;A;TENAGA;;;;;;;;
;;Pekerja;L.01;OH;0,3;Rp93.000;Rp27.900,00;;;
;;Tukang Batu;L.02;OH;0,15;Rp98.000;Rp14.700,00;;;
;;Kepala Tukang;L.03;OH;0,015;Rp106.000;Rp1.590,00;;;
;;Mandor;L.04;OH;0,015;Rp111.000;Rp1.665,00;;;
;;;;JUMLAH TENAGA KERJA;;;Rp45.855,00;;;
;B;BAHAN;;;;;;;;
;;Semen portland;M.11; Kg ;3,456;Rp1.250;Rp4.320,00;;;
;;Pasir Pasang;M.48; m3 ;0,029;Rp131.100;Rp3.801,90;;;
;;;;JUMLAH HARGA BAHAN;;;Rp8.121,90;;;
;C;PERALATAN;;;;;;;;
;;;;JUMLAH HARGA ALAT;;;;;;
;D;Jumlah (A+B+C);;;;;Rp53.976,90;;;
;E;Overhead & Profit 9,5%;;;0,095;;Rp5.127,81;;;
PPT8;F;Harga Satuan Pekerjaan (D+E);;;;;Rp59.104,71;8;;
;;;;;;;;;;
;Pemasangan 1 m2 plesteran 1SP : 1/2KP : 3PP tebal 15 mm;;;;;;;;;
;No;Uraian;Kode;Satuan;Koefisien;Harga Satuan;Jumlah Harga;;;
;A;TENAGA;;;;;;;;
;;Pekerja;L.01;OH;0,36;Rp93.000;Rp33.480,00;;;
;;Tukang Batu;L.02;OH;0,12;Rp98.000;Rp11.760,00;;;
;;Kepala Tukang;L.03;OH;0,012;Rp106.000;Rp1.272,00;;;
;;Mandor;L.04;OH;0,018;Rp111.000;Rp1.998,00;;;
;;;;JUMLAH TENAGA KERJA;;;Rp48.510,00;;;
;B;BAHAN;;;;;;;;
;;Semen portland;M.11; Kg ;5,76;Rp1.250;Rp7.200,00;;;
;;Kapur Pasang;M.43; m3 ;0,003;Rp111.800;Rp335,40;;;
;;Pasir Pasang;M.48; m3 ;0,013;Rp131.100;Rp1.704,30;;;
;;;;JUMLAH HARGA BAHAN;;;Rp9.239,70;;;
;C;PERALATAN;;;;;;;;
;;;;JUMLAH HARGA ALAT;;;;;;
;D;Jumlah (A+B+C);;;;;Rp57.749,70;;;
;E;Overhead & Profit 9,5%;;;0,095;;Rp5.486,22;;;
PPT9;F;Harga Satuan Pekerjaan (D+E);;;;;Rp63.235,92;9;;
;;;;;;;;;;
;Pemasangan 1 m2 plesteran 1SP : 2KP : 8PP tebal 15 mm;;;;;;;;;
;No;Uraian;Kode;Satuan;Koefisien;Harga Satuan;Jumlah Harga;;;
;A;TENAGA;;;;;;;;
;;Pekerja;L.01;OH;0,36;Rp93.000;Rp33.480,00;;;
;;Tukang Batu;L.02;OH;0,12;Rp98.000;Rp11.760,00;;;
;;Kepala Tukang;L.03;OH;0,012;Rp106.000;Rp1.272,00;;;
;;Mandor;L.04;OH;0,018;Rp111.000;Rp1.998,00;;;
;;;;JUMLAH TENAGA KERJA;;;Rp48.510,00;;;
;B;BAHAN;;;;;;;;
;;Semen portland;M.11; Kg ;3;Rp1.250;Rp3.750,00;;;
;;Kapur Pasang;M.43; m3 ;0,005;Rp111.800;Rp559,00;;;
;;Pasir Pasang;M.48; m3 ;0,02;Rp131.100;Rp2.622,00;;;
;;;;JUMLAH HARGA BAHAN;;;Rp6.931,00;;;
;C;PERALATAN;;;;;;;;
;;;;JUMLAH HARGA ALAT;;;;;;
;D;Jumlah (A+B+C);;;;;Rp55.441,00;;;
;E;Overhead & Profit 9,5%;;;0,095;;Rp5.266,90;;;
PPT10;F;Harga Satuan Pekerjaan (D+E);;;;;Rp60.707,90;10;;
;;;;;;;;;;
;Pemasangan 1 m2 plesteran 1SM : 1KP : 1PP tebal 15 mm;;;;;;;;;
;No;Uraian;Kode;Satuan;Koefisien;Harga Satuan;Jumlah Harga;;;
;A;TENAGA;;;;;;;;
;;Pekerja;L.01;OH;0,36;Rp93.000;Rp33.480,00;;;
;;Tukang Batu;L.02;OH;0,12;Rp98.000;Rp11.760,00;;;
;;Kepala Tukang;L.03;OH;0,012;Rp106.000;Rp1.272,00;;;
;;Mandor;L.04;OH;0,018;Rp111.000;Rp1.998,00;;;
;;;;JUMLAH TENAGA KERJA;;;Rp48.510,00;;;
;B;BAHAN;;;;;;;;
;;Semen portland;M.11; Kg ;0,009;Rp1.250;Rp11,25;;;
;;Kapur Pasang;M.43; m3 ;0,009;Rp111.800;Rp1.006,20;;;
;;Pasir Pasang;M.48; m3 ;0,009;Rp131.100;Rp1.179,90;;;
;;;;JUMLAH HARGA BAHAN;;;Rp2.197,35;;;
;C;PERALATAN;;;;;;;;
;;;;JUMLAH HARGA ALAT;;;;;;
;D;Jumlah (A+B+C);;;;;Rp50.707,35;;;
;E;Overhead & Profit 9,5%;;;0,095;;Rp4.817,20;;;
PPT11;F;Harga Satuan Pekerjaan (D+E);;;;;Rp55.524,55;11;;
;;;;;;;;;;
;Pemasangan 1 m2 plesteran 1SM : 1KP : 2PP tebal 15 mm;;;;;;;;;
;No;Uraian;Kode;Satuan;Koefisien;Harga Satuan;Jumlah Harga;;;
;A;TENAGA;;;;;;;;
;;Pekerja;L.01;OH;0,36;Rp93.000;Rp33.480,00;;;
;;Tukang Batu;L.02;OH;0,12;Rp98.000;Rp11.760,00;;;
;;Kepala Tukang;L.03;OH;0,012;Rp106.000;Rp1.272,00;;;
;;Mandor;L.04;OH;0,018;Rp111.000;Rp1.998,00;;;
;;;;JUMLAH TENAGA KERJA;;;Rp48.510,00;;;
;B;BAHAN;;;;;;;;
;;Semen portland;M.11; Kg ;0,007;Rp1.250;Rp8,75;;;
;;Kapur Pasang;M.43; m3 ;0,007;Rp111.800;Rp782,60;;;
;;Pasir Pasang;M.48; m3 ;0,015;Rp131.100;Rp1.966,50;;;
;;;;JUMLAH HARGA BAHAN;;;Rp2.757,85;;;
;C;PERALATAN;;;;;;;;
;;;;JUMLAH HARGA ALAT;;;;;;
;D;Jumlah (A+B+C);;;;;Rp51.267,85;;;
;E;Overhead & Profit 9,5%;;;0,095;;Rp4.870,45;;;
PPT12;F;Harga Satuan Pekerjaan (D+E);;;;;Rp56.138,30;12;;
;;;;;;;;;;
;Pemasangan 1 m2 plesteran 1SP : 1PP tebal 20 mm;;;;;;;;;
;No;Uraian;Kode;Satuan;Koefisien;Harga Satuan;Jumlah Harga;;;
;A;TENAGA;;;;;;;;
;;Pekerja;L.01;OH;0,4;Rp93.000;Rp37.200,00;;;
;;Tukang Batu;L.02;OH;0,2;Rp98.000;Rp19.600,00;;;
;;Kepala Tukang;L.03;OH;0,02;Rp106.000;Rp2.120,00;;;
;;Mandor;L.04;OH;0,022;Rp111.000;Rp2.442,00;;;
;;;;JUMLAH TENAGA KERJA;;;Rp61.362,00;;;
;B;BAHAN;;;;;;;;
;;Semen portland;M.11; Kg ;13,632;Rp1.250;Rp17.040,00;;;
;;Pasir Pasang;M.48; m3 ;0,027;Rp131.100;Rp3.539,70;;;
;;;;JUMLAH HARGA BAHAN;;;Rp20.579,70;;;
;C;PERALATAN;;;;;;;;
;;;;JUMLAH HARGA ALAT;;;;;;
;D;Jumlah (A+B+C);;;;;Rp81.941,70;;;
;E;Overhead & Profit 9,5%;;;0,095;;Rp7.784,46;;;
PPT13;F;Harga Satuan Pekerjaan (D+E);;;;;Rp89.726,16;13;;
;;;;;;;;;;
;Pemasangan 1 m2 plesteran 1SP : 3PP tebal 20 mm;;;;;;;;;
;No;Uraian;Kode;Satuan;Koefisien;Harga Satuan;Jumlah Harga;;;
;A;TENAGA;;;;;;;;
;;Pekerja;L.01;OH;0,26;Rp93.000;Rp24.180,00;;;
;;Tukang Batu;L.02;OH;0,2;Rp98.000;Rp19.600,00;;;
;;Kepala Tukang;L.03;OH;0,02;Rp106.000;Rp2.120,00;;;
;;Mandor;L.04;OH;0,013;Rp111.000;Rp1.443,00;;;
;;;;JUMLAH TENAGA KERJA;;;Rp47.343,00;;;
;B;BAHAN;;;;;;;;
;;Semen portland;M.11; Kg ;10,368;Rp1.250;Rp12.960,00;;;
;;Pasir Pasang;M.48; m3 ;0,031;Rp131.100;Rp4.064,10;;;
;;;;JUMLAH HARGA BAHAN;;;Rp17.024,10;;;
;C;PERALATAN;;;;;;;;
;;;;JUMLAH HARGA ALAT;;;;;;
;D;Jumlah (A+B+C);;;;;Rp64.367,10;;;
;E;Overhead & Profit 9,5%;;;0,095;;Rp6.114,87;;;
PPT14;F;Harga Satuan Pekerjaan (D+E);;;;;Rp70.481,97;14;;
;;;;;;;;;;
;Pemasangan 1 m2 plesteran 1SP : 4PP tebal 20 mm.;;;;;;;;;
;No;Uraian;Kode;Satuan;Koefisien;Harga Satuan;Jumlah Harga;;;
;A;TENAGA;;;;;;;;
;;Pekerja;L.01;OH;0,4;Rp93.000;Rp37.200,00;;;
;;Tukang Batu;L.02;OH;0,2;Rp98.000;Rp19.600,00;;;
;;Kepala Tukang;L.03;OH;0,02;Rp106.000;Rp2.120,00;;;
;;Mandor;L.04;OH;0,022;Rp111.000;Rp2.442,00;;;
;;;;JUMLAH TENAGA KERJA;;;Rp61.362,00;;;
;B;BAHAN;;;;;;;;
;;Semen portland;M.11; Kg ;8,32;Rp1.250;Rp10.400,00;;;
;;Pasir Pasang;M.48; m3 ;0,032;Rp131.100;Rp4.195,20;;;
;;;;JUMLAH HARGA BAHAN;;;Rp14.595,20;;;
;C;PERALATAN;;;;;;;;
;;;;JUMLAH HARGA ALAT;;;;;;
;D;Jumlah (A+B+C);;;;;Rp75.957,20;;;
;E;Overhead & Profit 9,5%;;;0,095;;Rp7.215,93;;;
PPT15;F;Harga Satuan Pekerjaan (D+E);;;;;Rp83.173,13;15;;
;;;;;;;;;;
;Pemasangan 1 m2 plesteran 1SP : 5PP tebal 20 mm;;;;;;;;;
;No;Uraian;Kode;Satuan;Koefisien;Harga Satuan;Jumlah Harga;;;
;A;TENAGA;;;;;;;;
;;Pekerja;L.01;OH;0,4;Rp93.000;Rp37.200,00;;;
;;Tukang Batu;L.02;OH;0,2;Rp98.000;Rp19.600,00;;;
;;Kepala Tukang;L.03;OH;0,02;Rp106.000;Rp2.120,00;;;
;;Mandor;L.04;OH;0,022;Rp111.000;Rp2.442,00;;;
;;;;JUMLAH TENAGA KERJA;;;Rp61.362,00;;;
;B;BAHAN;;;;;;;;
;;Semen portland;M.11; Kg ;6,912;Rp1.250;Rp8.640,00;;;
;;Pasir Pasang;M.48; m3 ;0,035;Rp131.100;Rp4.588,50;;;
;;;;JUMLAH HARGA BAHAN;;;Rp13.228,50;;;
;C;PERALATAN;;;;;;;;
;;;;JUMLAH HARGA ALAT;;;;;;
;D;Jumlah (A+B+C);;;;;Rp74.590,50;;;
;E;Overhead & Profit 9,5%;;;0,095;;Rp7.086,10;;;
PPT16;F;Harga Satuan Pekerjaan (D+E);;;;;Rp81.676,60;16;;
;;;;;;;;;;
;Pemasangan 1 m2 plesteran 1SP : 6PP tebal 20 mm;;;;;;;;;
;No;Uraian;Kode;Satuan;Koefisien;Harga Satuan;Jumlah Harga;;;
;A;TENAGA;;;;;;;;
;;Pekerja;L.01;OH;0,4;Rp93.000;Rp37.200,00;;;
;;Tukang Batu;L.02;OH;0,2;Rp98.000;Rp19.600,00;;;
;;Kepala Tukang;L.03;OH;0,02;Rp106.000;Rp2.120,00;;;
;;Mandor;L.04;OH;0,022;Rp111.000;Rp2.442,00;;;
;;;;JUMLAH TENAGA KERJA;;;Rp61.362,00;;;
;B;BAHAN;;;;;;;;
;;Semen portland;M.11; Kg ;5,888;Rp1.250;Rp7.360,00;;;
;;Pasir Pasang;M.48; m3 ;0,036;Rp131.100;Rp4.719,60;;;
;;;;JUMLAH HARGA BAHAN;;;Rp12.079,60;;;
;C;PERALATAN;;;;;;;;
;;;;JUMLAH HARGA ALAT;;;;;;
;D;Jumlah (A+B+C);;;;;Rp73.441,60;;;
;E;Overhead & Profit 9,5%;;;0,095;;Rp6.976,95;;;
PPT17;F;Harga Satuan Pekerjaan (D+E);;;;;Rp80.418,55;17;;
;;;;;;;;;;
;Pemasangan 1 m2 plesteran 1SM : 1KP : 2PP tebal 20 mm;;;;;;;;;
;No;Uraian;Kode;Satuan;Koefisien;Harga Satuan;Jumlah Harga;;;
;A;TENAGA;;;;;;;;
;;Pekerja;L.01;OH;0,44;Rp93.000;Rp40.920,00;;;
;;Tukang Batu;L.02;OH;0,22;Rp98.000;Rp21.560,00;;;
;;Kepala Tukang;L.03;OH;0,022;Rp106.000;Rp2.332,00;;;
;;Mandor;L.04;OH;0,022;Rp111.000;Rp2.442,00;;;
;;;;JUMLAH TENAGA KERJA;;;Rp67.254,00;;;
;B;BAHAN;;;;;;;;
;;Semen portland;M.11; Kg ;0,009;Rp1.250;Rp11,25;;;
;;Kapur Pasang;M.43; m3 ;0,009;Rp111.800;Rp1.006,20;;;
;;Pasir Pasang;M.48; m3 ;0,018;Rp131.100;Rp2.359,80;;;
;;;;JUMLAH HARGA BAHAN;;;Rp3.377,25;;;
;C;PERALATAN;;;;;;;;
;;;;JUMLAH HARGA ALAT;;;;;;
;D;Jumlah (A+B+C);;;;;Rp70.631,25;;;
;E;Overhead & Profit 9,5%;;;0,095;;Rp6.709,97;;;
PPT18;F;Harga Satuan Pekerjaan (D+E);;;;;Rp77.341,22;18;;
;;;;;;;;;;
;Pemasangan 1 m2 berapen 1SP : 5PP tebal 15 mm;;;;;;;;;
;No;Uraian;Kode;Satuan;Koefisien;Harga Satuan;Jumlah Harga;;;
;A;TENAGA;;;;;;;;
;;Pekerja;L.01;OH;0,15;Rp93.000;Rp13.950,00;;;
;;Tukang Batu;L.02;OH;0,075;Rp98.000;Rp7.350,00;;;
;;Kepala Tukang;L.03;OH;0,008;Rp106.000;Rp848,00;;;
;;Mandor;L.04;OH;0,008;Rp111.000;Rp888,00;;;
;;;;JUMLAH TENAGA KERJA;;;Rp23.036,00;;;
;B;BAHAN;;;;;;;;
;;Semen portland;M.11; Kg ;5,184;Rp1.250;Rp6.480,00;;;
;;Pasir Pasang;M.48; m3 ;0,026;Rp131.100;Rp3.408,60;;;
;;;;JUMLAH HARGA BAHAN;;;Rp9.888,60;;;
;C;PERALATAN;;;;;;;;
;;;;JUMLAH HARGA ALAT;;;;;;
;D;Jumlah (A+B+C);;;;;Rp32.924,60;;;
;E;Overhead & Profit 9,5%;;;0,095;;Rp3.127,84;;;
PPT19;F;Harga Satuan Pekerjaan (D+E);;;;;Rp36.052,44;19;;
;;;;;;;;;;
;Pemasangan 1 m’ plesteran skoning 1SP : 3PP lebar 10 cm;;;;;;;;;
;No;Uraian;Kode;Satuan;Koefisien;Harga Satuan;Jumlah Harga;;;
;A;TENAGA;;;;;;;;
;;Pekerja;L.01;OH;0,08;Rp93.000;Rp7.440,00;;;
;;Tukang Batu;L.02;OH;0,4;Rp98.000;Rp39.200,00;;;
;;Kepala Tukang;L.03;OH;0,04;Rp106.000;Rp4.240,00;;;
;;Mandor;L.04;OH;0,004;Rp111.000;Rp444,00;;;
;;;;JUMLAH TENAGA KERJA;;;Rp51.324,00;;;
;B;BAHAN;;;;;;;;
;;Semen portland;M.11; Kg ;0,5;Rp1.250;Rp625,00;;;
;;Pasir Pasang;M.48; m3 ;0,013;Rp131.100;Rp1.704,30;;;
;;;;JUMLAH HARGA BAHAN;;;Rp2.329,30;;;
;C;PERALATAN;;;;;;;;
;;;;JUMLAH HARGA ALAT;;;;;;
;D;Jumlah (A+B+C);;;;;Rp53.653,30;;;
;E;Overhead & Profit 9,5%;;;0,095;;Rp5.097,06;;;
PPT20;F;Harga Satuan Pekerjaan (D+E);;;;;Rp58.750,36;20;;
;;;;;;;;;;
;Pemasangan 1 m2 plesteran granit 1SP : 2 granit tebal 1cm;;;;;;;;;
;No;Uraian;Kode;Satuan;Koefisien;Harga Satuan;Jumlah Harga;;;
;A;TENAGA;;;;;;;;
;;Pekerja;L.01;OH;0,45;Rp93.000;Rp41.850,00;;;
;;Tukang Batu;L.02;OH;0,225;Rp98.000;Rp22.050,00;;;
;;Kepala Tukang;L.03;OH;0,023;Rp106.000;Rp2.438,00;;;
;;Mandor;L.04;OH;0,023;Rp111.000;Rp2.553,00;;;
;;;;JUMLAH TENAGA KERJA;;;Rp68.891,00;;;
;B;BAHAN;;;;;;;;
;;Semen portland;M.11; Kg ;10;Rp1.250;Rp12.500,00;;;
;;Batu granit;M.537; Kg ;15;Rp6.900;Rp103.500,00;;;
;;;;JUMLAH HARGA BAHAN;;;Rp116.000,00;;;
;C;PERALATAN;;;;;;;;
;;;;JUMLAH HARGA ALAT;;;;;;
;D;Jumlah (A+B+C);;;;;Rp184.891,00;;;
;E;Overhead & Profit 9,5%;;;0,095;;Rp17.564,65;;;
PPT21;F;Harga Satuan Pekerjaan (D+E);;;;;Rp202.455,65;21;;
;;;;;;;;;;
;Pemasangan 1 m2 plesteran traso 1SP : 2 traso tebal 1cm;;;;;;;;;
;No;Uraian;Kode;Satuan;Koefisien;Harga Satuan;Jumlah Harga;;;
;A;TENAGA;;;;;;;;
;;Pekerja;L.01;OH;0,45;Rp93.000;Rp41.850,00;;;
;;Tukang Batu;L.02;OH;0,225;Rp98.000;Rp22.050,00;;;
;;Kepala Tukang;L.03;OH;0,023;Rp106.000;Rp2.438,00;;;
;;Mandor;L.04;OH;0,023;Rp111.000;Rp2.553,00;;;
;;;;JUMLAH TENAGA KERJA;;;Rp68.891,00;;;
;B;BAHAN;;;;;;;;
;;Semen portland;M.11; Kg ;10;Rp1.250;Rp12.500,00;;;
;;Batu traso;M.538; Kg ;15;Rp8.100;Rp121.500,00;;;
;;;;JUMLAH HARGA BAHAN;;;Rp134.000,00;;;
;C;PERALATAN;;;;;;;;
;;;;JUMLAH HARGA ALAT;;;;;;
;D;Jumlah (A+B+C);;;;;Rp202.891,00;;;
;E;Overhead & Profit 9,5%;;;0,095;;Rp19.274,65;;;
PPT22;F;Harga Satuan Pekerjaan (D+E);;;;;Rp222.165,65;22;;
;;;;;;;;;;
;Pemasangan 1 m2 plesteran ciprat 1SP : 2PP;;;;;;;;;
;No;Uraian;Kode;Satuan;Koefisien;Harga Satuan;Jumlah Harga;;;
;A;TENAGA;;;;;;;;
;;Pekerja;L.01;OH;0,3;Rp93.000;Rp27.900,00;;;
;;Tukang Batu;L.02;OH;0,1;Rp98.000;Rp9.800,00;;;
;;Kepala Tukang;L.03;OH;0,01;Rp106.000;Rp1.060,00;;;
;;Mandor;L.04;OH;0,015;Rp111.000;Rp1.665,00;;;
;;;;JUMLAH TENAGA KERJA;;;Rp40.425,00;;;
;B;BAHAN;;;;;;;;
;;Semen portland;M.11; Kg ;4,32;Rp1.250;Rp5.400,00;;;
;;Pasir Pasang;M.48; m3 ;0,006;Rp131.100;Rp786,60;;;
;;;;JUMLAH HARGA BAHAN;;;Rp6.186,60;;;
;C;PERALATAN;;;;;;;;
;;;;JUMLAH HARGA ALAT;;;;;;
;D;Jumlah (A+B+C);;;;;Rp46.611,60;;;
;E;Overhead & Profit 9,5%;;;0,095;;Rp4.428,10;;;
PPT23;F;Harga Satuan Pekerjaan (D+E);;;;;Rp51.039,70;23;;
;;;;;;;;;;
;Pemasangan 1 m2 finishing siar pasangan bata merah;;;;;;;;;
;No;Uraian;Kode;Satuan;Koefisien;Harga Satuan;Jumlah Harga;;;
;A;TENAGA;;;;;;;;
;;Pekerja;L.01;OH;0,15;Rp93.000;Rp13.950,00;;;
;;Tukang Batu;L.02;OH;0,075;Rp98.000;Rp7.350,00;;;
;;Kepala Tukang;L.03;OH;0,008;Rp106.000;Rp848,00;;;
;;Mandor;L.04;OH;0,008;Rp111.000;Rp888,00;;;
;;;;JUMLAH TENAGA KERJA;;;Rp23.036,00;;;
;B;BAHAN;;;;;;;;
;;Semen portland;M.11; Kg ;3,108;Rp1.250;Rp3.885,00;;;
;;;;JUMLAH HARGA BAHAN;;;Rp3.885,00;;;
;C;PERALATAN;;;;;;;;
;;;;JUMLAH HARGA ALAT;;;;;;
;D;Jumlah (A+B+C);;;;;Rp26.921,00;;;
;E;Overhead & Profit 9,5%;;;0,095;;Rp2.557,50;;;
PPT24;F;Harga Satuan Pekerjaan (D+E);;;;;Rp29.478,50;24;;
;;;;;;;;;;
;Pemasangan 1 m2 finishing siar pasangan conblock ekspose;;;;;;;;;
;No;Uraian;Kode;Satuan;Koefisien;Harga Satuan;Jumlah Harga;;;
;A;TENAGA;;;;;;;;
;;Pekerja;L.01;OH;0,07;Rp93.000;Rp6.510,00;;;
;;Tukang Batu;L.02;OH;0,035;Rp98.000;Rp3.430,00;;;
;;Kepala Tukang;L.03;OH;0,004;Rp106.000;Rp424,00;;;
;;Mandor;L.04;OH;0,004;Rp111.000;Rp444,00;;;
;;;;JUMLAH TENAGA KERJA;;;Rp10.808,00;;;
;B;BAHAN;;;;;;;;
;;Semen portland;M.11; Kg ;1,6;Rp1.250;Rp2.000,00;;;
;;;;JUMLAH HARGA BAHAN;;;Rp2.000,00;;;
;C;PERALATAN;;;;;;;;
;;;;JUMLAH HARGA ALAT;;;;;;
;D;Jumlah (A+B+C);;;;;Rp12.808,00;;;
;E;Overhead & Profit 9,5%;;;0,095;;Rp1.216,76;;;
PPT25;F;Harga Satuan Pekerjaan (D+E);;;;;Rp14.024,76;25;;
;;;;;;;;;;
;Pemasangan 1 m2 finishing siar pasangan batu kali, campuran 1SP : 2PP.;;;;;;;;;
;No;Uraian;Kode;Satuan;Koefisien;Harga Satuan;Jumlah Harga;;;
;A;TENAGA;;;;;;;;
;;Pekerja;L.01;OH;0,3;Rp93.000;Rp27.900,00;;;
;;Tukang Batu;L.02;OH;0,15;Rp98.000;Rp14.700,00;;;
;;Kepala Tukang;L.03;OH;0,015;Rp106.000;Rp1.590,00;;;
;;Mandor;L.04;OH;0,015;Rp111.000;Rp1.665,00;;;
;;;;JUMLAH TENAGA KERJA;;;Rp45.855,00;;;
;B;BAHAN;;;;;;;;
;;Semen portland;M.11; Kg ;6,34;Rp1.250;Rp7.925,00;;;
;;Pasir Pasang;M.48; m3 ;0,012;Rp131.100;Rp1.573,20;;;
;;;;JUMLAH HARGA BAHAN;;;Rp9.498,20;;;
;C;PERALATAN;;;;;;;;
;;;;JUMLAH HARGA ALAT;;;;;;
;D;Jumlah (A+B+C);;;;;Rp55.353,20;;;
;E;Overhead & Profit 0%;;;0;; Rp-   ;;;
PPT26;F;Harga Satuan Pekerjaan (D+E);;;;;Rp55.353,20;26;;
;;;;;;;;;;
;Pemasangan 1 m2 acian.;;;;;;;;;
;No;Uraian;Kode;Satuan;Koefisien;Harga Satuan;Jumlah Harga;;;
;A;TENAGA;;;;;;;;
;;Pekerja;L.01;OH;0,2;Rp93.000;Rp18.600,00;;;
;;Tukang Batu;L.02;OH;0,1;Rp98.000;Rp9.800,00;;;
;;Kepala Tukang;L.03;OH;0,01;Rp106.000;Rp1.060,00;;;
;;Mandor;L.04;OH;0,01;Rp111.000;Rp1.110,00;;;
;;;;JUMLAH TENAGA KERJA;;;Rp30.570,00;;;
;B;BAHAN;;;;;;;;
;;Semen portland;M.11; Kg ;3,25;Rp1.250;Rp4.062,50;;;
;;;;JUMLAH HARGA BAHAN;;;Rp4.062,50;;;
;C;PERALATAN;;;;;;;;
;;;;JUMLAH HARGA ALAT;;;;;;
;D;Jumlah (A+B+C);;;;;Rp34.632,50;;;
;E;Overhead & Profit 9,5%;;;0,095;;Rp3.290,09;;;
PPT27;F;Harga Satuan Pekerjaan (D+E);;;;;Rp37.922,59;27;;
;;;;;;;;;;
;Pemasangan 1 m2 plesteran dengan mortar siap pakai (MSP);;;;;;;;;
;No;Uraian;Kode;Satuan;Koefisien;Harga Satuan;Jumlah Harga;;;
;A;TENAGA;;;;;;;;
;;Pekerja;L.01;OH;0,3;Rp93.000;Rp27.900,00;;;
;;Tukang Batu;L.02;OH;0,15;Rp98.000;Rp14.700,00;;;
;;Kepala Tukang;L.03;OH;0,015;Rp106.000;Rp1.590,00;;;
;;Mandor;L.04;OH;0,015;Rp111.000;Rp1.665,00;;;
;;;;JUMLAH TENAGA KERJA;;;Rp45.855,00;;;
;B;BAHAN;;;;;;;;
;;Semen mortar pasangan;M.539; Kg ;16;Rp1.900;Rp30.400,00;;;
;;;;JUMLAH HARGA BAHAN;;;Rp30.400,00;;;
;C;PERALATAN;;;;;;;;
;;;;JUMLAH HARGA ALAT;;;;;;
;D;Jumlah (A+B+C);;;;;Rp76.255,00;;;
;E;Overhead & Profit 9,5%;;;0,095;;Rp7.244,23;;;
PPT28;F;Harga Satuan Pekerjaan (D+E);;;;;Rp83.499,23;28;;
;;;;;;;;;;
;Pemasangan 1 m2 Acian dengan mortar siap pakai (MSP);;;;;;;;;
;No;Uraian;Kode;Satuan;Koefisien;Harga Satuan;Jumlah Harga;;;
;A;TENAGA;;;;;;;;
;;Pekerja;L.01;OH;0,2;Rp93.000;Rp18.600,00;;;
;;Tukang Batu;L.02;OH;0,1;Rp98.000;Rp9.800,00;;;
;;Kepala Tukang;L.03;OH;0,01;Rp106.000;Rp1.060,00;;;
;;Mandor;L.04;OH;0,01;Rp111.000;Rp1.110,00;;;
;;;;JUMLAH TENAGA KERJA;;;Rp30.570,00;;;
;B;BAHAN;;;;;;;;
;;Semen mortar Acian;M.539; Kg ;3,6;Rp1.900;Rp6.840,00;;;
;;;;JUMLAH HARGA BAHAN;;;Rp6.840,00;;;
;C;PERALATAN;;;;;;;;
;;;;JUMLAH HARGA ALAT;;;;;;
;D;Jumlah (A+B+C);;;;;Rp37.410,00;;;
;E;Overhead & Profit 9,5%;;;0,095;;Rp3.553,95;;;
PPT29;F;Harga Satuan Pekerjaan (D+E);;;;;Rp40.963,95;29;;
;;;;;;;;;;
;Pemasangan 1 M' Plesteran Skoning/Benangan 1 Pc : 2 Psr;;;;;;;;;
;No;Uraian;Kode;Satuan;Koefisien;Harga Satuan;Jumlah Harga;;;
;A;TENAGA;;;;;;;;
;;Pekerja;L.01;OH;0,08;Rp93.000;Rp7.440,00;;;
;;Tukang Batu;L.02;OH;0,4;Rp98.000;Rp39.200,00;;;
;;Kepala Tukang;L.03;OH;0,04;Rp106.000;Rp4.240,00;;;
;;Mandor;L.04;OH;0,004;Rp111.000;Rp444,00;;;
;;;;JUMLAH TENAGA KERJA;;;Rp51.324,00;;;
;B;BAHAN;;;;;;;;
;;Semen ( PC );M.11; Kg ;0,5;Rp1.250;Rp625,00;;;
;;Pasir Pasang;M.48; m3 ;0,013;Rp131.100;Rp1.704,30;;;
;;;;JUMLAH HARGA BAHAN;;;Rp2.329,30;;;
;C;PERALATAN;;;;;;;;
;;;;JUMLAH HARGA ALAT;;;;;;
;D;Jumlah (A+B+C);;;;;Rp53.653,30;;;
;E;Overhead & Profit 9,5%;;;0,095;;Rp5.097,06;;;
PPT30;F;Harga Satuan Pekerjaan (D+E);;;;;Rp58.750,36;;;
;;;;;;;;;;
;Pemasangan 1 m2 Benangan;;;;;;;;;
;No;Uraian;Kode;Satuan;Koefisien;Harga Satuan;Jumlah Harga;;;
;A;TENAGA;;;;;;;;
;;Tukang Batu;L.02;OH;0,12;Rp98.000;Rp11.760,00;;;
;;;;JUMLAH TENAGA KERJA;;;Rp11.760,00;;;
;B;BAHAN;;;;;;;;
;;Semen PC 50 kg;M.54; zak ;0,003;Rp68.500;Rp205,50;;;
;;Pasir Pasang;M.48; m3 ;0,009;Rp131.100;Rp1.179,90;;;
;;;;JUMLAH HARGA BAHAN;;;Rp1.385,40;;;
;C;PERALATAN;;;;;;;;
;;;;JUMLAH HARGA ALAT;;;;;;
;D;Jumlah (A+B+C);;;;;Rp13.145,40;;;
;E;Overhead & Profit 9,5%;;;0,095;;Rp1.248,81;;;
PPT31;F;Harga Satuan Pekerjaan (D+E);;;;;Rp14.394,21;;;
;;;;;;;;;;
;HARGA SATUAN PEKERJAAN PENUTUP LANTAI DAN PENUTUP DINDING;;;;;;;;;
;Pemasangan 1 m2 lantai ubin PC abu-abu ukuran 40cm x40cm;;;;;;;;;
;No;Uraian;Kode;Satuan;Koefisien;Harga Satuan;Jumlah Harga;;;
;A;TENAGA;;;;;;;;
;;Pekerja;L.01;OH;0,25;Rp93.000;Rp23.250,00;;;
;;Tukang Batu;L.02;OH;0,125;Rp98.000;Rp12.250,00;;;
;;Kepala tukang;L.03;OH;0,013;Rp106.000;Rp1.378,00;;;
;;Mandor;L.04;OH;0,013;Rp111.000;Rp1.443,00;;;
;;;;JUMLAH TENAGA KERJA;;;Rp38.321,00;;;
;B;BAHAN;;;;;;;;
;;ubin PC abu-abu ukuran 40cm x40cm;M.540; Bh ;6,63;Rp14.100;Rp93.483,00;;;
;;Semen portland;M.11; Kg ;9,8;Rp1.250;Rp12.250,00;;;
;;Pasir Pasang;M.48; m3 ;0,045;Rp131.100;Rp5.899,50;;;
;;;;JUMLAH HARGA BAHAN;;;Rp111.632,50;;;
;C;PERALATAN;;;;;;;;
;;;;JUMLAH HARGA ALAT;;;;;;
;D;Jumlah (A+B+C);;;;;Rp149.953,50;;;
;E;Overhead & Profit 9,5%;;;0,095;;Rp14.245,58;;;
PPL1;F;Harga Satuan Pekerjaan (D+E);;;;;Rp164.199,08;1;;
;;;;;;;;;;
;Pemasangan 1 m2 lantai ubin PC abu-abu ukuran 30cm x30 cm;;;;;;;;;
;No;Uraian;Kode;Satuan;Koefisien;Harga Satuan;Jumlah Harga;;;
;A;TENAGA;;;;;;;;
;;Pekerja;L.01;OH;0,25;Rp93.000;Rp23.250,00;;;
;;Tukang Batu;L.02;OH;0,125;Rp98.000;Rp12.250,00;;;
;;Kepala tukang;L.03;OH;0,013;Rp106.000;Rp1.378,00;;;
;;Mandor;L.04;OH;0,013;Rp111.000;Rp1.443,00;;;
;;;;JUMLAH TENAGA KERJA;;;Rp38.321,00;;;
;B;BAHAN;;;;;;;;
;;ubin PC abu-abu ukuran 30cm x30 cm;M.541; Bh ;11,87;Rp8.700;Rp103.269,00;;;
;;Semen portland;M.11; Kg ;10;Rp1.250;Rp12.500,00;;;
;;Pasir Pasang;M.48; m3 ;0,045;Rp131.100;Rp5.899,50;;;
;;;;JUMLAH HARGA BAHAN;;;Rp121.668,50;;;
;C;PERALATAN;;;;;;;;
;;;;JUMLAH HARGA ALAT;;;;;;
;D;Jumlah (A+B+C);;;;;Rp159.989,50;;;
;E;Overhead & Profit 9,5%;;;0,095;;Rp15.199,00;;;
PPL2;F;Harga Satuan Pekerjaan (D+E);;;;;Rp175.188,50;2;;
;;;;;;;;;;
;Pemasangan 1 m2 lantai ubin PC abu-abu ukuran 20cm x20 cm;;;;;;;;;
;No;Uraian;Kode;Satuan;Koefisien;Harga Satuan;Jumlah Harga;;;
;A;TENAGA;;;;;;;;
;;Pekerja;L.01;OH;0,27;Rp93.000;Rp25.110,00;;;
;;Tukang Batu;L.02;OH;0,135;Rp98.000;Rp13.230,00;;;
;;Kepala tukang;L.03;OH;0,014;Rp106.000;Rp1.484,00;;;
;;Mandor;L.04;OH;0,014;Rp111.000;Rp1.554,00;;;
;;;;JUMLAH TENAGA KERJA;;;Rp41.378,00;;;
;B;BAHAN;;;;;;;;
;;ubin PC abu-abu ukuran 20cm x20 cm;M.542; Bh ;26,5;Rp3.800;Rp100.700,00;;;
;;Semen portland;M.11; Kg ;10,4;Rp1.250;Rp13.000,00;;;
;;Pasir Pasang;M.48; m3 ;0,045;Rp131.100;Rp5.899,50;;;
;;;;JUMLAH HARGA BAHAN;;;Rp119.599,50;;;
;C;PERALATAN;;;;;;;;
;;;;JUMLAH HARGA ALAT;;;;;;
;D;Jumlah (A+B+C);;;;;Rp160.977,50;;;
;E;Overhead & Profit 9,5%;;;0,095;;Rp15.292,86;;;
PPL3;F;Harga Satuan Pekerjaan (D+E);;;;;Rp176.270,36;3;;
;;;;;;;;;;
;Pemasangan 1 m2 lantai ubin warna ukuran 40cm x40 cm;;;;;;;;;
;No;Uraian;Kode;Satuan;Koefisien;Harga Satuan;Jumlah Harga;;;
;A;TENAGA;;;;;;;;
;;Pekerja;L.01;OH;0,25;Rp93.000;Rp23.250,00;;;
;;Tukang Batu;L.02;OH;0,125;Rp98.000;Rp12.250,00;;;
;;Kepala tukang;L.03;OH;0,013;Rp106.000;Rp1.378,00;;;
;;Mandor;L.04;OH;0,013;Rp111.000;Rp1.443,00;;;
;;;;JUMLAH TENAGA KERJA;;;Rp38.321,00;;;
;B;BAHAN;;;;;;;;
;;ubin warna ukuran 40cm x40 cm;M.543; Bh ;6,63;Rp14.000;Rp92.820,00;;;
;;Semen portland;M.11; Kg ;9,8;Rp1.250;Rp12.250,00;;;
;;Semen Warna;M.487; Kg ;1,3;Rp13.300;Rp17.290,00;;;
;;Pasir Pasang;M.48; m3 ;0,045;Rp131.100;Rp5.899,50;;;
;;;;JUMLAH HARGA BAHAN;;;Rp128.259,50;;;
;C;PERALATAN;;;;;;;;
;;;;JUMLAH HARGA ALAT;;;;;;
;D;Jumlah (A+B+C);;;;;Rp166.580,50;;;
;E;Overhead & Profit 9,5%;;;0,095;;Rp15.825,15;;;
PPL4;F;Harga Satuan Pekerjaan (D+E);;;;;Rp182.405,65;4;;
;;;;;;;;;;
;Pemasangan 1 m2 lantai ubin warna ukuran 30cm x30cm;;;;;;;;;
;No;Uraian;Kode;Satuan;Koefisien;Harga Satuan;Jumlah Harga;;;
;A;TENAGA;;;;;;;;
;;Pekerja;L.01;OH;0,26;Rp93.000;Rp24.180,00;;;
;;Tukang Batu;L.02;OH;0,13;Rp98.000;Rp12.740,00;;;
;;Kepala tukang;L.03;OH;0,013;Rp106.000;Rp1.378,00;;;
;;Mandor;L.04;OH;0,013;Rp111.000;Rp1.443,00;;;
;;;;JUMLAH TENAGA KERJA;;;Rp39.741,00;;;
;B;BAHAN;;;;;;;;
;;ubin warna ukuran 30cm x30cm;M.544; Bh ;11,87;Rp8.700;Rp103.269,00;;;
;;Semen portland;M.11; Kg ;10;Rp1.250;Rp12.500,00;;;
;;Semen Warna;M.487; Kg ;1,5;Rp13.300;Rp19.950,00;;;
;;Pasir Pasang;M.48; m3 ;0,045;Rp131.100;Rp5.899,50;;;
;;;;JUMLAH HARGA BAHAN;;;Rp141.618,50;;;
;C;PERALATAN;;;;;;;;
;;;;JUMLAH HARGA ALAT;;;;;;
;D;Jumlah (A+B+C);;;;;Rp181.359,50;;;
;E;Overhead & Profit 9,5%;;;0,095;;Rp17.229,15;;;
PPL5;F;Harga Satuan Pekerjaan (D+E);;;;;Rp198.588,65;5;;
;;;;;;;;;;
;Pemasangan 1 m2 lantai ubin warna ukuran 20cm x20cm;;;;;;;;;
;No;Uraian;Kode;Satuan;Koefisien;Harga Satuan;Jumlah Harga;;;
;A;TENAGA;;;;;;;;
;;Pekerja;L.01;OH;0,27;Rp93.000;Rp25.110,00;;;
;;Tukang Batu;L.02;OH;0,135;Rp98.000;Rp13.230,00;;;
;;Kepala tukang;L.03;OH;0,014;Rp106.000;Rp1.484,00;;;
;;Mandor;L.04;OH;0,014;Rp111.000;Rp1.554,00;;;
;;;;JUMLAH TENAGA KERJA;;;Rp41.378,00;;;
;B;BAHAN;;;;;;;;
;;ubin warna ukuran 20cm x20cm;M.545; Bh ;26,5;Rp3.900;Rp103.350,00;;;
;;Semen portland;M.11; Kg ;10,4;Rp1.250;Rp13.000,00;;;
;;Semen Warna;M.487; Kg ;1,62;Rp13.300;Rp21.546,00;;;
;;Pasir Pasang;M.48; m3 ;0,045;Rp131.100;Rp5.899,50;;;
;;;;JUMLAH HARGA BAHAN;;;Rp143.795,50;;;
;C;PERALATAN;;;;;;;;
;;;;JUMLAH HARGA ALAT;;;;;;
;D;Jumlah (A+B+C);;;;;Rp185.173,50;;;
;E;Overhead & Profit 9,5%;;;0,095;;Rp17.591,48;;;
PPL6;F;Harga Satuan Pekerjaan (D+E);;;;;Rp202.764,98;6;;
;;;;;;;;;;
;Pemasangan 1 m2 lantai ubin teraso ukuran 40cm x40cm;;;;;;;;;
;No;Uraian;Kode;Satuan;Koefisien;Harga Satuan;Jumlah Harga;;;
;A;TENAGA;;;;;;;;
;;Pekerja;L.01;OH;0,25;Rp93.000;Rp23.250,00;;;
;;Tukang Batu;L.02;OH;0,125;Rp98.000;Rp12.250,00;;;
;;Kepala tukang;L.03;OH;0,013;Rp106.000;Rp1.378,00;;;
;;Mandor;L.04;OH;0,013;Rp111.000;Rp1.443,00;;;
;;;;JUMLAH TENAGA KERJA;;;Rp38.321,00;;;
;B;BAHAN;;;;;;;;
;;ubin teraso ukuran 40cm x40cm;M.546; Bh ;6,63;Rp13.600;Rp90.168,00;;;
;;Semen portland;M.11; Kg ;9,8;Rp1.250;Rp12.250,00;;;
;;Semen Warna;M.487; Kg ;1,3;Rp13.300;Rp17.290,00;;;
;;Pasir Pasang;M.48; m3 ;0,045;Rp131.100;Rp5.899,50;;;
;;;;JUMLAH HARGA BAHAN;;;Rp125.607,50;;;
;C;PERALATAN;;;;;;;;
;;;;JUMLAH HARGA ALAT;;;;;;
;D;Jumlah (A+B+C);;;;;Rp163.928,50;;;
;E;Overhead & Profit 9,5%;;;0,095;;Rp15.573,21;;;
PPL7;F;Harga Satuan Pekerjaan (D+E);;;;;Rp179.501,71;7;;
;;;;;;;;;;
;Pemasangan 1 m2 lantai ubin teraso ukuran 30cm x30cm;;;;;;;;;
;No;Uraian;Kode;Satuan;Koefisien;Harga Satuan;Jumlah Harga;;;
;A;TENAGA;;;;;;;;
;;Pekerja;L.01;OH;0,26;Rp93.000;Rp24.180,00;;;
;;Tukang Batu;L.02;OH;0,13;Rp98.000;Rp12.740,00;;;
;;Kepala tukang;L.03;OH;0,013;Rp106.000;Rp1.378,00;;;
;;Mandor;L.04;OH;0,013;Rp111.000;Rp1.443,00;;;
;;;;JUMLAH TENAGA KERJA;;;Rp39.741,00;;;
;B;BAHAN;;;;;;;;
;;ubin teraso ukuran 30cm x30cm;M.547; Bh ;11,87;Rp7.500;Rp89.025,00;;;
;;Semen portland;M.11; Kg ;10;Rp1.250;Rp12.500,00;;;
;;Semen Warna;M.487; Kg ;1,5;Rp13.300;Rp19.950,00;;;
;;Pasir Pasang;M.48; m3 ;0,045;Rp131.100;Rp5.899,50;;;
;;;;JUMLAH HARGA BAHAN;;;Rp127.374,50;;;
;C;PERALATAN;;;;;;;;
;;;;JUMLAH HARGA ALAT;;;;;;
;D;Jumlah (A+B+C);;;;;Rp167.115,50;;;
;E;Overhead & Profit 9,5%;;;0,095;;Rp15.875,97;;;
PPL8;F;Harga Satuan Pekerjaan (D+E);;;;;Rp182.991,47;8;;
;;;;;;;;;;
;Pemasangan 1 m2 lantai ubin granit ukuran 40cm x40cm;;;;;;;;;
;No;Uraian;Kode;Satuan;Koefisien;Harga Satuan;Jumlah Harga;;;
;A;TENAGA;;;;;;;;
;;Pekerja;L.01;OH;0,25;Rp93.000;Rp23.250,00;;;
;;Tukang Batu;L.02;OH;0,125;Rp98.000;Rp12.250,00;;;
;;Kepala tukang;L.03;OH;0,013;Rp106.000;Rp1.378,00;;;
;;Mandor;L.04;OH;0,013;Rp111.000;Rp1.443,00;;;
;;;;JUMLAH TENAGA KERJA;;;Rp38.321,00;;;
;B;BAHAN;;;;;;;;
;;ubin granit ukuran 40cm x40cm;M.548; Bh ;6,63;Rp16.000;Rp106.080,00;;;
;;Semen portland;M.11; Kg ;9,8;Rp1.250;Rp12.250,00;;;
;;Semen Warna;M.487; Kg ;1,3;Rp13.300;Rp17.290,00;;;
;;Pasir Pasang;M.48; m3 ;0,045;Rp131.100;Rp5.899,50;;;
;;;;JUMLAH HARGA BAHAN;;;Rp141.519,50;;;
;C;PERALATAN;;;;;;;;
;;;;JUMLAH HARGA ALAT;;;;;;
;D;Jumlah (A+B+C);;;;;Rp179.840,50;;;
;E;Overhead & Profit 9,5%;;;0,095;;Rp17.084,85;;;
PPL9;F;Harga Satuan Pekerjaan (D+E);;;;;Rp196.925,35;9;;
;;;;;;;;;;
;Pemasangan 1 m2 lantai ubin granit ukuran 30cm x30cm;;;;;;;;;
;No;Uraian;Kode;Satuan;Koefisien;Harga Satuan;Jumlah Harga;;;
;A;TENAGA;;;;;;;;
;;Pekerja;L.01;OH;0,26;Rp93.000;Rp24.180,00;;;
;;Tukang Batu;L.02;OH;0,13;Rp98.000;Rp12.740,00;;;
;;Kepala tukang;L.03;OH;0,013;Rp106.000;Rp1.378,00;;;
;;Mandor;L.04;OH;0,013;Rp111.000;Rp1.443,00;;;
;;;;JUMLAH TENAGA KERJA;;;Rp39.741,00;;;
;B;BAHAN;;;;;;;;
;;ubin granit ukuran 30cm x30cm;M.549; Bh ;11,87;Rp7.500;Rp89.025,00;;;
;;Semen portland;M.11; Kg ;10;Rp1.250;Rp12.500,00;;;
;;Semen Warna;M.487; Kg ;1,5;Rp13.300;Rp19.950,00;;;
;;Pasir Pasang;M.48; m3 ;0,045;Rp131.100;Rp5.899,50;;;
;;;;JUMLAH HARGA BAHAN;;;Rp127.374,50;;;
;C;PERALATAN;;;;;;;;
;;;;JUMLAH HARGA ALAT;;;;;;
;D;Jumlah (A+B+C);;;;;Rp167.115,50;;;
;E;Overhead & Profit 9,5%;;;0,095;;Rp15.875,97;;;
PPL10;F;Harga Satuan Pekerjaan (D+E);;;;;Rp182.991,47;10;;
;;;;;;;;;;
;Pemasangan 1 m2 lantai ubin teralux marmer ukuran 40cm x40cm;;;;;;;;;
;No;Uraian;Kode;Satuan;Koefisien;Harga Satuan;Jumlah Harga;;;
;A;TENAGA;;;;;;;;
;;Pekerja;L.01;OH;0,25;Rp93.000;Rp23.250,00;;;
;;Tukang Batu;L.02;OH;0,125;Rp98.000;Rp12.250,00;;;
;;Kepala tukang;L.03;OH;0,013;Rp106.000;Rp1.378,00;;;
;;Mandor;L.04;OH;0,013;Rp111.000;Rp1.443,00;;;
;;;;JUMLAH TENAGA KERJA;;;Rp38.321,00;;;
;B;BAHAN;;;;;;;;
;;ubin teralux marmer ukuran 40cm x40cm;M.550; Bh ;6,63;Rp13.800;Rp91.494,00;;;
;;Semen portland;M.11; Kg ;9,8;Rp1.250;Rp12.250,00;;;
;;Semen Warna;M.487; Kg ;1,3;Rp13.300;Rp17.290,00;;;
;;Pasir Pasang;M.48; m3 ;0,045;Rp131.100;Rp5.899,50;;;
;;;;JUMLAH HARGA BAHAN;;;Rp126.933,50;;;
;C;PERALATAN;;;;;;;;
;;;;JUMLAH HARGA ALAT;;;;;;
;D;Jumlah (A+B+C);;;;;Rp165.254,50;;;
;E;Overhead & Profit 9,5%;;;0,095;;Rp15.699,18;;;
PPL11;F;Harga Satuan Pekerjaan (D+E);;;;;Rp180.953,68;11;;
;;;;;;;;;;
;Pemasangan 1 m2 lantai ubin teralux ukuran 30cm x30cm;;;;;;;;;
;No;Uraian;Kode;Satuan;Koefisien;Harga Satuan;Jumlah Harga;;;
;A;TENAGA;;;;;;;;
;;Pekerja;L.01;OH;0,26;Rp93.000;Rp24.180,00;;;
;;Tukang Batu;L.02;OH;0,13;Rp98.000;Rp12.740,00;;;
;;Kepala tukang;L.03;OH;0,013;Rp106.000;Rp1.378,00;;;
;;Mandor;L.04;OH;0,013;Rp111.000;Rp1.443,00;;;
;;;;JUMLAH TENAGA KERJA;;;Rp39.741,00;;;
;B;BAHAN;;;;;;;;
;;ubin teralux ukuran 30cm x30cm;M.551; Bh ;11,87;Rp7.500;Rp89.025,00;;;
;;Semen portland;M.11; Kg ;10;Rp1.250;Rp12.500,00;;;
;;Semen Warna;M.487; Kg ;1,5;Rp13.300;Rp19.950,00;;;
;;Pasir Pasang;M.48; m3 ;0,045;Rp131.100;Rp5.899,50;;;
;;;;JUMLAH HARGA BAHAN;;;Rp127.374,50;;;
;C;PERALATAN;;;;;;;;
;;;;JUMLAH HARGA ALAT;;;;;;
;D;Jumlah (A+B+C);;;;;Rp167.115,50;;;
;E;Overhead & Profit 9,5%;;;0,095;;Rp15.875,97;;;
PPL12;F;Harga Satuan Pekerjaan (D+E);;;;;Rp182.991,47;12;;
;;;;;;;;;;
;Pemasangan 1 m2 lantai ubin teralux marmer ukuran 60cm x60cm;;;;;;;;;
;No;Uraian;Kode;Satuan;Koefisien;Harga Satuan;Jumlah Harga;;;
;A;TENAGA;;;;;;;;
;;Pekerja;L.01;OH;0,24;Rp93.000;Rp22.320,00;;;
;;Tukang Batu;L.02;OH;0,12;Rp98.000;Rp11.760,00;;;
;;Kepala tukang;L.03;OH;0,012;Rp106.000;Rp1.272,00;;;
;;Mandor;L.04;OH;0,012;Rp111.000;Rp1.332,00;;;
;;;;JUMLAH TENAGA KERJA;;;Rp36.684,00;;;
;B;BAHAN;;;;;;;;
;;ubin teralux marmer ukuran 60cm x60cm;M.552; Bh ;3,1;Rp32.100;Rp99.510,00;;;
;;Semen portland;M.11; Kg ;9,6;Rp1.250;Rp12.000,00;;;
;;Semen Warna;M.487; Kg ;1,5;Rp13.300;Rp19.950,00;;;
;;Pasir Pasang;M.48; m3 ;0,045;Rp131.100;Rp5.899,50;;;
;;;;JUMLAH HARGA BAHAN;;;Rp137.359,50;;;
;C;PERALATAN;;;;;;;;
;;;;JUMLAH HARGA ALAT;;;;;;
;D;Jumlah (A+B+C);;;;;Rp174.043,50;;;
;E;Overhead & Profit 9,5%;;;0,095;;Rp16.534,13;;;
PPL13;F;Harga Satuan Pekerjaan (D+E);;;;;Rp190.577,63;13;;
;;;;;;;;;;
;Pemasangan 1 m2 lantai ubin teralux marmer ukuran 40cm x40cm;;;;;;;;;
;No;Uraian;Kode;Satuan;Koefisien;Harga Satuan;Jumlah Harga;;;
;A;TENAGA;;;;;;;;
;;Pekerja;L.01;OH;0,25;Rp93.000;Rp23.250,00;;;
;;Tukang Batu;L.02;OH;0,125;Rp98.000;Rp12.250,00;;;
;;Kepala tukang;L.03;OH;0,013;Rp106.000;Rp1.378,00;;;
;;Mandor;L.04;OH;0,013;Rp111.000;Rp1.443,00;;;
;;;;JUMLAH TENAGA KERJA;;;Rp38.321,00;;;
;B;BAHAN;;;;;;;;
;;ubin teralux marmer ukuran 40cm x40cm;M.553; Bh ;6,63;Rp16.200;Rp107.406,00;;;
;;Semen portland;M.11; Kg ;9,8;Rp1.250;Rp12.250,00;;;
;;Semen Warna;M.487; Kg ;1,3;Rp13.300;Rp17.290,00;;;
;;Pasir Pasang;M.48; m3 ;0,045;Rp131.100;Rp5.899,50;;;
;;;;JUMLAH HARGA BAHAN;;;Rp142.845,50;;;
;C;PERALATAN;;;;;;;;
;;;;JUMLAH HARGA ALAT;;;;;;
;D;Jumlah (A+B+C);;;;;Rp181.166,50;;;
;E;Overhead & Profit 9,5%;;;0,095;;Rp17.210,82;;;
PPL14;F;Harga Satuan Pekerjaan (D+E);;;;;Rp198.377,32;14;;
;;;;;;;;;;
;Pemasangan 1 m2 lantai ubin teralux marmer ukuran 30cm x30cm;;;;;;;;;
;No;Uraian;Kode;Satuan;Koefisien;Harga Satuan;Jumlah Harga;;;
;A;TENAGA;;;;;;;;
;;Pekerja;L.01;OH;0,26;Rp93.000;Rp24.180,00;;;
;;Tukang Batu;L.02;OH;0,13;Rp98.000;Rp12.740,00;;;
;;Kepala tukang;L.03;OH;0,013;Rp106.000;Rp1.378,00;;;
;;Mandor;L.04;OH;0,013;Rp111.000;Rp1.443,00;;;
;;;;JUMLAH TENAGA KERJA;;;Rp39.741,00;;;
;B;BAHAN;;;;;;;;
;;ubin teralux marmer ukuran 30cm x30cm;M.554; Bh ;11,87;Rp7.500;Rp89.025,00;;;
;;Semen portland;M.11; Kg ;10;Rp1.250;Rp12.500,00;;;
;;Semen Warna;M.487; Kg ;1,5;Rp13.300;Rp19.950,00;;;
;;Pasir Pasang;M.48; m3 ;0,045;Rp131.100;Rp5.899,50;;;
;;;;JUMLAH HARGA BAHAN;;;Rp127.374,50;;;
;C;PERALATAN;;;;;;;;
;;;;JUMLAH HARGA ALAT;;;;;;
;D;Jumlah (A+B+C);;;;;Rp167.115,50;;;
;E;Overhead & Profit 9,5%;;;0,095;;Rp15.875,97;;;
PPL15;F;Harga Satuan Pekerjaan (D+E);;;;;Rp182.991,47;15;;
;;;;;;;;;;
;Pemasangan 1 m’ plint ubin Pc abu-abu ukuran 15cm x 20cm;;;;;;;;;
;No;Uraian;Kode;Satuan;Koefisien;Harga Satuan;Jumlah Harga;;;
;A;TENAGA;;;;;;;;
;;Pekerja;L.01;OH;0,09;Rp93.000;Rp8.370,00;;;
;;Tukang Batu;L.02;OH;0,09;Rp98.000;Rp8.820,00;;;
;;Kepala tukang;L.03;OH;0,009;Rp106.000;Rp954,00;;;
;;Mandor;L.04;OH;0,005;Rp111.000;Rp555,00;;;
;;;;JUMLAH TENAGA KERJA;;;Rp18.699,00;;;
;B;BAHAN;;;;;;;;
;;Plint ubin Pc abu-abu ukuran 15cm x 20cm;M.555; Bh ;5,3;Rp16.200;Rp85.860,00;;;
;;Semen portland;M.11; Kg ;1,65;Rp1.250;Rp2.062,50;;;
;;Pasir Pasang;M.48; m3 ;0,004;Rp131.100;Rp524,40;;;
;;;;JUMLAH HARGA BAHAN;;;Rp88.446,90;;;
;C;PERALATAN;;;;;;;;
;;;;JUMLAH HARGA ALAT;;;;;;
;D;Jumlah (A+B+C);;;;;Rp107.145,90;;;
;E;Overhead & Profit 9,5%;;;0,095;;Rp10.178,86;;;
PPL16;F;Harga Satuan Pekerjaan (D+E);;;;;Rp117.324,76;16;;
;;;;;;;;;;
;Pemasangan 1 m’ plint ubin Pc abu-abu ukuran 10cm x 30cm;;;;;;;;;
;No;Uraian;Kode;Satuan;Koefisien;Harga Satuan;Jumlah Harga;;;
;A;TENAGA;;;;;;;;
;;Pekerja;L.01;OH;0,09;Rp93.000;Rp8.370,00;;;
;;Tukang Batu;L.02;OH;0,09;Rp98.000;Rp8.820,00;;;
;;Kepala tukang;L.03;OH;0,009;Rp106.000;Rp954,00;;;
;;Mandor;L.04;OH;0,005;Rp111.000;Rp555,00;;;
;;;;JUMLAH TENAGA KERJA;;;Rp18.699,00;;;
;B;BAHAN;;;;;;;;
;;Plint ubin Pc abu-abu ukuran 10cm x 30cm;M.556; Bh ;3,53;Rp14.700;Rp51.891,00;;;
;;Semen portland;M.11; Kg ;1,24;Rp1.250;Rp1.550,00;;;
;;Pasir Pasang;M.48; m3 ;0,003;Rp131.100;Rp393,30;;;
;;;;JUMLAH HARGA BAHAN;;;Rp53.834,30;;;
;C;PERALATAN;;;;;;;;
;;;;JUMLAH HARGA ALAT;;;;;;
;D;Jumlah (A+B+C);;;;;Rp72.533,30;;;
;E;Overhead & Profit 9,5%;;;0,095;;Rp6.890,66;;;
PPL17;F;Harga Satuan Pekerjaan (D+E);;;;;Rp79.423,96;17;;
;;;;;;;;;;
;Pemasangan 1 m’ plint ubin Pc abu-abu ukuran 10cm x 40cm;;;;;;;;;
;No;Uraian;Kode;Satuan;Koefisien;Harga Satuan;Jumlah Harga;;;
;A;TENAGA;;;;;;;;
;;Pekerja;L.01;OH;0,09;Rp93.000;Rp8.370,00;;;
;;Tukang Batu;L.02;OH;0,09;Rp98.000;Rp8.820,00;;;
;;Kepala tukang;L.03;OH;0,009;Rp106.000;Rp954,00;;;
;;Mandor;L.04;OH;0,005;Rp111.000;Rp555,00;;;
;;;;JUMLAH TENAGA KERJA;;;Rp18.699,00;;;
;B;BAHAN;;;;;;;;
;;Plint ubin Pc abu-abu ukuran 10cm x 40cm;M.557; Bh ;2,65;Rp14.500;Rp38.425,00;;;
;;Semen portland;M.11; Kg ;1,24;Rp1.250;Rp1.550,00;;;
;;Pasir pasang;M.48; m3 ;0,003;Rp131.100;Rp393,30;;;
;;;;JUMLAH HARGA BAHAN;;;Rp40.368,30;;;
;C;PERALATAN;;;;;;;;
;;;;JUMLAH HARGA ALAT;;;;;;
;D;Jumlah (A+B+C);;;;;Rp59.067,30;;;
;E;Overhead & Profit 9,5%;;;0,095;;Rp5.611,39;;;
PPL18;F;Harga Satuan Pekerjaan (D+E);;;;;Rp64.678,69;18;;
;;;;;;;;;;
;Pemasangan 1 m’ plint ubin warna ukuran 10cm x 20cm;;;;;;;;;
;No;Uraian;Kode;Satuan;Koefisien;Harga Satuan;Jumlah Harga;;;
;A;TENAGA;;;;;;;;
;;Pekerja;L.01;OH;0,09;Rp93.000;Rp8.370,00;;;
;;Tukang Batu;L.02;OH;0,09;Rp98.000;Rp8.820,00;;;
;;Kepala tukang;L.03;OH;0,009;Rp106.000;Rp954,00;;;
;;Mandor;L.04;OH;0,005;Rp111.000;Rp555,00;;;
;;;;JUMLAH TENAGA KERJA;;;Rp18.699,00;;;
;B;BAHAN;;;;;;;;
;;Plint ubin warna ukuran 10cm x 20cm;M.558; Bh ;2,65;Rp14.700;Rp38.955,00;;;
;;Semen portland;M.11; Kg ;1,14;Rp1.250;Rp1.425,00;;;
;;Semen Warna;M.487; Kg ;0,1;Rp13.300;Rp1.330,00;;;
;;Pasir Pasang;M.48; m3 ;0,003;Rp131.100;Rp393,30;;;
;;;;JUMLAH HARGA BAHAN;;;Rp42.103,30;;;
;C;PERALATAN;;;;;;;;
;;;;JUMLAH HARGA ALAT;;;;;;
;D;Jumlah (A+B+C);;;;;Rp60.802,30;;;
;E;Overhead & Profit 9,5%;;;0,095;;Rp5.776,22;;;
PPL19;F;Harga Satuan Pekerjaan (D+E);;;;;Rp66.578,52;19;;
;;;;;;;;;;
;Pemasangan 1 m’ plint ubin warna ukuran 10cm x 30cm;;;;;;;;;
;No;Uraian;Kode;Satuan;Koefisien;Harga Satuan;Jumlah Harga;;;
;A;TENAGA;;;;;;;;
;;Pekerja;L.01;OH;0,09;Rp93.000;Rp8.370,00;;;
;;Tukang Batu;L.02;OH;0,09;Rp98.000;Rp8.820,00;;;
;;Kepala tukang;L.03;OH;0,009;Rp106.000;Rp954,00;;;
;;Mandor;L.04;OH;0,005;Rp111.000;Rp555,00;;;
;;;;JUMLAH TENAGA KERJA;;;Rp18.699,00;;;
;B;BAHAN;;;;;;;;
;;Plint ubin warna ukuran 10cm x 30cm;M.559; Bh ;3,53;Rp15.600;Rp55.068,00;;;
;;Semen portland;M.11; Kg ;1,14;Rp1.250;Rp1.425,00;;;
;;Semen Warna;M.487; Kg ;0,1;Rp13.300;Rp1.330,00;;;
;;Pasir Pasang;M.48; m3 ;0,003;Rp131.100;Rp393,30;;;
;;;;JUMLAH HARGA BAHAN;;;Rp58.216,30;;;
;C;PERALATAN;;;;;;;;
;;;;JUMLAH HARGA ALAT;;;;;;
;D;Jumlah (A+B+C);;;;;Rp76.915,30;;;
;E;Overhead & Profit 9,5%;;;0,095;;Rp7.306,95;;;
PPL20;F;Harga Satuan Pekerjaan (D+E);;;;;Rp84.222,25;20;;
;;;;;;;;;;
;Pemasangan 1 m’ plint ubin warna ukuran 10cm x 40cm;;;;;;;;;
;No;Uraian;Kode;Satuan;Koefisien;Harga Satuan;Jumlah Harga;;;
;A;TENAGA;;;;;;;;
;;Pekerja;L.01;OH;0,09;Rp93.000;Rp8.370,00;;;
;;Tukang Batu;L.02;OH;0,09;Rp98.000;Rp8.820,00;;;
;;Kepala tukang;L.03;OH;0,009;Rp106.000;Rp954,00;;;
;;Mandor;L.04;OH;0,005;Rp111.000;Rp555,00;;;
;;;;JUMLAH TENAGA KERJA;;;Rp18.699,00;;;
;B;BAHAN;;;;;;;;
;;Plint ubin warna ukuran 10cm x 40cm;M.560; Bh ;2,65;Rp16.900;Rp44.785,00;;;
;;Semen portland;M.11; Kg ;1,14;Rp1.250;Rp1.425,00;;;
;;Semen Warna;M.487; Kg ;0,1;Rp13.300;Rp1.330,00;;;
;;Pasir Pasang;M.48; m3 ;0,003;Rp131.100;Rp393,30;;;
;;;;JUMLAH HARGA BAHAN;;;Rp47.933,30;;;
;C;PERALATAN;;;;;;;;
;;;;JUMLAH HARGA ALAT;;;;;;
;D;Jumlah (A+B+C);;;;;Rp66.632,30;;;
;E;Overhead & Profit 9,5%;;;0,095;;Rp6.330,07;;;
PPL21;F;Harga Satuan Pekerjaan (D+E);;;;;Rp72.962,37;21;;
;;;;;;;;;;
;Pemasangan 1 m’ plint ubin teraso ukuran 10cm x 30cm;;;;;;;;;
;No;Uraian;Kode;Satuan;Koefisien;Harga Satuan;Jumlah Harga;;;
;A;TENAGA;;;;;;;;
;;Pekerja;L.01;OH;0,09;Rp93.000;Rp8.370,00;;;
;;Tukang Batu;L.02;OH;0,09;Rp98.000;Rp8.820,00;;;
;;Kepala tukang;L.03;OH;0,009;Rp106.000;Rp954,00;;;
;;Mandor;L.04;OH;0,005;Rp111.000;Rp555,00;;;
;;;;JUMLAH TENAGA KERJA;;;Rp18.699,00;;;
;B;BAHAN;;;;;;;;
;;Plint ubin teraso ukuran 10cm x 30cm;M.561; Bh ;3,53;Rp14.700;Rp51.891,00;;;
;;Semen portland;M.11; Kg ;1,14;Rp1.250;Rp1.425,00;;;
;;Semen Warna;M.487; Kg ;0,1;Rp13.300;Rp1.330,00;;;
;;Pasir Pasang;M.48; m3 ;0,003;Rp131.100;Rp393,30;;;
;;;;JUMLAH HARGA BAHAN;;;Rp55.039,30;;;
;C;PERALATAN;;;;;;;;
;;;;JUMLAH HARGA ALAT;;;;;;
;D;Jumlah (A+B+C);;;;;Rp73.738,30;;;
;E;Overhead & Profit 9,5%;;;0,095;;Rp7.005,14;;;
PPL22;F;Harga Satuan Pekerjaan (D+E);;;;;Rp80.743,44;22;;
;;;;;;;;;;
;Pemasangan 1 m’ plint ubin teraso ukuran 10cm x 40cm;;;;;;;;;
;No;Uraian;Kode;Satuan;Koefisien;Harga Satuan;Jumlah Harga;;;
;A;TENAGA;;;;;;;;
;;Pekerja;L.01;OH;0,09;Rp93.000;Rp8.370,00;;;
;;Tukang Batu;L.02;OH;0,09;Rp98.000;Rp8.820,00;;;
;;Kepala tukang;L.03;OH;0,009;Rp106.000;Rp954,00;;;
;;Mandor;L.04;OH;0,005;Rp111.000;Rp555,00;;;
;;;;JUMLAH TENAGA KERJA;;;Rp18.699,00;;;
;B;BAHAN;;;;;;;;
;;Plint ubin teraso ukuran 10cm x 40cm;M.562; Bh ;2,65;Rp14.500;Rp38.425,00;;;
;;Semen portland;M.11; Kg ;1,14;Rp1.250;Rp1.425,00;;;
;;Semen Warna;M.487; Kg ;0,1;Rp13.300;Rp1.330,00;;;
;;Pasir Pasang;M.48; m3 ;0,003;Rp131.100;Rp393,30;;;
;;;;JUMLAH HARGA BAHAN;;;Rp41.573,30;;;
;C;PERALATAN;;;;;;;;
;;;;JUMLAH HARGA ALAT;;;;;;
;D;Jumlah (A+B+C);;;;;Rp60.272,30;;;
;E;Overhead & Profit 9,5%;;;0,095;;Rp5.725,87;;;
PPL23;F;Harga Satuan Pekerjaan (D+E);;;;;Rp65.998,17;23;;
;;;;;;;;;;
;Pemasangan 1 m’ plint ubin granit ukuran 10cm x 60cm;;;;;;;;;
;No;Uraian;Kode;Satuan;Koefisien;Harga Satuan;Jumlah Harga;;;
;A;TENAGA;;;;;;;;
;;Pekerja;L.01;OH;0,09;Rp93.000;Rp8.370,00;;;
;;Tukang Batu;L.02;OH;0,09;Rp98.000;Rp8.820,00;;;
;;Kepala tukang;L.03;OH;0,009;Rp106.000;Rp954,00;;;
;;Mandor;L.04;OH;0,005;Rp111.000;Rp555,00;;;
;;;;JUMLAH TENAGA KERJA;;;Rp18.699,00;;;
;B;BAHAN;;;;;;;;
;;Plint ubin granit ukuran 10cm x 60cm;M.563; Bh ;2,65;Rp14.400;Rp38.160,00;;;
;;Semen portland;M.11; Kg ;1,14;Rp1.250;Rp1.425,00;;;
;;Semen Warna;M.487; Kg ;0,1;Rp13.300;Rp1.330,00;;;
;;Pasir Pasang;M.48; m3 ;0,003;Rp131.100;Rp393,30;;;
;;;;JUMLAH HARGA BAHAN;;;Rp41.308,30;;;
;C;PERALATAN;;;;;;;;
;;;;JUMLAH HARGA ALAT;;;;;;
;D;Jumlah (A+B+C);;;;;Rp60.007,30;;;
;E;Overhead & Profit 9,5%;;;0,095;;Rp5.700,69;;;
PPL24;F;Harga Satuan Pekerjaan (D+E);;;;;Rp65.707,99;24;;
;;;;;;;;;;
;Pemasangan 1 m’ plint ubin granit ukuran 10cm x 30cm;;;;;;;;;
;No;Uraian;Kode;Satuan;Koefisien;Harga Satuan;Jumlah Harga;;;
;A;TENAGA;;;;;;;;
;;Pekerja;L.01;OH;0,09;Rp93.000;Rp8.370,00;;;
;;Tukang Batu;L.02;OH;0,09;Rp98.000;Rp8.820,00;;;
;;Kepala tukang;L.03;OH;0,009;Rp106.000;Rp954,00;;;
;;Mandor;L.04;OH;0,005;Rp111.000;Rp555,00;;;
;;;;JUMLAH TENAGA KERJA;;;Rp18.699,00;;;
;B;BAHAN;;;;;;;;
;;Plint ubin granit ukuran 10cm x 30cm;M.564; Bh ;3,53;Rp14.300;Rp50.479,00;;;
;;Semen portland;M.11; Kg ;1,14;Rp1.250;Rp1.425,00;;;
;;Semen Warna;M.487; Kg ;0,1;Rp13.300;Rp1.330,00;;;
;;Pasir Pasang;M.48; m3 ;0,003;Rp131.100;Rp393,30;;;
;;;;JUMLAH HARGA BAHAN;;;Rp53.627,30;;;
;C;PERALATAN;;;;;;;;
;;;;JUMLAH HARGA ALAT;;;;;;
;D;Jumlah (A+B+C);;;;;Rp72.326,30;;;
;E;Overhead & Profit 9,5%;;;0,095;;Rp6.871,00;;;
PPL25;F;Harga Satuan Pekerjaan (D+E);;;;;Rp79.197,30;25;;
;;;;;;;;;;
;Pemasangan 1 m’ plint ubin teralux kerang ukuran 10cm x 40cm;;;;;;;;;
;No;Uraian;Kode;Satuan;Koefisien;Harga Satuan;Jumlah Harga;;;
;A;TENAGA;;;;;;;;
;;Pekerja;L.01;OH;0,09;Rp93.000;Rp8.370,00;;;
;;Tukang Batu;L.02;OH;0,09;Rp98.000;Rp8.820,00;;;
;;Kepala tukang;L.03;OH;0,009;Rp106.000;Rp954,00;;;
;;Mandor;L.04;OH;0,005;Rp111.000;Rp555,00;;;
;;;;JUMLAH TENAGA KERJA;;;Rp18.699,00;;;
;B;BAHAN;;;;;;;;
;;Plint ubin teralux kerang ukuran 10cm x 40c;M.565; Bh ;2,63;Rp14.400;Rp37.872,00;;;
;;Semen portland;M.11; Kg ;1,14;Rp1.250;Rp1.425,00;;;
;;Semen Warna;M.487; Kg ;0,1;Rp13.300;Rp1.330,00;;;
;;Pasir Pasang;M.48; m3 ;0,003;Rp131.100;Rp393,30;;;
;;;;JUMLAH HARGA BAHAN;;;Rp41.020,30;;;
;C;PERALATAN;;;;;;;;
;;;;JUMLAH HARGA ALAT;;;;;;
;D;Jumlah (A+B+C);;;;;Rp59.719,30;;;
;E;Overhead & Profit 9,5%;;;0,095;;Rp5.673,33;;;
PPL26;F;Harga Satuan Pekerjaan (D+E);;;;;Rp65.392,63;26;;
;;;;;;;;;;
;Pemasangan 1 m’ plint ubin teralux kerang ukuran 10cm x 30cm;;;;;;;;;
;No;Uraian;Kode;Satuan;Koefisien;Harga Satuan;Jumlah Harga;;;
;A;TENAGA;;;;;;;;
;;Pekerja;L.01;OH;0,09;Rp93.000;Rp8.370,00;;;
;;Tukang Batu;L.02;OH;0,09;Rp98.000;Rp8.820,00;;;
;;Kepala tukang;L.03;OH;0,009;Rp106.000;Rp954,00;;;
;;Mandor;L.04;OH;0,005;Rp111.000;Rp555,00;;;
;;;;JUMLAH TENAGA KERJA;;;Rp18.699,00;;;
;B;BAHAN;;;;;;;;
;;Plint ubin teralux kerang ukuran 10cm x 30c;M.566; Bh ;3,53;Rp14.200;Rp50.126,00;;;
;;Semen portland;M.11; Kg ;1,14;Rp1.250;Rp1.425,00;;;
;;Semen Warna;M.487; Kg ;0,1;Rp13.300;Rp1.330,00;;;
;;Pasir Pasang;M.48; m3 ;0,003;Rp131.100;Rp393,30;;;
;;;;JUMLAH HARGA BAHAN;;;Rp53.274,30;;;
;C;PERALATAN;;;;;;;;
;;;;JUMLAH HARGA ALAT;;;;;;
;D;Jumlah (A+B+C);;;;;Rp71.973,30;;;
;E;Overhead & Profit 9,5%;;;0,095;;Rp6.837,46;;;
PPL27;F;Harga Satuan Pekerjaan (D+E);;;;;Rp78.810,76;27;;
;;;;;;;;;;
;Pemasangan 1 m’ plint ubin teralux marmer ukuran 10cm x 60cm;;;;;;;;;
;No;Uraian;Kode;Satuan;Koefisien;Harga Satuan;Jumlah Harga;;;
;A;TENAGA;;;;;;;;
;;Pekerja;L.01;OH;0,09;Rp93.000;Rp8.370,00;;;
;;Tukang Batu;L.02;OH;0,09;Rp98.000;Rp8.820,00;;;
;;Kepala tukang;L.03;OH;0,009;Rp106.000;Rp954,00;;;
;;Mandor;L.04;OH;0,005;Rp111.000;Rp555,00;;;
;;;;JUMLAH TENAGA KERJA;;;Rp18.699,00;;;
;B;BAHAN;;;;;;;;
;;plint ubin teralux marmer ukuran 10cm x 60c;M.567; Bh ;1,7;Rp14.300;Rp24.310,00;;;
;;Semen portland;M.11; Kg ;1,14;Rp1.250;Rp1.425,00;;;
;;Semen Warna;M.487; Kg ;0,1;Rp13.300;Rp1.330,00;;;
;;Pasir Pasang;M.48; m3 ;0,003;Rp131.100;Rp393,30;;;
;;;;JUMLAH HARGA BAHAN;;;Rp27.458,30;;;
;C;PERALATAN;;;;;;;;
;;;;JUMLAH HARGA ALAT;;;;;;
;D;Jumlah (A+B+C);;;;;Rp46.157,30;;;
;E;Overhead & Profit 9,5%;;;0,095;;Rp4.384,94;;;
PPL28;F;Harga Satuan Pekerjaan (D+E);;;;;Rp50.542,24;28;;
;;;;;;;;;;
;Pemasangan 1 m’ plint ubin teralux marmer ukuran 10cm x 40cm;;;;;;;;;
;No;Uraian;Kode;Satuan;Koefisien;Harga Satuan;Jumlah Harga;;;
;A;TENAGA;;;;;;;;
;;Pekerja;L.01;OH;0,09;Rp93.000;Rp8.370,00;;;
;;Tukang Batu;L.02;OH;0,09;Rp98.000;Rp8.820,00;;;
;;Kepala tukang;L.03;OH;0,009;Rp106.000;Rp954,00;;;
;;Mandor;L.04;OH;0,005;Rp111.000;Rp555,00;;;
;;;;JUMLAH TENAGA KERJA;;;Rp18.699,00;;;
;B;BAHAN;;;;;;;;
;;Plint ubin teralux marmer ukuran 10cm x 40c;M.568; Bh ;2,65;Rp14.400;Rp38.160,00;;;
;;Semen portland;M.11; Kg ;1,14;Rp1.250;Rp1.425,00;;;
;;Semen Warna;M.487; Kg ;0,1;Rp13.300;Rp1.330,00;;;
;;Pasir Pasang;M.48; m3 ;0,003;Rp131.100;Rp393,30;;;
;;;;JUMLAH HARGA BAHAN;;;Rp41.308,30;;;
;C;PERALATAN;;;;;;;;
;;;;JUMLAH HARGA ALAT;;;;;;
;D;Jumlah (A+B+C);;;;;Rp60.007,30;;;
;E;Overhead & Profit 9,5%;;;0,095;;Rp5.700,69;;;
PPL29;F;Harga Satuan Pekerjaan (D+E);;;;;Rp65.707,99;29;;
;;;;;;;;;;
;Pemasangan 1 m’ plint ubin teralux marmer ukuran 10cm x 30cm;;;;;;;;;
;No;Uraian;Kode;Satuan;Koefisien;Harga Satuan;Jumlah Harga;;;
;A;TENAGA;;;;;;;;
;;Pekerja;L.01;OH;0,09;Rp93.000;Rp8.370,00;;;
;;Tukang Batu;L.02;OH;0,09;Rp98.000;Rp8.820,00;;;
;;Kepala tukang;L.03;OH;0,009;Rp106.000;Rp954,00;;;
;;Mandor;L.04;OH;0,005;Rp111.000;Rp555,00;;;
;;;;JUMLAH TENAGA KERJA;;;Rp18.699,00;;;
;B;BAHAN;;;;;;;;
;;Plint ubin teralux marmer ukuran 10cm x 30c;M.569; Bh ;3,53;Rp14.500;Rp51.185,00;;;
;;Semen portland;M.11; Kg ;1,14;Rp1.250;Rp1.425,00;;;
;;Semen Warna;M.487; Kg ;0,1;Rp13.300;Rp1.330,00;;;
;;Pasir Pasang;M.48; m3 ;0,003;Rp131.100;Rp393,30;;;
;;;;JUMLAH HARGA BAHAN;;;Rp54.333,30;;;
;C;PERALATAN;;;;;;;;
;;;;JUMLAH HARGA ALAT;;;;;;
;D;Jumlah (A+B+C);;;;;Rp73.032,30;;;
;E;Overhead & Profit 9,5%;;;0,095;;Rp6.938,07;;;
PPL30;F;Harga Satuan Pekerjaan (D+E);;;;;Rp79.970,37;30;;
;;;;;;;;;;
;Pemasangan 1 m2 lantai teraso cor di tempat, tebal 3cm;;;;;;;;;
;No;Uraian;Kode;Satuan;Koefisien;Harga Satuan;Jumlah Harga;;;
;A;TENAGA;;;;;;;;
;;Pekerja;L.01;OH;0,36;Rp93.000;Rp33.480,00;;;
;;Tukang Batu;L.02;OH;0,18;Rp98.000;Rp17.640,00;;;
;;Kepala tukang;L.03;OH;0,018;Rp106.000;Rp1.908,00;;;
;;Mandor;L.04;OH;0,018;Rp111.000;Rp1.998,00;;;
;;;;JUMLAH TENAGA KERJA;;;Rp55.026,00;;;
;B;BAHAN;;;;;;;;
;;Teraso cor di tempat, tebal 3cm;M.570; M3 ;0,036;Rp960.300;Rp34.570,80;;;
;;Semen warna;M.487; Kg ;0,1;Rp13.300;Rp1.330,00;;;
;;;;JUMLAH HARGA BAHAN;;;Rp35.900,80;;;
;C;PERALATAN;;;;;;;;
;;;;JUMLAH HARGA ALAT;;;;;;
;D;Jumlah (A+B+C);;;;;Rp90.926,80;;;
;E;Overhead & Profit 9,5%;;;0,095;;Rp8.638,05;;;
PPL31;F;Harga Satuan Pekerjaan (D+E);;;;;Rp99.564,85;31;;
;;;;;;;;;;
;Pemasangan 1 m2 lantai keramik artistik 10cm x 20cm;;;;;;;;;
;No;Uraian;Kode;Satuan;Koefisien;Harga Satuan;Jumlah Harga;;;
;A;TENAGA;;;;;;;;
;;Pekerja;L.01;OH;0,7;Rp93.000;Rp65.100,00;;;
;;Tukang Batu;L.02;OH;0,35;Rp98.000;Rp34.300,00;;;
;;Kepala tukang;L.03;OH;0,035;Rp106.000;Rp3.710,00;;;
;;Mandor;L.04;OH;0,035;Rp111.000;Rp3.885,00;;;
;;;;JUMLAH TENAGA KERJA;;;Rp106.995,00;;;
;B;BAHAN;;;;;;;;
;;keramik artistik 10cm x 20cm;M.571; Bh ;53;Rp1.400;Rp74.200,00;;;
;;Semen portland;M.11; Kg ;8,19;Rp1.250;Rp10.237,50;;;
;;Pasir pasang;M.48; m3 ;0,045;Rp131.100;Rp5.899,50;;;
;;Semen warna;M.487; Kg ;2,75;Rp13.300;Rp36.575,00;;;
;;;;JUMLAH HARGA BAHAN;;;Rp126.912,00;;;
;C;PERALATAN;;;;;;;;
;;;;JUMLAH HARGA ALAT;;;;;;
;D;Jumlah (A+B+C);;;;;Rp233.907,00;;;
;E;Overhead & Profit 9,5%;;;0,095;;Rp22.221,17;;;
PPL32;F;Harga Satuan Pekerjaan (D+E);;;;;Rp256.128,17;32;;
;;;;;;;;;;
;Pemasangan 1 m2 lantai keramik artistik 10cm x 10cm atau 5cm x 20cm;;;;;;;;;
;No;Uraian;Kode;Satuan;Koefisien;Harga Satuan;Jumlah Harga;;;
;A;TENAGA;;;;;;;;
;;Pekerja;L.01;OH;0,7;Rp93.000;Rp65.100,00;;;
;;Tukang Batu;L.02;OH;0,35;Rp98.000;Rp34.300,00;;;
;;Kepala tukang;L.03;OH;0,035;Rp106.000;Rp3.710,00;;;
;;Mandor;L.04;OH;0,035;Rp111.000;Rp3.885,00;;;
;;;;JUMLAH TENAGA KERJA;;;Rp106.995,00;;;
;B;BAHAN;;;;;;;;
;;keramik artistik 10cm x 10cm atau 5cm x 20c;M.612; Bh ;106;Rp900;Rp95.400,00;;;
;;Semen portland;M.11; Kg ;8,19;Rp1.250;Rp10.237,50;;;
;;Pasir Pasang;M.48; m3 ;0,045;Rp131.100;Rp5.899,50;;;
;;Semen Warna;M.487; Kg ;3,2;Rp13.300;Rp42.560,00;;;
;;;;JUMLAH HARGA BAHAN;;;Rp154.097,00;;;
;C;PERALATAN;;;;;;;;
;;;;JUMLAH HARGA ALAT;;;;;;
;D;Jumlah (A+B+C);;;;;Rp261.092,00;;;
;E;Overhead & Profit 9,5%;;;0,095;;Rp24.803,74;;;
PPL33;F;Harga Satuan Pekerjaan (D+E);;;;;Rp285.895,74;33;;
;;;;;;;;;;
;Pemasangan 1 m2 lantai keramik ukuran 33cm x 33cm;;;;;;;;;
;No;Uraian;Kode;Satuan;Koefisien;Harga Satuan;Jumlah Harga;;;
;A;TENAGA;;;;;;;;
;;Pekerja;L.01;OH;0,7;Rp93.000;Rp65.100,00;;;
;;Tukang Batu;L.02;OH;0,35;Rp98.000;Rp34.300,00;;;
;;Kepala tukang;L.03;OH;0,035;Rp106.000;Rp3.710,00;;;
;;Mandor;L.04;OH;0,035;Rp111.000;Rp3.885,00;;;
;;;;JUMLAH TENAGA KERJA;;;Rp106.995,00;;;
;B;BAHAN;;;;;;;;
;;keramik ukuran 33cm x 33cm;M.572; Bh ;10;Rp7.600;Rp76.000,00;;;
;;Semen portland;M.11; Kg ;8,19;Rp1.250;Rp10.237,50;;;
;;Pasir Pasang;M.48; m3 ;0,045;Rp131.100;Rp5.899,50;;;
;;Semen Warna;M.487; Kg ;1,62;Rp13.300;Rp21.546,00;;;
;;;;JUMLAH HARGA BAHAN;;;Rp113.683,00;;;
;C;PERALATAN;;;;;;;;
;;;;JUMLAH HARGA ALAT;;;;;;
;D;Jumlah (A+B+C);;;;;Rp220.678,00;;;
;E;Overhead & Profit 9,5%;;;0,095;;Rp20.964,41;;;
PPL34;F;Harga Satuan Pekerjaan (D+E);;;;;Rp241.642,41;34;;
;;;;;;;;;;
;Pemasangan 1 m2 lantai keramik ukuran 30cm x 30cm;;;;;;;;;
;No;Uraian;Kode;Satuan;Koefisien;Harga Satuan;Jumlah Harga;;;
;A;TENAGA;;;;;;;;
;;Pekerja;L.01;OH;0,7;Rp93.000;Rp65.100,00;;;
;;Tukang Batu;L.02;OH;0,35;Rp98.000;Rp34.300,00;;;
;;Kepala tukang;L.03;OH;0,035;Rp106.000;Rp3.710,00;;;
;;Mandor;L.04;OH;0,035;Rp111.000;Rp3.885,00;;;
;;;;JUMLAH TENAGA KERJA;;;Rp106.995,00;;;
;B;BAHAN;;;;;;;;
;;keramik ukuran 30cm x 30cm;M.573; Bh ;11,87;Rp6.400;Rp75.968,00;;;
;;Semen portland;M.11; Kg ;10;Rp1.250;Rp12.500,00;;;
;;Pasir Pasang;M.48; m3 ;0,045;Rp131.100;Rp5.899,50;;;
;;Semen Warna;M.487; Kg ;1,5;Rp13.300;Rp19.950,00;;;
;;;;JUMLAH HARGA BAHAN;;;Rp114.317,50;;;
;C;PERALATAN;;;;;;;;
;;;;JUMLAH HARGA ALAT;;;;;;
;D;Jumlah (A+B+C);;;;;Rp221.312,50;;;
;E;Overhead & Profit 9,5%;;;0,095;;Rp21.024,69;;;
PPL35;F;Harga Satuan Pekerjaan (D+E);;;;;Rp242.337,19;35;;
;;;;;;;;;;
;Pemasangan 1 m2 lantai keramik ukuran 20cm x 20cm;;;;;;;;;
;No;Uraian;Kode;Satuan;Koefisien;Harga Satuan;Jumlah Harga;;;
;A;TENAGA;;;;;;;;
;;Pekerja;L.01;OH;0,7;Rp93.000;Rp65.100,00;;;
;;Tukang Batu;L.02;OH;0,35;Rp98.000;Rp34.300,00;;;
;;Kepala tukang;L.03;OH;0,035;Rp106.000;Rp3.710,00;;;
;;Mandor;L.04;OH;0,035;Rp111.000;Rp3.885,00;;;
;;;;JUMLAH TENAGA KERJA;;;Rp106.995,00;;;
;B;BAHAN;;;;;;;;
;;Keramik ukuran 20cm x 20cm;M.574; Bh ;26,5;Rp2.900;Rp76.850,00;;;
;;Semen portland;M.11; Kg ;10,4;Rp1.250;Rp13.000,00;;;
;;Pasir Pasang;M.48; m3 ;0,045;Rp131.100;Rp5.899,50;;;
;;Semen Warna;M.487; Kg ;1,62;Rp13.300;Rp21.546,00;;;
;;;;JUMLAH HARGA BAHAN;;;Rp117.295,50;;;
;C;PERALATAN;;;;;;;;
;;;;JUMLAH HARGA ALAT;;;;;;
;D;Jumlah (A+B+C);;;;;Rp224.290,50;;;
;E;Overhead & Profit 9,5%;;;0,095;;Rp21.307,60;;;
PPL36;F;Harga Satuan Pekerjaan (D+E);;;;;Rp245.598,10;36;;
;;;;;;;;;;
;Pemasangan 1 m2 lantai keramik ukuran 40cm x 40cm;;;;;;;;;
;No;Uraian;Kode;Satuan;Koefisien;Harga Satuan;Jumlah Harga;;;
;A;TENAGA;;;;;;;;
;;Pekerja;L.01;OH;0,7;Rp93.000;Rp65.100,00;;;
;;Tukang Batu;L.02;OH;0,35;Rp98.000;Rp34.300,00;;;
;;Kepala tukang;L.03;OH;0,035;Rp106.000;Rp3.710,00;;;
;;Mandor;L.04;OH;0,035;Rp111.000;Rp3.885,00;;;
;;;;JUMLAH TENAGA KERJA;;;Rp106.995,00;;;
;B;BAHAN;;;;;;;;
;;Ubin keramik 40 x 40;M.865; Bh ;6,5;Rp13.300;Rp86.450,00;;;
;;Semen portland;M.11; Kg ;8,19;Rp1.250;Rp10.237,50;;;
;;Pasir Pasang;M.48; m3 ;0,045;Rp131.100;Rp5.899,50;;;
;;Semen Warna;M.487; Kg ;1,6;Rp13.300;Rp21.280,00;;;
;;;;JUMLAH HARGA BAHAN;;;Rp123.867,00;;;
;C;PERALATAN;;;;;;;;
;;;;JUMLAH HARGA ALAT;;;;;;
;D;Jumlah (A+B+C);;;;;Rp230.862,00;;;
;E;Overhead & Profit 9,5%;;;0,095;;Rp21.931,89;;;
PPL37;F;Harga Satuan Pekerjaan (D+E);;;;;Rp252.793,89;37;;
;;;;;;;;;;
;Pemasangan 1 m2 lantai keramik ukuran 50cm x 50cm;;;;;;;;;
;No;Uraian;Kode;Satuan;Koefisien;Harga Satuan;Jumlah Harga;;;
;A;TENAGA;;;;;;;;
;;Pekerja;L.01;OH;0,7;Rp93.000;Rp65.100,00;;;
;;Tukang Batu;L.02;OH;0,35;Rp98.000;Rp34.300,00;;;
;;Kepala tukang;L.03;OH;0,035;Rp106.000;Rp3.710,00;;;
;;Mandor;L.04;OH;0,035;Rp111.000;Rp3.885,00;;;
;;;;JUMLAH TENAGA KERJA;;;Rp106.995,00;;;
;B;BAHAN;;;;;;;;
;;Ubin keramik 50 x 50;M.866; Bh ;4,1;Rp22.300;Rp91.430,00;;;
;;Semen portland;M.11; Kg ;7,19;Rp1.250;Rp8.987,50;;;
;;Pasir Pasang;M.48; m3 ;0,045;Rp131.100;Rp5.899,50;;;
;;Semen Warna;M.487; Kg ;1,6;Rp13.300;Rp21.280,00;;;
;;;;JUMLAH HARGA BAHAN;;;Rp127.597,00;;;
;C;PERALATAN;;;;;;;;
;;;;JUMLAH HARGA ALAT;;;;;;
;D;Jumlah (A+B+C);;;;;Rp234.592,00;;;
;E;Overhead & Profit 9,5%;;;0,095;;Rp22.286,24;;;
PPL38;F;Harga Satuan Pekerjaan (D+E);;;;;Rp256.878,24;38;;
;;;;;;;;;;
;Pemasangan 1 m2 lantai keramik ukuran 60cm x 60cm;;;;;;;;;
;No;Uraian;Kode;Satuan;Koefisien;Harga Satuan;Jumlah Harga;;;
;A;TENAGA;;;;;;;;
;;Pekerja;L.01;OH;0,7;Rp93.000;Rp65.100,00;;;
;;Tukang Batu;L.02;OH;0,12;Rp98.000;Rp11.760,00;;;
;;Kepala tukang;L.03;OH;0,012;Rp106.000;Rp1.272,00;;;
;;Mandor;L.04;OH;0,012;Rp111.000;Rp1.332,00;;;
;;;;JUMLAH TENAGA KERJA;;;Rp79.464,00;;;
;B;BAHAN;;;;;;;;
;;Ubin keramik 60 x 60;M.867; Bh ;3,1;Rp30.600;Rp94.860,00;;;
;;Semen portland;M.11; Kg ;9,6;Rp1.250;Rp12.000,00;;;
;;Pasir Pasang;M.48; m3 ;0,045;Rp131.100;Rp5.899,50;;;
;;Semen Warna;M.487; Kg ;1,5;Rp13.300;Rp19.950,00;;;
;;;;JUMLAH HARGA BAHAN;;;Rp132.709,50;;;
;C;PERALATAN;;;;;;;;
;;;;JUMLAH HARGA ALAT;;;;;;
;D;Jumlah (A+B+C);;;;;Rp212.173,50;;;
;E;Overhead & Profit 9,5%;;;0,095;;Rp20.156,48;;;
PPL39;F;Harga Satuan Pekerjaan (D+E);;;;;Rp232.329,98;39;;
;;;;;;;;;;
;Pemasangan 1 m2 lantai Granit ukuran 60cm x 60cm;;;;;;;;;
;No;Uraian;Kode;Satuan;Koefisien;Harga Satuan;Jumlah Harga;;;
;A;TENAGA;;;;;;;;
;;Pekerja;L.01;OH;0,7;Rp93.000;Rp65.100,00;;;
;;Tukang Batu;L.02;OH;0,12;Rp98.000;Rp11.760,00;;;
;;Kepala tukang;L.03;OH;0,012;Rp106.000;Rp1.272,00;;;
;;Mandor;L.04;OH;0,012;Rp111.000;Rp1.332,00;;;
;;;;JUMLAH TENAGA KERJA;;;Rp79.464,00;;;
;B;BAHAN;;;;;;;;
;;Granit 60 x 60;M.868; Bh ;3,1;Rp92.400;Rp286.440,00;;;
;;Semen portland;M.11; Kg ;9,6;Rp1.250;Rp12.000,00;;;
;;Pasir Pasang;M.48; m3 ;0,045;Rp131.100;Rp5.899,50;;;
;;Semen Warna;M.487; Kg ;1,5;Rp13.300;Rp19.950,00;;;
;;;;JUMLAH HARGA BAHAN;;;Rp324.289,50;;;
;C;PERALATAN;;;;;;;;
;;;;JUMLAH HARGA ALAT;;;;;;
;D;Jumlah (A+B+C);;;;;Rp403.753,50;;;
;E;Overhead & Profit 9,5%;;;0,095;;Rp38.356,58;;;
PPL40;F;Harga Satuan Pekerjaan (D+E);;;;;Rp442.110,08;40;;
;;;;;;;;;;
;Pemasangan 1 m2 keramik ukuran 10cm x 33cm untuk variasi/border;;;;;;;;;
;No;Uraian;Kode;Satuan;Koefisien;Harga Satuan;Jumlah Harga;;;
;A;TENAGA;;;;;;;;
;;Pekerja;L.01;OH;1,05;Rp93.000;Rp97.650,00;;;
;;Tukang Batu;L.02;OH;0,525;Rp98.000;Rp51.450,00;;;
;;Kepala tukang;L.03;OH;0,053;Rp106.000;Rp5.618,00;;;
;;Mandor;L.04;OH;0,053;Rp111.000;Rp5.883,00;;;
;;;;JUMLAH TENAGA KERJA;;;Rp160.601,00;;;
;B;BAHAN;;;;;;;;
;;Ubin keramik;M.575; Bh ;33;Rp7.400;Rp244.200,00;;;
;;Semen portland;M.11; Kg ;9,8;Rp1.250;Rp12.250,00;;;
;;Pasir Pasang;M.48; m3 ;0,045;Rp131.100;Rp5.899,50;;;
;;Semen Warna;M.487; Kg ;4,37;Rp13.300;Rp58.121,00;;;
;;;;JUMLAH HARGA BAHAN;;;Rp320.470,50;;;
;C;PERALATAN;;;;;;;;
;;;;JUMLAH HARGA ALAT;;;;;;
;D;Jumlah (A+B+C);;;;;Rp481.071,50;;;
;E;Overhead & Profit 9,5%;;;0,095;;Rp45.701,79;;;
PPL41;F;Harga Satuan Pekerjaan (D+E);;;;;Rp526.773,29;41;;
;;;;;;;;;;
;Pemasangan 1 m2 lantai keramik mozaik ukuran 30cm x 30cm;;;;;;;;;
;No;Uraian;Kode;Satuan;Koefisien;Harga Satuan;Jumlah Harga;;;
;A;TENAGA;;;;;;;;
;;Pekerja;L.01;OH;0,7;Rp93.000;Rp65.100,00;;;
;;Tukang Batu;L.02;OH;0,35;Rp98.000;Rp34.300,00;;;
;;Kepala tukang;L.03;OH;0,035;Rp106.000;Rp3.710,00;;;
;;Mandor;L.04;OH;0,035;Rp111.000;Rp3.885,00;;;
;;;;JUMLAH TENAGA KERJA;;;Rp106.995,00;;;
;B;BAHAN;;;;;;;;
;;Keramik mozaik ukuran 30cm x 30cm;M.576; Bh ;11,87;Rp7.400;Rp87.838,00;;;
;;Semen portland;M.11; Kg ;14,15;Rp1.250;Rp17.687,50;;;
;;Pasir Pasang;M.48; m3 ;0,039;Rp131.100;Rp5.112,90;;;
;;Semen Warna;M.487; Kg ;2;Rp13.300;Rp26.600,00;;;
;;;;JUMLAH HARGA BAHAN;;;Rp137.238,40;;;
;C;PERALATAN;;;;;;;;
;;;;JUMLAH HARGA ALAT;;;;;;
;D;Jumlah (A+B+C);;;;;Rp244.233,40;;;
;E;Overhead & Profit 9,5%;;;0,095;;Rp23.202,17;;;
PPL42;F;Harga Satuan Pekerjaan (D+E);;;;;Rp267.435,57;42;;
;;;;;;;;;;
;Pemasangan 1 m’ plint keramik ukuran 10cm x 20cm;;;;;;;;;
;No;Uraian;Kode;Satuan;Koefisien;Harga Satuan;Jumlah Harga;;;
;A;TENAGA;;;;;;;;
;;Pekerja;L.01;OH;0,09;Rp93.000;Rp8.370,00;;;
;;Tukang Batu;L.02;OH;0,09;Rp98.000;Rp8.820,00;;;
;;Kepala tukang;L.03;OH;0,035;Rp106.000;Rp3.710,00;;;
;;Mandor;L.04;OH;0,005;Rp111.000;Rp555,00;;;
;;;;JUMLAH TENAGA KERJA;;;Rp21.455,00;;;
;B;BAHAN;;;;;;;;
;;Plint keramik ukuran 10cm x 20cm;M.577; Bh ;5,3;Rp14.600;Rp77.380,00;;;
;;Semen portland;M.11; Kg ;1,14;Rp1.250;Rp1.425,00;;;
;;Pasir Pasang;M.48; m3 ;0,003;Rp131.100;Rp393,30;;;
;;Semen Warna;M.487; Kg ;0,025;Rp13.300;Rp332,50;;;
;;;;JUMLAH HARGA BAHAN;;;Rp79.530,80;;;
;C;PERALATAN;;;;;;;;
;;;;JUMLAH HARGA ALAT;;;;;;
;D;Jumlah (A+B+C);;;;;Rp100.985,80;;;
;E;Overhead & Profit 9,5%;;;0,095;;Rp9.593,65;;;
PPL43;F;Harga Satuan Pekerjaan (D+E);;;;;Rp110.579,45;43;;
;;;;;;;;;;
;Pemasangan 1 m’ plint keramik ukuran 10cm x 10cm;;;;;;;;;
;No;Uraian;Kode;Satuan;Koefisien;Harga Satuan;Jumlah Harga;;;
;A;TENAGA;;;;;;;;
;;Pekerja;L.01;OH;0,09;Rp93.000;Rp8.370,00;;;
;;Tukang Batu;L.02;OH;0,09;Rp98.000;Rp8.820,00;;;
;;Kepala tukang;L.03;OH;0,035;Rp106.000;Rp3.710,00;;;
;;Mandor;L.04;OH;0,005;Rp111.000;Rp555,00;;;
;;;;JUMLAH TENAGA KERJA;;;Rp21.455,00;;;
;B;BAHAN;;;;;;;;
;;Plint keramik ukuran 10cm x 10cm;M.578; Bh ;10,6;Rp14.700;Rp155.820,00;;;
;;Semen portland;M.11; Kg ;1,14;Rp1.250;Rp1.425,00;;;
;;Pasir Pasang;M.48; m3 ;0,003;Rp131.100;Rp393,30;;;
;;Semen Warna;M.487; Kg ;0,05;Rp13.300;Rp665,00;;;
;;;;JUMLAH HARGA BAHAN;;;Rp158.303,30;;;
;C;PERALATAN;;;;;;;;
;;;;JUMLAH HARGA ALAT;;;;;;
;D;Jumlah (A+B+C);;;;;Rp179.758,30;;;
;E;Overhead & Profit 9,5%;;;0,095;;Rp17.077,04;;;
PPL44;F;Harga Satuan Pekerjaan (D+E);;;;;Rp196.835,34;44;;
;;;;;;;;;;
;Pemasangan 1 m’ plint keramik ukuran 5cm x 20cm;;;;;;;;;
;No;Uraian;Kode;Satuan;Koefisien;Harga Satuan;Jumlah Harga;;;
;A;TENAGA;;;;;;;;
;;Pekerja;L.01;OH;0,09;Rp93.000;Rp8.370,00;;;
;;Tukang Batu;L.02;OH;0,09;Rp98.000;Rp8.820,00;;;
;;Kepala tukang;L.03;OH;0,035;Rp106.000;Rp3.710,00;;;
;;Mandor;L.04;OH;0,005;Rp111.000;Rp555,00;;;
;;;;JUMLAH TENAGA KERJA;;;Rp21.455,00;;;
;B;BAHAN;;;;;;;;
;;Plint keramik ukuran 5cm x 20cm;M.579; Bh ;5,3;Rp14.500;Rp76.850,00;;;
;;Semen portland;M.11; Kg ;0,57;Rp1.250;Rp712,50;;;
;;Pasir Pasang;M.48; m3 ;0,0015;Rp131.100;Rp196,65;;;
;;Semen Warna;M.487; Kg ;0,013;Rp13.300;Rp172,90;;;
;;;;JUMLAH HARGA BAHAN;;;Rp77.932,05;;;
;C;PERALATAN;;;;;;;;
;;;;JUMLAH HARGA ALAT;;;;;;
;D;Jumlah (A+B+C);;;;;Rp99.387,05;;;
;E;Overhead & Profit 9,5%;;;0,095;;Rp9.441,77;;;
PPL45;F;Harga Satuan Pekerjaan (D+E);;;;;Rp108.828,82;45;;
;;;;;;;;;;
;Pemasangan 1 m’ plint internal cove artistik 5cm x 5cm x 20cm;;;;;;;;;
;No;Uraian;Kode;Satuan;Koefisien;Harga Satuan;Jumlah Harga;;;
;A;TENAGA;;;;;;;;
;;Pekerja;L.01;OH;0,75;Rp93.000;Rp69.750,00;;;
;;Tukang Batu;L.02;OH;0,75;Rp98.000;Rp73.500,00;;;
;;Kepala tukang;L.03;OH;0,075;Rp106.000;Rp7.950,00;;;
;;Mandor;L.04;OH;0,038;Rp111.000;Rp4.218,00;;;
;;;;JUMLAH TENAGA KERJA;;;Rp155.418,00;;;
;B;BAHAN;;;;;;;;
;;Plint internal cove artistik 5cm x 5cm x 20cm;M.580; Bh ;5,3;Rp14.600;Rp77.380,00;;;
;;Semen portland;M.11; Kg ;1,14;Rp1.250;Rp1.425,00;;;
;;Pasir Pasang;M.48; m3 ;0,003;Rp131.100;Rp393,30;;;
;;Semen Warna;M.487; Kg ;0,1;Rp13.300;Rp1.330,00;;;
;;;;JUMLAH HARGA BAHAN;;;Rp80.528,30;;;
;C;PERALATAN;;;;;;;;
;;;;JUMLAH HARGA ALAT;;;;;;
;D;Jumlah (A+B+C);;;;;Rp235.946,30;;;
;E;Overhead & Profit 9,5%;;;0,095;;Rp22.414,90;;;
PPL46;F;Harga Satuan Pekerjaan (D+E);;;;;Rp258.361,20;46;;
;;;;;;;;;;
;Pemasangan 1 m2 lantai marmer ukuran 100cm x 100cm;;;;;;;;;
;No;Uraian;Kode;Satuan;Koefisien;Harga Satuan;Jumlah Harga;;;
;A;TENAGA;;;;;;;;
;;Pekerja;L.01;OH;0,7;Rp93.000;Rp65.100,00;;;
;;Tukang Batu;L.02;OH;0,35;Rp98.000;Rp34.300,00;;;
;;Kepala tukang;L.03;OH;0,035;Rp106.000;Rp3.710,00;;;
;;Mandor;L.04;OH;0,035;Rp111.000;Rp3.885,00;;;
;;;;JUMLAH TENAGA KERJA;;;Rp106.995,00;;;
;B;BAHAN;;;;;;;;
;;marmer ukuran 100cm x 100cm;M.581; Bh ;1,06;Rp224.700;Rp238.182,00;;;
;;Semen portland;M.11; Kg ;8,19;Rp1.250;Rp10.237,50;;;
;;Pasir Pasang;M.48; m3 ;0,045;Rp131.100;Rp5.899,50;;;
;;Semen Warna;M.487; Kg ;0,65;Rp13.300;Rp8.645,00;;;
;;;;JUMLAH HARGA BAHAN;;;Rp262.964,00;;;
;C;PERALATAN;;;;;;;;
;;;;JUMLAH HARGA ALAT;;;;;;
;D;Jumlah (A+B+C);;;;;Rp369.959,00;;;
;E;Overhead & Profit 9,5%;;;0,095;;Rp35.146,11;;;
PPL47;F;Harga Satuan Pekerjaan (D+E);;;;;Rp405.105,11;47;;
;;;;;;;;;;
;Pemasangan 1 m2 lantai karpet;;;;;;;;;
;No;Uraian;Kode;Satuan;Koefisien;Harga Satuan;Jumlah Harga;;;
;A;TENAGA;;;;;;;;
;;Pekerja;L.01;OH;0,17;Rp93.000;Rp15.810,00;;;
;;Tukang Kayu;L.02;OH;0,17;Rp98.000;Rp16.660,00;;;
;;Kepala tukang;L.03;OH;0,017;Rp106.000;Rp1.802,00;;;
;;Mandor;L.04;OH;0,009;Rp111.000;Rp999,00;;;
;;;;JUMLAH TENAGA KERJA;;;Rp35.271,00;;;
;B;BAHAN;;;;;;;;
;;lantai karpet;M.582; m2 ;1,05;Rp26.500;Rp27.825,00;;;
;;Lem Kayu/Karet;M.583; Kg ;0,35;Rp82.700;Rp28.945,00;;;
;;;;JUMLAH HARGA BAHAN;;;Rp56.770,00;;;
;C;PERALATAN;;;;;;;;
;;;;JUMLAH HARGA ALAT;;;;;;
;D;Jumlah (A+B+C);;;;;Rp92.041,00;;;
;E;Overhead & Profit 9,5%;;;0,095;;Rp8.743,90;;;
PPL48;F;Harga Satuan Pekerjaan (D+E);;;;;Rp100.784,90;48;;
;;;;;;;;;;
;Pemasangan 1 m2 underlayer (pelapis bawah karpet);;;;;;;;;
;No;Uraian;Kode;Satuan;Koefisien;Harga Satuan;Jumlah Harga;;;
;A;TENAGA;;;;;;;;
;;Pekerja;L.01;OH;0,12;Rp93.000;Rp11.160,00;;;
;;Tukang Kayu;L.02;OH;0,12;Rp98.000;Rp11.760,00;;;
;;Kepala tukang;L.03;OH;0,012;Rp106.000;Rp1.272,00;;;
;;Mandor;L.04;OH;0,006;Rp111.000;Rp666,00;;;
;;;;JUMLAH TENAGA KERJA;;;Rp24.858,00;;;
;B;BAHAN;;;;;;;;
;;underlayer (pelapis bawah karpet);M.584; m2 ;1,05;Rp10.700;Rp11.235,00;;;
;;Lem Kayu/Karet;M.583; Kg ;0,35;Rp82.700;Rp28.945,00;;;
;;;;JUMLAH HARGA BAHAN;;;Rp40.180,00;;;
;C;PERALATAN;;;;;;;;
;;;;JUMLAH HARGA ALAT;;;;;;
;D;Jumlah (A+B+C);;;;;Rp65.038,00;;;
;E;Overhead & Profit 9,5%;;;0,095;;Rp6.178,61;;;
PPL49;F;Harga Satuan Pekerjaan (D+E);;;;;Rp71.216,61;49;;
;;;;;;;;;;
;Pemasangan 1 m2 lantai parquet kayu;;;;;;;;;
;No;Uraian;Kode;Satuan;Koefisien;Harga Satuan;Jumlah Harga;;;
;A;TENAGA;;;;;;;;
;;Pekerja;L.01;OH;0,7;Rp93.000;Rp65.100,00;;;
;;Tukang Kayu;L.02;OH;0,35;Rp98.000;Rp34.300,00;;;
;;Kepala tukang;L.03;OH;0,035;Rp106.000;Rp3.710,00;;;
;;Mandor;L.04;OH;0,035;Rp111.000;Rp3.885,00;;;
;;;;JUMLAH TENAGA KERJA;;;Rp106.995,00;;;
;B;BAHAN;;;;;;;;
;;Parquet kayu;M.585; m2 ;1,05;Rp222.300;Rp233.415,00;;;
;;Lem Kayu/Karet;M.583; Kg ;0,6;Rp82.700;Rp49.620,00;;;
;;;;JUMLAH HARGA BAHAN;;;Rp283.035,00;;;
;C;PERALATAN;;;;;;;;
;;;;JUMLAH HARGA ALAT;;;;;;
;D;Jumlah (A+B+C);;;;;Rp390.030,00;;;
;E;Overhead & Profit 9,5%;;;0,095;;Rp37.052,85;;;
PPL50;F;Harga Satuan Pekerjaan (D+E);;;;;Rp427.082,85;50;;
;;;;;;;;;;
;Pemasangan 1 m2 lantai kayu gymfloor;;;;;;;;;
;No;Uraian;Kode;Satuan;Koefisien;Harga Satuan;Jumlah Harga;;;
;A;TENAGA;;;;;;;;
;;Pekerja;L.01;OH;0,7;Rp93.000;Rp65.100,00;;;
;;Tukang Kayu;L.02;OH;0,35;Rp98.000;Rp34.300,00;;;
;;Kepala tukang;L.03;OH;0,035;Rp106.000;Rp3.710,00;;;
;;Mandor;L.04;OH;0,035;Rp111.000;Rp3.885,00;;;
;;;;JUMLAH TENAGA KERJA;;;Rp106.995,00;;;
;B;BAHAN;;;;;;;;
;;Parquet kayu gymfloor;M.586; m2 ;1,05;Rp222.200;Rp233.310,00;;;
;;Lem Kayu/Karet;M.583; Kg ;0,6;Rp82.700;Rp49.620,00;;;
;;;;JUMLAH HARGA BAHAN;;;Rp282.930,00;;;
;C;PERALATAN;;;;;;;;
;;;;JUMLAH HARGA ALAT;;;;;;
;D;Jumlah (A+B+C);;;;;Rp389.925,00;;;
;E;Overhead & Profit 9,5%;;;0,095;;Rp37.042,88;;;
PPL51;F;Harga Satuan Pekerjaan (D+E);;;;;Rp426.967,88;51;;
;;;;;;;;;;
;Pemasangan 1 m2 dinding porslen 11cm x 11cm;;;;;;;;;
;No;Uraian;Kode;Satuan;Koefisien;Harga Satuan;Jumlah Harga;;;
;A;TENAGA;;;;;;;;
;;Pekerja;L.01;OH;1;Rp93.000;Rp93.000,00;;;
;;Tukang Batu;L.02;OH;0,5;Rp98.000;Rp49.000,00;;;
;;Kepala tukang;L.03;OH;0,05;Rp106.000;Rp5.300,00;;;
;;Mandor;L.04;OH;0,05;Rp111.000;Rp5.550,00;;;
;;;;JUMLAH TENAGA KERJA;;;Rp152.850,00;;;
;B;BAHAN;;;;;;;;
;;Porselen Dinding 11x11;M.587; Bh ;86;Rp900;Rp77.400,00;;;
;;Semen portland;M.11; Kg ;9,3;Rp1.250;Rp11.625,00;;;
;;Pasir Pasang;M.48; m3 ;0,018;Rp131.100;Rp2.359,80;;;
;;Semen Warna;M.487; Kg ;1,5;Rp13.300;Rp19.950,00;;;
;;;;JUMLAH HARGA BAHAN;;;Rp111.334,80;;;
;C;PERALATAN;;;;;;;;
;;;;JUMLAH HARGA ALAT;;;;;;
;D;Jumlah (A+B+C);;;;;Rp264.184,80;;;
;E;Overhead & Profit 9,5%;;;0,095;;Rp25.097,56;;;
PPL52;F;Harga Satuan Pekerjaan (D+E);;;;;Rp289.282,36;52;;
;;;;;;;;;;
;Pemasangan 1 m2 dinding porslen 10cm x 20cm;;;;;;;;;
;No;Uraian;Kode;Satuan;Koefisien;Harga Satuan;Jumlah Harga;;;
;A;TENAGA;;;;;;;;
;;Pekerja;L.01;OH;0,9;Rp93.000;Rp83.700,00;;;
;;Tukang Batu;L.02;OH;0,45;Rp98.000;Rp44.100,00;;;
;;Kepala tukang;L.03;OH;0,045;Rp106.000;Rp4.770,00;;;
;;Mandor;L.04;OH;0,045;Rp111.000;Rp4.995,00;;;
;;;;JUMLAH TENAGA KERJA;;;Rp137.565,00;;;
;B;BAHAN;;;;;;;;
;;Porselen Dinding 10x20;M.588; Bh ;53;Rp1.400;Rp74.200,00;;;
;;Semen portland;M.11; Kg ;9,3;Rp1.250;Rp11.625,00;;;
;;Pasir Pasang;M.48; m3 ;0,018;Rp131.100;Rp2.359,80;;;
;;Semen Warna;M.487; Kg ;2,75;Rp13.300;Rp36.575,00;;;
;;;;JUMLAH HARGA BAHAN;;;Rp124.759,80;;;
;C;PERALATAN;;;;;;;;
;;;;JUMLAH HARGA ALAT;;;;;;
;D;Jumlah (A+B+C);;;;;Rp262.324,80;;;
;E;Overhead & Profit 9,5%;;;0,095;;Rp24.920,86;;;
PPL53;F;Harga Satuan Pekerjaan (D+E);;;;;Rp287.245,66;53;;
;;;;;;;;;;
;Pemasangan 1 m2 dinding porslen 20cm x 20cm;;;;;;;;;
;No;Uraian;Kode;Satuan;Koefisien;Harga Satuan;Jumlah Harga;;;
;A;TENAGA;;;;;;;;
;;Pekerja;L.01;OH;0,9;Rp93.000;Rp83.700,00;;;
;;Tukang Batu;L.02;OH;0,45;Rp98.000;Rp44.100,00;;;
;;Kepala tukang;L.03;OH;0,045;Rp106.000;Rp4.770,00;;;
;;Mandor;L.04;OH;0,045;Rp111.000;Rp4.995,00;;;
;;;;JUMLAH TENAGA KERJA;;;Rp137.565,00;;;
;B;BAHAN;;;;;;;;
;;Porselen Dinding 20x20;M.589; Bh ;26;Rp2.700;Rp70.200,00;;;
;;Semen portland;M.11; Kg ;9,3;Rp1.250;Rp11.625,00;;;
;;Pasir Pasang;M.48; m3 ;0,018;Rp131.100;Rp2.359,80;;;
;;Semen Warna;M.487; Kg ;1,94;Rp13.300;Rp25.802,00;;;
;;;;JUMLAH HARGA BAHAN;;;Rp109.986,80;;;
;C;PERALATAN;;;;;;;;
;;;;JUMLAH HARGA ALAT;;;;;;
;D;Jumlah (A+B+C);;;;;Rp247.551,80;;;
;E;Overhead & Profit 9,5%;;;0,095;;Rp23.517,42;;;
PPL54;F;Harga Satuan Pekerjaan (D+E);;;;;Rp271.069,22;54;;
;;;;;;;;;;
;Pemasangan 1 m2 dinding keramik artistik 10cm x 20cm;;;;;;;;;
;No;Uraian;Kode;Satuan;Koefisien;Harga Satuan;Jumlah Harga;;;
;A;TENAGA;;;;;;;;
;;Pekerja;L.01;OH;0,9;Rp93.000;Rp83.700,00;;;
;;Tukang Batu;L.02;OH;0,45;Rp98.000;Rp44.100,00;;;
;;Kepala tukang;L.03;OH;0,045;Rp106.000;Rp4.770,00;;;
;;Mandor;L.04;OH;0,045;Rp111.000;Rp4.995,00;;;
;;;;JUMLAH TENAGA KERJA;;;Rp137.565,00;;;
;B;BAHAN;;;;;;;;
;;Keramik Dinding artistik;M.590; Bh ;53;Rp1.400;Rp74.200,00;;;
;;Semen portland;M.11; Kg ;9,3;Rp1.250;Rp11.625,00;;;
;;Pasir Pasang;M.48; m3 ;0,018;Rp131.100;Rp2.359,80;;;
;;Semen Warna;M.487; Kg ;2,75;Rp13.300;Rp36.575,00;;;
;;;;JUMLAH HARGA BAHAN;;;Rp124.759,80;;;
;C;PERALATAN;;;;;;;;
;;;;JUMLAH HARGA ALAT;;;;;;
;D;Jumlah (A+B+C);;;;;Rp262.324,80;;;
;E;Overhead & Profit 9,5%;;;0,095;;Rp24.920,86;;;
PPL55;F;Harga Satuan Pekerjaan (D+E);;;;;Rp287.245,66;55;;
;;;;;;;;;;
;Pemasangan 1 m2 dinding keramik artistik 5cm x 20cm;;;;;;;;;
;No;Uraian;Kode;Satuan;Koefisien;Harga Satuan;Jumlah Harga;;;
;A;TENAGA;;;;;;;;
;;Pekerja;L.01;OH;0,9;Rp93.000;Rp83.700,00;;;
;;Tukang Batu;L.02;OH;0,45;Rp98.000;Rp44.100,00;;;
;;Kepala tukang;L.03;OH;0,045;Rp106.000;Rp4.770,00;;;
;;Mandor;L.04;OH;0,045;Rp111.000;Rp4.995,00;;;
;;;;JUMLAH TENAGA KERJA;;;Rp137.565,00;;;
;B;BAHAN;;;;;;;;
;;keramik Dinding artistik 5cm x 20cm;M.591; Bh ;106;Rp700;Rp74.200,00;;;
;;Semen portland;M.11; Kg ;9,3;Rp1.250;Rp11.625,00;;;
;;Pasir Pasang;M.48; m3 ;0,018;Rp131.100;Rp2.359,80;;;
;;Semen Warna;M.487; Kg ;2,9;Rp13.300;Rp38.570,00;;;
;;;;JUMLAH HARGA BAHAN;;;Rp126.754,80;;;
;C;PERALATAN;;;;;;;;
;;;;JUMLAH HARGA ALAT;;;;;;
;D;Jumlah (A+B+C);;;;;Rp264.319,80;;;
;E;Overhead & Profit 9,5%;;;0,095;;Rp25.110,38;;;
PPL56;F;Harga Satuan Pekerjaan (D+E);;;;;Rp289.430,18;56;;
;;;;;;;;;;
;Pemasangan 1 m2 dinding keramik 10cm x 20cm;;;;;;;;;
;No;Uraian;Kode;Satuan;Koefisien;Harga Satuan;Jumlah Harga;;;
;A;TENAGA;;;;;;;;
;;Pekerja;L.01;OH;0,9;Rp93.000;Rp83.700,00;;;
;;Tukang Batu;L.02;OH;0,45;Rp98.000;Rp44.100,00;;;
;;Kepala tukang;L.03;OH;0,045;Rp106.000;Rp4.770,00;;;
;;Mandor;L.04;OH;0,045;Rp111.000;Rp4.995,00;;;
;;;;JUMLAH TENAGA KERJA;;;Rp137.565,00;;;
;B;BAHAN;;;;;;;;
;;keramik Dinding 10cm x 20cm;M.592; Bh ;53;Rp1.400;Rp74.200,00;;;
;;Semen portland;M.11; Kg ;9,3;Rp1.250;Rp11.625,00;;;
;;Pasir Pasang;M.48; m3 ;0,018;Rp131.100;Rp2.359,80;;;
;;Semen Warna;M.487; Kg ;2,75;Rp13.300;Rp36.575,00;;;
;;;;JUMLAH HARGA BAHAN;;;Rp124.759,80;;;
;C;PERALATAN;;;;;;;;
;;;;JUMLAH HARGA ALAT;;;;;;
;D;Jumlah (A+B+C);;;;;Rp262.324,80;;;
;E;Overhead & Profit 9,5%;;;0,095;;Rp24.920,86;;;
PPL57;F;Harga Satuan Pekerjaan (D+E);;;;;Rp287.245,66;57;;
;;;;;;;;;;
;Pemasangan 1 m2 dinding keramik 20cm x 20cm;;;;;;;;;
;No;Uraian;Kode;Satuan;Koefisien;Harga Satuan;Jumlah Harga;;;
;A;TENAGA;;;;;;;;
;;Pekerja;L.01;OH;0,9;Rp93.000;Rp83.700,00;;;
;;Tukang Batu;L.02;OH;0,45;Rp98.000;Rp44.100,00;;;
;;Kepala tukang;L.03;OH;0,045;Rp106.000;Rp4.770,00;;;
;;Mandor;L.04;OH;0,045;Rp111.000;Rp4.995,00;;;
;;;;JUMLAH TENAGA KERJA;;;Rp137.565,00;;;
;B;BAHAN;;;;;;;;
;;keramik Dinding 20cm x 20cm;M.593; Bh ;26,5;Rp2.700;Rp71.550,00;;;
;;Semen portland;M.11; Kg ;9,3;Rp1.250;Rp11.625,00;;;
;;Pasir Pasang;M.48; m3 ;0,018;Rp131.100;Rp2.359,80;;;
;;Semen Warna;M.487; Kg ;1,94;Rp13.300;Rp25.802,00;;;
;;;;JUMLAH HARGA BAHAN;;;Rp111.336,80;;;
;C;PERALATAN;;;;;;;;
;;;;JUMLAH HARGA ALAT;;;;;;
;D;Jumlah (A+B+C);;;;;Rp248.901,80;;;
;E;Overhead & Profit 9,5%;;;0,095;;Rp23.645,67;;;
PPL58;F;Harga Satuan Pekerjaan (D+E);;;;;Rp272.547,47;58;;
;;;;;;;;;;
;Pemasangan 1 m2 dinding keramik 20cm x 25cm;;;;;;;;;
;No;Uraian;Kode;Satuan;Koefisien;Harga Satuan;Jumlah Harga;;;
;A;TENAGA;;;;;;;;
;;Pekerja;L.01;OH;0,9;Rp93.000;Rp83.700,00;;;
;;Tukang Batu;L.02;OH;0,45;Rp98.000;Rp44.100,00;;;
;;Kepala tukang;L.03;OH;0,045;Rp106.000;Rp4.770,00;;;
;;Mandor;L.04;OH;0,045;Rp111.000;Rp4.995,00;;;
;;;;JUMLAH TENAGA KERJA;;;Rp137.565,00;;;
;B;BAHAN;;;;;;;;
;;keramik Dinding 20cm x 25cm;M.869; Bh ;20;Rp3.700;Rp74.000,00;;;
;;Semen portland;M.11; Kg ;10,4;Rp1.250;Rp13.000,00;;;
;;Pasir Pasang;M.48; m3 ;0,045;Rp131.100;Rp5.899,50;;;
;;Semen Warna;M.487; Kg ;1,62;Rp13.300;Rp21.546,00;;;
;;;;JUMLAH HARGA BAHAN;;;Rp114.445,50;;;
;C;PERALATAN;;;;;;;;
;;;;JUMLAH HARGA ALAT;;;;;;
;D;Jumlah (A+B+C);;;;;Rp252.010,50;;;
;E;Overhead & Profit 9,5%;;;0,095;;Rp23.941,00;;;
PPL59;F;Harga Satuan Pekerjaan (D+E);;;;;Rp275.951,50;59;;
;;;;;;;;;;
;Pemasangan 1 m2 dinding keramik 25cm x 40cm;;;;;;;;;
;No;Uraian;Kode;Satuan;Koefisien;Harga Satuan;Jumlah Harga;;;
;A;TENAGA;;;;;;;;
;;Pekerja;L.01;OH;0,9;Rp93.000;Rp83.700,00;;;
;;Tukang Batu;L.02;OH;0,45;Rp98.000;Rp44.100,00;;;
;;Kepala tukang;L.03;OH;0,045;Rp106.000;Rp4.770,00;;;
;;Mandor;L.04;OH;0,045;Rp111.000;Rp4.995,00;;;
;;;;JUMLAH TENAGA KERJA;;;Rp137.565,00;;;
;B;BAHAN;;;;;;;;
;;keramik Dinding 25cm x 40cm;M.870; Bh ;9,45;Rp8.200;Rp77.490,00;;;
;;Semen portland;M.11; Kg ;10,4;Rp1.250;Rp13.000,00;;;
;;Pasir Pasang;M.48; m3 ;0,045;Rp131.100;Rp5.899,50;;;
;;Semen Warna;M.487; Kg ;1,62;Rp13.300;Rp21.546,00;;;
;;;;JUMLAH HARGA BAHAN;;;Rp117.935,50;;;
;C;PERALATAN;;;;;;;;
;;;;JUMLAH HARGA ALAT;;;;;;
;D;Jumlah (A+B+C);;;;;Rp255.500,50;;;
;E;Overhead & Profit 9,5%;;;0,095;;Rp24.272,55;;;
PPL60;F;Harga Satuan Pekerjaan (D+E);;;;;Rp279.773,05;60;;
;;;;;;;;;;
;Pemasangan 1 m2 dinding keramik 30cm x 60cm;;;;;;;;;
;No;Uraian;Kode;Satuan;Koefisien;Harga Satuan;Jumlah Harga;;;
;A;TENAGA;;;;;;;;
;;Pekerja;L.01;OH;0,9;Rp93.000;Rp83.700,00;;;
;;Tukang Batu;L.02;OH;0,45;Rp98.000;Rp44.100,00;;;
;;Kepala tukang;L.03;OH;0,045;Rp106.000;Rp4.770,00;;;
;;Mandor;L.04;OH;0,045;Rp111.000;Rp4.995,00;;;
;;;;JUMLAH TENAGA KERJA;;;Rp137.565,00;;;
;B;BAHAN;;;;;;;;
;;keramik Dinding 30cm x 60cm;M.871; Bh ;6,7;Rp12.100;Rp81.070,00;;;
;;Semen portland;M.11; Kg ;10,4;Rp1.250;Rp13.000,00;;;
;;Pasir Pasang;M.48; m3 ;0,045;Rp131.100;Rp5.899,50;;;
;;Semen Warna;M.487; Kg ;1,62;Rp13.300;Rp21.546,00;;;
;;;;JUMLAH HARGA BAHAN;;;Rp121.515,50;;;
;C;PERALATAN;;;;;;;;
;;;;JUMLAH HARGA ALAT;;;;;;
;D;Jumlah (A+B+C);;;;;Rp259.080,50;;;
;E;Overhead & Profit 9,5%;;;0,095;;Rp24.612,65;;;
PPL61;F;Harga Satuan Pekerjaan (D+E);;;;;Rp283.693,15;61;;
;;;;;;;;;;
;Pemasangan 1 m2 dinding marmer 100cm x 100cm;;;;;;;;;
;No;Uraian;Kode;Satuan;Koefisien;Harga Satuan;Jumlah Harga;;;
;A;TENAGA;;;;;;;;
;;Pekerja;L.01;OH;1,3;Rp93.000;Rp120.900,00;;;
;;Tukang Batu;L.02;OH;0,65;Rp98.000;Rp63.700,00;;;
;;Kepala tukang;L.03;OH;0,065;Rp106.000;Rp6.890,00;;;
;;Mandor;L.04;OH;0,065;Rp111.000;Rp7.215,00;;;
;;;;JUMLAH TENAGA KERJA;;;Rp198.705,00;;;
;B;BAHAN;;;;;;;;
;;marmer Dinding 100cm x 100cm;M.594; Bh ;1,06;Rp223.700;Rp237.122,00;;;
;;Semen portland;M.11; Kg ;12,44;Rp1.250;Rp15.550,00;;;
;;Semen portland;M.11; Kg ;0,025;Rp1.250;Rp31,25;;;
;;Pasir Pasang;M.48; m3 ;0,65;Rp131.100;Rp85.215,00;;;
;;Semen Warna;M.487; Kg ;3,03;Rp13.300;Rp40.299,00;;;
;;;;JUMLAH HARGA BAHAN;;;Rp378.217,25;;;
;C;PERALATAN;;;;;;;;
;;;;JUMLAH HARGA ALAT;;;;;;
;D;Jumlah (A+B+C);;;;;Rp576.922,25;;;
;E;Overhead & Profit 9,5%;;;0,095;;Rp54.807,61;;;
PPL62;F;Harga Satuan Pekerjaan (D+E);;;;;Rp631.729,86;62;;
;;;;;;;;;;
;Pemasangan 1 m2 dinding bata pelapis 3cm x 7cm x 24cm;;;;;;;;;
;No;Uraian;Kode;Satuan;Koefisien;Harga Satuan;Jumlah Harga;;;
;A;TENAGA;;;;;;;;
;;Pekerja;L.01;OH;1;Rp93.000;Rp93.000,00;;;
;;Tukang Batu;L.02;OH;0,5;Rp98.000;Rp49.000,00;;;
;;Kepala tukang;L.03;OH;0,05;Rp106.000;Rp5.300,00;;;
;;Mandor;L.04;OH;0,05;Rp111.000;Rp5.550,00;;;
;;;;JUMLAH TENAGA KERJA;;;Rp152.850,00;;;
;B;BAHAN;;;;;;;;
;;Bata pelapis Dinding 3cm x 7cm x 24cm;M.595; Bh ;63;Rp2.700;Rp170.100,00;;;
;;Semen portland;M.11; Kg ;12,44;Rp1.250;Rp15.550,00;;;
;;Pasir Pasang;M.48; m3 ;0,025;Rp131.100;Rp3.277,50;;;
;;Semen Warna;M.487; Kg ;2,75;Rp13.300;Rp36.575,00;;;
;;;;JUMLAH HARGA BAHAN;;;Rp225.502,50;;;
;C;PERALATAN;;;;;;;;
;;;;JUMLAH HARGA ALAT;;;;;;
;D;Jumlah (A+B+C);;;;;Rp378.352,50;;;
;E;Overhead & Profit 9,5%;;;0,095;;Rp35.943,49;;;
PPL63;F;Harga Satuan Pekerjaan (D+E);;;;;Rp414.295,99;63;;
;;;;;;;;;;
;Pemasangan 1 m2 dinding batu paras;;;;;;;;;
;No;Uraian;Kode;Satuan;Koefisien;Harga Satuan;Jumlah Harga;;;
;A;TENAGA;;;;;;;;
;;Pekerja;L.01;OH;0,7;Rp93.000;Rp65.100,00;;;
;;Tukang Batu;L.02;OH;0,35;Rp98.000;Rp34.300,00;;;
;;Kepala tukang;L.03;OH;0,035;Rp106.000;Rp3.710,00;;;
;;Mandor;L.04;OH;0,035;Rp111.000;Rp3.885,00;;;
;;;;JUMLAH TENAGA KERJA;;;Rp106.995,00;;;
;B;BAHAN;;;;;;;;
;;Batu paras Dinding;M.596; Bh ;1,1;Rp3.700;Rp4.070,00;;;
;;Semen portland;M.11; Kg ;11,75;Rp1.250;Rp14.687,50;;;
;;Pasir Pasang;M.48; m3 ;0,035;Rp131.100;Rp4.588,50;;;
;;;;JUMLAH HARGA BAHAN;;;Rp23.346,00;;;
;C;PERALATAN;;;;;;;;
;;;;JUMLAH HARGA ALAT;;;;;;
;D;Jumlah (A+B+C);;;;;Rp130.341,00;;;
;E;Overhead & Profit 9,5%;;;0,095;;Rp12.382,40;;;
PPL64;F;Harga Satuan Pekerjaan (D+E);;;;;Rp142.723,40;64;;
;;;;;;;;;;
;Pemasangan 1 m2 dinding batu tempel hitam;;;;;;;;;
;No;Uraian;Kode;Satuan;Koefisien;Harga Satuan;Jumlah Harga;;;
;A;TENAGA;;;;;;;;
;;Pekerja;L.01;OH;0,7;Rp93.000;Rp65.100,00;;;
;;Tukang Batu;L.02;OH;0,35;Rp98.000;Rp34.300,00;;;
;;Kepala tukang;L.03;OH;0,035;Rp106.000;Rp3.710,00;;;
;;Mandor;L.04;OH;0,035;Rp111.000;Rp3.885,00;;;
;;;;JUMLAH TENAGA KERJA;;;Rp106.995,00;;;
;B;BAHAN;;;;;;;;
;;dinding batu tempel hitam;M.597; Bh ;1,1;Rp7.500;Rp8.250,00;;;
;;Semen portland;M.11; Kg ;11,75;Rp1.250;Rp14.687,50;;;
;;Pasir Pasang;M.48; m3 ;0,035;Rp131.100;Rp4.588,50;;;
;;;;JUMLAH HARGA BAHAN;;;Rp27.526,00;;;
;C;PERALATAN;;;;;;;;
;;;;JUMLAH HARGA ALAT;;;;;;
;D;Jumlah (A+B+C);;;;;Rp134.521,00;;;
;E;Overhead & Profit 9,5%;;;0,095;;Rp12.779,50;;;
PPL65;F;Harga Satuan Pekerjaan (D+E);;;;;Rp147.300,50;65;;
;;;;;;;;;;
;Pemasangan 1 m2 lantai vynil ukuran 30cm x 30cm;;;;;;;;;
;No;Uraian;Kode;Satuan;Koefisien;Harga Satuan;Jumlah Harga;;;
;A;TENAGA;;;;;;;;
;;Pekerja;L.01;OH;0,15;Rp93.000;Rp13.950,00;;;
;;Tukang Batu;L.02;OH;0,15;Rp98.000;Rp14.700,00;;;
;;Kepala tukang;L.03;OH;0,015;Rp106.000;Rp1.590,00;;;
;;Mandor;L.04;OH;0,008;Rp111.000;Rp888,00;;;
;;;;JUMLAH TENAGA KERJA;;;Rp31.128,00;;;
;B;BAHAN;;;;;;;;
;;Vynil ukuran 30cm x 30cm;M.598; Bh ;11,87;Rp42.800;Rp508.036,00;;;
;;Lem Kayu/Karet;M.583; Kg ;0,35;Rp82.700;Rp28.945,00;;;
;;;;JUMLAH HARGA BAHAN;;;Rp536.981,00;;;
;C;PERALATAN;;;;;;;;
;;;;JUMLAH HARGA ALAT;;;;;;
;D;Jumlah (A+B+C);;;;;Rp568.109,00;;;
;E;Overhead & Profit 9,5%;;;0,095;;Rp53.970,36;;;
PPL66;F;Harga Satuan Pekerjaan (D+E);;;;;Rp622.079,36;66;;
;;;;;;;;;;
;Pemasangan 1 m2 wallpaper lebar 50 cm;;;;;;;;;
;No;Uraian;Kode;Satuan;Koefisien;Harga Satuan;Jumlah Harga;;;
;A;TENAGA;;;;;;;;
;;Pekerja;L.01;OH;0,35;Rp93.000;Rp32.550,00;;;
;;Tukang Batu;L.02;OH;0,175;Rp98.000;Rp17.150,00;;;
;;Kepala tukang;L.03;OH;0,017;Rp106.000;Rp1.802,00;;;
;;Mandor;L.04;OH;0,002;Rp111.000;Rp222,00;;;
;;;;JUMLAH TENAGA KERJA;;;Rp51.724,00;;;
;B;BAHAN;;;;;;;;
;;wallpaper lebar 50 cm;M.599; m ;2,2;Rp108.000;Rp237.600,00;;;
;;Lem Putih;M.600; Kg ;0,25;Rp83.300;Rp20.825,00;;;
;;;;JUMLAH HARGA BAHAN;;;Rp258.425,00;;;
;C;PERALATAN;;;;;;;;
;;;;JUMLAH HARGA ALAT;;;;;;
;D;Jumlah (A+B+C);;;;;Rp310.149,00;;;
;E;Overhead & Profit 9,5%;;;0,095;;Rp29.464,16;;;
PPL67;F;Harga Satuan Pekerjaan (D+E);;;;;Rp339.613,16;67;;
;;;;;;;;;;
;Pemasangan 1 m2 floor harderner;;;;;;;;;
;No;Uraian;Kode;Satuan;Koefisien;Harga Satuan;Jumlah Harga;;;
;A;TENAGA;;;;;;;;
;;Pekerja;L.01;OH;0,12;Rp93.000;Rp11.160,00;;;
;;Tukang Batu;L.02;OH;0,12;Rp98.000;Rp11.760,00;;;
;;Kepala tukang;L.03;OH;0,012;Rp106.000;Rp1.272,00;;;
;;Mandor;L.04;OH;0,006;Rp111.000;Rp666,00;;;
;;;;JUMLAH TENAGA KERJA;;;Rp24.858,00;;;
;B;BAHAN;;;;;;;;
;;floor harderner;M.601; Kg ;5;Rp112.000;Rp560.000,00;;;
;;;;JUMLAH HARGA BAHAN;;;Rp560.000,00;;;
;C;PERALATAN;;;;;;;;
;;;;JUMLAH HARGA ALAT;;;;;;
;D;Jumlah (A+B+C);;;;;Rp584.858,00;;;
;E;Overhead & Profit 9,5%;;;0,095;;Rp55.561,51;;;
PPL68;F;Harga Satuan Pekerjaan (D+E);;;;;Rp640.419,51;68;;
;;;;;;;;;;
;Pemasangan 1 m’ plint vynil 15cm x 30cm;;;;;;;;;
;No;Uraian;Kode;Satuan;Koefisien;Harga Satuan;Jumlah Harga;;;
;A;TENAGA;;;;;;;;
;;Pekerja;L.01;OH;0,08;Rp93.000;Rp7.440,00;;;
;;Tukang Batu;L.02;OH;0,08;Rp98.000;Rp7.840,00;;;
;;Kepala tukang;L.03;OH;0,008;Rp106.000;Rp848,00;;;
;;Mandor;L.04;OH;0,004;Rp111.000;Rp444,00;;;
;;;;JUMLAH TENAGA KERJA;;;Rp16.572,00;;;
;B;BAHAN;;;;;;;;
;;plint vynil 15cm x 30cm;M.602; Bh ;1,76;Rp14.600;Rp25.696,00;;;
;;Lem Kayu/Karet;M.583; Kg ;0,08;Rp82.700;Rp6.616,00;;;
;;;;JUMLAH HARGA BAHAN;;;Rp32.312,00;;;
;C;PERALATAN;;;;;;;;
;;;;JUMLAH HARGA ALAT;;;;;;
;D;Jumlah (A+B+C);;;;;Rp48.884,00;;;
;E;Overhead & Profit 9,5%;;;0,095;;Rp4.643,98;;;
PPL69;F;Harga Satuan Pekerjaan (D+E);;;;;Rp53.527,98;69;;
;;;;;;;;;;
;Pemasangan 1 m’ plint kayu tebal 2 cm lebar 10 cm;;;;;;;;;
;No;Uraian;Kode;Satuan;Koefisien;Harga Satuan;Jumlah Harga;;;
;A;TENAGA;;;;;;;;
;;Pekerja;L.01;OH;0,12;Rp93.000;Rp11.160,00;;;
;;Tukang Batu;L.02;OH;0,12;Rp98.000;Rp11.760,00;;;
;;Kepala tukang;L.03;OH;0,012;Rp106.000;Rp1.272,00;;;
;;Mandor;L.04;OH;0,006;Rp111.000;Rp666,00;;;
;;;;JUMLAH TENAGA KERJA;;;Rp24.858,00;;;
;B;BAHAN;;;;;;;;
;;Kayu Papan kelas I;M.79; m3 ;0,003;Rp8.811.600;Rp26.434,80;;;
;;Paku skrup;M.200; Kg ;0,05;Rp18.000;Rp900,00;;;
;;;;JUMLAH HARGA BAHAN;;;Rp27.334,80;;;
;C;PERALATAN;;;;;;;;
;;;;JUMLAH HARGA ALAT;;;;;;
;D;Jumlah (A+B+C);;;;;Rp52.192,80;;;
;E;Overhead & Profit 9,5%;;;0,095;;Rp4.958,32;;;
PPL70;F;Harga Satuan Pekerjaan (D+E);;;;;Rp57.151,12;70;;
;;;;;;;;;;
;Pemasangan 1 m2 paving block natural tebal 6 cm;;;;;;;;;
;No;Uraian;Kode;Satuan;Koefisien;Harga Satuan;Jumlah Harga;;;
;A;TENAGA;;;;;;;;
;;Pekerja;L.01;OH;0,25;Rp93.000;Rp23.250,00;;;
;;Tukang Kayu;L.02;OH;0,25;Rp98.000;Rp24.500,00;;;
;;Kepala tukang;L.03;OH;0,025;Rp106.000;Rp2.650,00;;;
;;Mandor;L.04;OH;0,0025;Rp111.000;Rp277,50;;;
;;;;JUMLAH TENAGA KERJA;;;Rp50.677,50;;;
;B;BAHAN;;;;;;;;
;;Paving block 6 cm;M.603; M2 ;1,01;Rp58.200;Rp58.782,00;;;
;;Pasir beton;M.46; m3 ;0,05;Rp103.800;Rp5.190,00;;;
;;;;JUMLAH HARGA BAHAN;;;Rp63.972,00;;;
;C;PERALATAN;;;;;;;;
;;Peralatan Kerja Paving Blok;;%;0,1;Rp63.972,00;Rp6.397,20;;;
;;;;JUMLAH HARGA ALAT;;;Rp6.397,20;;;
;D;Jumlah (A+B+C);;;;;Rp121.046,70;;;
;E;Overhead & Profit 9,5%;;;0,095;;Rp11.499,44;;;
PPL71;F;Harga Satuan Pekerjaan (D+E);;;;;Rp132.546,14;71;;
;;;;;;;;;;
;Pemasangan 1 m2 paving block natural tebal 8 cm;;;;;;;;;
;No;Uraian;Kode;Satuan;Koefisien;Harga Satuan;Jumlah Harga;;;
;A;TENAGA;;;;;;;;
;;Pekerja;L.01;OH;0,25;Rp93.000;Rp23.250,00;;;
;;Tukang Kayu;L.02;OH;0,25;Rp98.000;Rp24.500,00;;;
;;Kepala tukang;L.03;OH;0,025;Rp106.000;Rp2.650,00;;;
;;Mandor;L.04;OH;0,0025;Rp111.000;Rp277,50;;;
;;;;JUMLAH TENAGA KERJA;;;Rp50.677,50;;;
;B;BAHAN;;;;;;;;
;;Paving block 8 cm natural;M.604; M2 ;1,01;Rp79.800;Rp80.598,00;;;
;;Pasir beton;M.46; m3 ;0,07;Rp103.800;Rp7.266,00;;;
;;;;JUMLAH HARGA BAHAN;;;Rp87.864,00;;;
;C;PERALATAN;;;;;;;;
;;Peralatan Kerja Paving Blok;;%;0,1;Rp87.864,00;Rp8.786,40;;;
;;;;JUMLAH HARGA ALAT;;;Rp8.786,40;;;
;D;Jumlah (A+B+C);;;;;Rp147.327,90;;;
;E;Overhead & Profit 9,5%;;;0,095;;Rp13.996,15;;;
PPL72;F;Harga Satuan Pekerjaan (D+E);;;;;Rp161.324,05;72;;
;;;;;;;;;;
;Pemasangan 1 m2 paving block berwarna tebal 6 cm;;;;;;;;;
;No;Uraian;Kode;Satuan;Koefisien;Harga Satuan;Jumlah Harga;;;
;A;TENAGA;;;;;;;;
;;Pekerja;L.01;OH;0,25;Rp93.000;Rp23.250,00;;;
;;Tukang Kayu;L.02;OH;0,25;Rp98.000;Rp24.500,00;;;
;;Kepala tukang;L.03;OH;0,025;Rp106.000;Rp2.650,00;;;
;;Mandor;L.04;OH;0,0025;Rp111.000;Rp277,50;;;
;;;;JUMLAH TENAGA KERJA;;;Rp50.677,50;;;
;B;BAHAN;;;;;;;;
;;Paving block 6cm berwarna;M.605; M2 ;1,01;Rp68.300;Rp68.983,00;;;
;;Pasir beton;M.46; m3 ;0,05;Rp103.800;Rp5.190,00;;;
;;;;JUMLAH HARGA BAHAN;;;Rp74.173,00;;;
;C;PERALATAN;;;;;;;;
;;Peralatan Kerja Paving Blok;;%;0,1;Rp74.173,00;Rp7.417,30;;;
;;;;JUMLAH HARGA ALAT;;;Rp7.417,30;;;
;D;Jumlah (A+B+C);;;;;Rp132.267,80;;;
;E;Overhead & Profit 9,5%;;;0,095;;Rp12.565,44;;;
PPL73;F;Harga Satuan Pekerjaan (D+E);;;;;Rp144.833,24;73;;
;;;;;;;;;;
;Pemasangan 1 m2 paving block berwarna tebal 8 cm;;;;;;;;;
;No;Uraian;Kode;Satuan;Koefisien;Harga Satuan;Jumlah Harga;;;
;A;TENAGA;;;;;;;;
;;Pekerja;L.01;OH;0,25;Rp93.000;Rp23.250,00;;;
;;Tukang Kayu;L.02;OH;0,25;Rp98.000;Rp24.500,00;;;
;;Kepala tukang;L.03;OH;0,025;Rp106.000;Rp2.650,00;;;
;;Mandor;L.04;OH;0,0025;Rp111.000;Rp277,50;;;
;;;;JUMLAH TENAGA KERJA;;;Rp50.677,50;;;
;B;BAHAN;;;;;;;;
;;Paving block 8 cm berwarna;M.606; M2 ;1,01;Rp89.600;Rp90.496,00;;;
;;Pasir beton;M.46; m3 ;0,07;Rp103.800;Rp7.266,00;;;
;;;;JUMLAH HARGA BAHAN;;;Rp97.762,00;;;
;C;PERALATAN;;;;;;;;
;;Peralatan Kerja Paving Blok;;%;0,1;Rp97.762,00;Rp9.776,20;;;
;;;;JUMLAH HARGA ALAT;;;Rp9.776,20;;;
;D;Jumlah (A+B+C);;;;;Rp158.215,70;;;
;E;Overhead & Profit 9,5%;;;0,095;;Rp15.030,49;;;
PPL74;F;Harga Satuan Pekerjaan (D+E);;;;;Rp173.246,19;74;;
;;;;;;;;;;
;Pemasangan 1 M2 Aluminium Composite Panel;;;;;;;;;
;No;Uraian;Kode;Satuan;Koefisien;Harga Satuan;Jumlah Harga;;;
;A;TENAGA;;;;;;;;
;;Pekerja;L.01;OH;0,15;Rp93.000;Rp13.950,00;;;
;;Tukang Besi;L.02;OH;0,075;Rp98.000;Rp7.350,00;;;
;;Kepala Tukang;L.03;OH;0,008;Rp106.000;Rp848,00;;;
;;Mandor;L.04;OH;0,008;Rp111.000;Rp888,00;;;
;;;;JUMLAH TENAGA KERJA;;;Rp23.036,00;;;
;B;BAHAN;;;;;;;;
;;Aluminium Composite Panel;M.607; Lbr ;0,365;Rp857.900;Rp313.133,50;;;
;;Screw;M.608; bh ;20;Rp900;Rp18.000,00;;;
;;;;JUMLAH HARGA BAHAN;;;Rp331.133,50;;;
;C;PERALATAN;;;;;;;;
;;;;JUMLAH HARGA ALAT;;;;;;
;D;Jumlah (A+B+C);;;;;Rp354.169,50;;;
;E;Overhead & Profit 9,5%;;;0,095;;Rp33.646,10;;;
PPL75;F;Harga Satuan Pekerjaan (D+E);;;;;Rp387.815,60;75;;
;;;;;;;;;;
;HARGA SATUAN PEKERJAAN LANGIT-LANGIT  (PLAFOND);;;;;;;;;
;Pemasangan 1 m2 langit-langit asbes semen, tebal 4 mm, 5 mm, dan 6 mm;;;;;;;;;
;No;Uraian;Kode;Satuan;Koefisien;Harga Satuan;Jumlah Harga;;;
;A;TENAGA;;;;;;;;
;;Pekerja;L.01;OH;0,03;Rp93.000;Rp2.790,00;;;
;;Tukang kayu;L.02;OH;0,07;Rp98.000;Rp6.860,00;;;
;;Kepala tukang;L.03;OH;0,007;Rp106.000;Rp742,00;;;
;;Mandor;L.04;OH;0,004;Rp111.000;Rp444,00;;;
;;;;JUMLAH TENAGA KERJA;;;Rp10.836,00;;;
;B;BAHAN;;;;;;;;
;;Asbes semen;M.609; m2 ;1,1;Rp78.100;Rp85.910,00;;;
;;Paku tripleks;M.198; Kg ;0,01;Rp20.700;Rp207,00;;;
;;;;JUMLAH HARGA BAHAN;;;Rp86.117,00;;;
;C;PERALATAN;;;;;;;;
;;;;JUMLAH HARGA ALAT;;;;;;
;D;Jumlah (A+B+C);;;;;Rp96.953,00;;;
;E;Overhead & Profit 9,5%;;;0,095;;Rp9.210,54;;;
PLL1;F;Harga Satuan Pekerjaan (D+E);;;;;Rp106.163,54;1;;
;;;;;;;;;;
;Pemasangan 1 m2 langit-langit akustik ukuran (30 x 30) cm;;;;;;;;;
;No;Uraian;Kode;Satuan;Koefisien;Harga Satuan;Jumlah Harga;;;
;A;TENAGA;;;;;;;;
;;Pekerja;L.01;OH;0,12;Rp93.000;Rp11.160,00;;;
;;Tukang kayu;L.02;OH;0,12;Rp98.000;Rp11.760,00;;;
;;Kepala tukang;L.03;OH;0,012;Rp106.000;Rp1.272,00;;;
;;Mandor;L.04;OH;0,006;Rp111.000;Rp666,00;;;
;;;;JUMLAH TENAGA KERJA;;;Rp24.858,00;;;
;B;BAHAN;;;;;;;;
;;Akustik ukuran 30 x 30 cm;M.610; Lembar ;12;Rp53.700;Rp644.400,00;;;
;;Paku tripleks;M.198; Kg ;0,05;Rp20.700;Rp1.035,00;;;
;;;;JUMLAH HARGA BAHAN;;;Rp645.435,00;;;
;C;PERALATAN;;;;;;;;
;;;;JUMLAH HARGA ALAT;;;;;;
;D;Jumlah (A+B+C);;;;;Rp670.293,00;;;
;E;Overhead & Profit 9,5%;;;0,095;;Rp63.677,84;;;
PLL2;F;Harga Satuan Pekerjaan (D+E);;;;;Rp733.970,84;2;;
;;;;;;;;;;
;Pemasangan 1 m2 langit-langit akustik ukuran (30 x 60) cm;;;;;;;;;
;No;Uraian;Kode;Satuan;Koefisien;Harga Satuan;Jumlah Harga;;;
;A;TENAGA;;;;;;;;
;;Pekerja;L.01;OH;0,12;Rp93.000;Rp11.160,00;;;
;;Tukang kayu;L.02;OH;0,12;Rp98.000;Rp11.760,00;;;
;;Kepala tukang;L.03;OH;0,012;Rp106.000;Rp1.272,00;;;
;;Mandor;L.04;OH;0,006;Rp111.000;Rp666,00;;;
;;;;JUMLAH TENAGA KERJA;;;Rp24.858,00;;;
;B;BAHAN;;;;;;;;
;;Akustik ukuran 30 x 60 cm;M.611; Lembar ;5,8;Rp106.000;Rp614.800,00;;;
;;Paku tripleks;M.198; Kg ;0,05;Rp20.700;Rp1.035,00;;;
;;;;JUMLAH HARGA BAHAN;;;Rp615.835,00;;;
;C;PERALATAN;;;;;;;;
;;;;JUMLAH HARGA ALAT;;;;;;
;D;Jumlah (A+B+C);;;;;Rp640.693,00;;;
;E;Overhead & Profit 9,5%;;;0,095;;Rp60.865,84;;;
PLL3;F;Harga Satuan Pekerjaan (D+E);;;;;Rp701.558,84;3;;
;;;;;;;;;;
;Pemasangan 1 m2 langit-langit akustik ukuran (60 x 120) cm;;;;;;;;;
;No;Uraian;Kode;Satuan;Koefisien;Harga Satuan;Jumlah Harga;;;
;A;TENAGA;;;;;;;;
;;Pekerja;L.01;OH;0,1;Rp93.000;Rp9.300,00;;;
;;Tukang kayu;L.02;OH;0,1;Rp98.000;Rp9.800,00;;;
;;Kepala tukang;L.03;OH;0,01;Rp106.000;Rp1.060,00;;;
;;Mandor;L.04;OH;0,005;Rp111.000;Rp555,00;;;
;;;;JUMLAH TENAGA KERJA;;;Rp20.715,00;;;
;B;BAHAN;;;;;;;;
;;Akustik 60 x 120;M.613; Lembar ;1,5;Rp266.300;Rp399.450,00;;;
;;Paku tripleks;M.198; Kg ;0,05;Rp20.700;Rp1.035,00;;;
;;;;JUMLAH HARGA BAHAN;;;Rp400.485,00;;;
;C;PERALATAN;;;;;;;;
;;;;JUMLAH HARGA ALAT;;;;;;
;D;Jumlah (A+B+C);;;;;Rp421.200,00;;;
;E;Overhead & Profit 9,5%;;;0,095;;Rp40.014,00;;;
PLL4;F;Harga Satuan Pekerjaan (D+E);;;;;Rp461.214,00;4;;
;;;;;;;;;;
;Pemasangan 1 m2 langit-langit tripleks ukuran (120 x 240) cm, tebal 3 mm, 4 mm & 6;;;;;;;;;
;No;Uraian;Kode;Satuan;Koefisien;Harga Satuan;Jumlah Harga;;;
;A;TENAGA;;;;;;;;
;;Pekerja;L.01;OH;0,1;Rp93.000;Rp9.300,00;;;
;;Tukang kayu;L.02;OH;0,1;Rp98.000;Rp9.800,00;;;
;;Kepala tukang;L.03;OH;0,01;Rp106.000;Rp1.060,00;;;
;;Mandor;L.04;OH;0,005;Rp111.000;Rp555,00;;;
;;;;JUMLAH TENAGA KERJA;;;Rp20.715,00;;;
;B;BAHAN;;;;;;;;
;;Tripleks;M.107; Lembar ;0,375;Rp280.800;Rp105.300,00;;;
;;Paku tripleks;M.198; Kg ;0,03;Rp20.700;Rp621,00;;;
;;;;JUMLAH HARGA BAHAN;;;Rp105.921,00;;;
;C;PERALATAN;;;;;;;;
;;;;JUMLAH HARGA ALAT;;;;;;
;D;Jumlah (A+B+C);;;;;Rp126.636,00;;;
;E;Overhead & Profit 9,5%;;;0,095;;Rp12.030,42;;;
PLL5;F;Harga Satuan Pekerjaan (D+E);;;;;Rp138.666,42;5;;
;;;;;;;;;;
;Pemasangan 1 m2 langit-langit lambrisering kayu, tebal 9 mm;;;;;;;;;
;No;Uraian;Kode;Satuan;Koefisien;Harga Satuan;Jumlah Harga;;;
;A;TENAGA;;;;;;;;
;;Pekerja;L.01;OH;0,8;Rp93.000;Rp74.400,00;;;
;;Tukang kayu;L.02;OH;0,8;Rp98.000;Rp78.400,00;;;
;;Kepala tukang;L.03;OH;0,08;Rp106.000;Rp8.480,00;;;
;;Mandor;L.04;OH;0,04;Rp111.000;Rp4.440,00;;;
;;;;JUMLAH TENAGA KERJA;;;Rp165.720,00;;;
;B;BAHAN;;;;;;;;
;;Kayu papan;M.86; m3 ;0,015;Rp7.579.000;Rp113.685,00;;;
;;Paku tripleks;M.198; Kg ;0,01;Rp20.700;Rp207,00;;;
;;;;JUMLAH HARGA BAHAN;;;Rp113.892,00;;;
;C;PERALATAN;;;;;;;;
;;;;JUMLAH HARGA ALAT;;;;;;
;D;Jumlah (A+B+C);;;;;Rp279.612,00;;;
;E;Overhead & Profit 9,5%;;;0,095;;Rp26.563,14;;;
PLL6;F;Harga Satuan Pekerjaan (D+E);;;;;Rp306.175,14;6;;
;;;;;;;;;;
;Pemasangan 1 m2 langit-langit gypsum board ukuran (120x240x9) mm, tebal 9 mm;;;;;;;;;
;No;Uraian;Kode;Satuan;Koefisien;Harga Satuan;Jumlah Harga;;;
;A;TENAGA;;;;;;;;
;;Pekerja;L.01;OH;0,1;Rp93.000;Rp9.300,00;;;
;;Tukang kayu;L.02;OH;0,05;Rp98.000;Rp4.900,00;;;
;;Kepala tukang;L.03;OH;0,005;Rp106.000;Rp530,00;;;
;;Mandor;L.04;OH;0,005;Rp111.000;Rp555,00;;;
;;;;JUMLAH TENAGA KERJA;;;Rp15.285,00;;;
;B;BAHAN;;;;;;;;
;;Gypsum board 9 mm (1200 x 2400 mm);M.614; Lembar ;0,364;Rp80.300;Rp29.229,20;;;
;;Paku skrup;M.200; Kg ;0,11;Rp18.000;Rp1.980,00;;;
;;;;JUMLAH HARGA BAHAN;;;Rp31.209,20;;;
;C;PERALATAN;;;;;;;;
;;;;JUMLAH HARGA ALAT;;;;;;
;D;Jumlah (A+B+C);;;;;Rp46.494,20;;;
;E;Overhead & Profit 9,5%;;;0,095;;Rp4.416,95;;;
PLL7;F;Harga Satuan Pekerjaan (D+E);;;;;Rp50.911,15;7;;
;;;;;;;;;;
;Pemasangan 1 m2 langit-langit akustik ukuran (60 x 120) cm berikut rangka alluminium;;;;;;;;;
;No;Uraian;Kode;Satuan;Koefisien;Harga Satuan;Jumlah Harga;;;
;A;TENAGA;;;;;;;;
;;Pekerja;L.01;OH;0,5;Rp93.000;Rp46.500,00;;;
;;Tukang kayu;L.02;OH;0,5;Rp98.000;Rp49.000,00;;;
;;Kepala tukang;L.03;OH;0,05;Rp106.000;Rp5.300,00;;;
;;Mandor;L.04;OH;0,025;Rp111.000;Rp2.775,00;;;
;;;;JUMLAH TENAGA KERJA;;;Rp103.575,00;;;
;B;BAHAN;;;;;;;;
;;"Profil Allum""T""";M.615; m ;3,6;Rp47.600;Rp171.360,00;;;
;;Kawat dia 4 mm;M.616; kg ;0,15;Rp23.800;Rp3.570,00;;;
;;Ramset;M.617; Buah ;1,05;Rp133.800;Rp140.490,00;;;
;;Akustik 60 x 120;M.613; Lembar ;1,5;Rp266.300;Rp399.450,00;;;
;;;;JUMLAH HARGA BAHAN;;;Rp714.870,00;;;
;C;PERALATAN;;;;;;;;
;;;;JUMLAH HARGA ALAT;;;;;;
;D;Jumlah (A+B+C);;;;;Rp818.445,00;;;
;E;Overhead & Profit 9,5%;;;0,095;;Rp77.752,28;;;
PLL8;F;Harga Satuan Pekerjaan (D+E);;;;;Rp896.197,28;8;;
;;;;;;;;;;
;Pemasangan 1 m’ list langit-langit kayu profil;;;;;;;;;
;No;Uraian;Kode;Satuan;Koefisien;Harga Satuan;Jumlah Harga;;;
;A;TENAGA;;;;;;;;
;;Pekerja;L.01;OH;0,05;Rp93.000;Rp4.650,00;;;
;;Tukang Kayu;L.02;OH;0,05;Rp98.000;Rp4.900,00;;;
;;Kepala tukang;L.03;OH;0,005;Rp106.000;Rp530,00;;;
;;Mandor;L.04;OH;0,003;Rp111.000;Rp333,00;;;
;;;;JUMLAH TENAGA KERJA;;;Rp10.413,00;;;
;B;BAHAN;;;;;;;;
;;List kayu profil;M.618; m ;1,05;Rp129.600;Rp136.080,00;;;
;;Paku Biasa;M.200; Kg ;0,01;Rp18.000;Rp180,00;;;
;;;;JUMLAH HARGA BAHAN;;;Rp136.260,00;;;
;C;PERALATAN;;;;;;;;
;;;;JUMLAH HARGA ALAT;;;;;;
;D;Jumlah (A+B+C);;;;;Rp146.673,00;;;
;E;Overhead & Profit 9,5%;;;0,095;;Rp13.933,94;;;
PLL9;F;Harga Satuan Pekerjaan (D+E);;;;;Rp160.606,94;9;;
;;;;;;;;;;
;Pemasangan 1 m2 Plafond PVC;;;;;;;;;
;No;Uraian;Kode;Satuan;Koefisien;Harga Satuan;Jumlah Harga;;;
;A;TENAGA;;;;;;;;
;;Pekerja;L.01;OH;0,15;Rp93.000;Rp13.950,00;;;
;;Tukang Kayu;L.02;OH;0,25;Rp98.000;Rp24.500,00;;;
;;Kepala tukang;L.03;OH;0,025;Rp106.000;Rp2.650,00;;;
;;Mandor;L.04;OH;0,075;Rp111.000;Rp8.325,00;;;
;;;;JUMLAH TENAGA KERJA;;;Rp49.425,00;;;
;B;BAHAN;;;;;;;;
;;Plafond PVC (setara Shunda Plafon, Flat Glos;M.619; m2 ;1,05;Rp96.100;Rp100.905,00;;;
;;Screw;M.608; bh ;18;Rp900;Rp16.200,00;;;
;;;;JUMLAH HARGA BAHAN;;;Rp117.105,00;;;
;C;PERALATAN;;;;;;;;
;;;;JUMLAH HARGA ALAT;;;;;;
;D;Jumlah (A+B+C);;;;;Rp166.530,00;;;
;E;Overhead & Profit 9,5%;;;0,095;;Rp15.820,35;;;
PLL10;F;Harga Satuan Pekerjaan (D+E);;;;;Rp182.350,35;10;;
;;;;;;;;;;
;Pemasangan 1 m2 List Plafond PVC;;;;;;;;;
;No;Uraian;Kode;Satuan;Koefisien;Harga Satuan;Jumlah Harga;;;
;A;TENAGA;;;;;;;;
;;Pekerja;L.01;OH;0,1;Rp93.000;Rp9.300,00;;;
;;Tukang Kayu;L.02;OH;0,05;Rp98.000;Rp4.900,00;;;
;;Kepala tukang;L.03;OH;0,005;Rp106.000;Rp530,00;;;
;;Mandor;L.04;OH;0,005;Rp111.000;Rp555,00;;;
;;;;JUMLAH TENAGA KERJA;;;Rp15.285,00;;;
;B;BAHAN;;;;;;;;
;;List PVC (setara Shunda Plafon,LS 301-1 Min.;M.620; M' ;1,05;Rp48.400;Rp50.820,00;;;
;;Screw;M.608; bh ;6;Rp900;Rp5.400,00;;;
;;;;JUMLAH HARGA BAHAN;;;Rp56.220,00;;;
;C;PERALATAN;;;;;;;;
;;;;JUMLAH HARGA ALAT;;;;;;
;D;Jumlah (A+B+C);;;;;Rp71.505,00;;;
;E;Overhead & Profit 9,5%;;;0,095;;Rp6.792,98;;;
PLL11;F;Harga Satuan Pekerjaan (D+E);;;;;Rp78.297,98;11;;
;;;;;;;;;;
;Pemasangan Rangka Plafon Gypsum Rangka Metal Furing;;;;;;;;;
;No;Uraian;Kode;Satuan;Koefisien;Harga Satuan;Jumlah Harga;;;
;A;TENAGA;;;;;;;;
;;Pekerja;L.01;OH;0,18;Rp93.000;Rp16.740,00;;;
;;Tukang Kayu;L.02;OH;0,32;Rp98.000;Rp31.360,00;;;
;;Kepala tukang;L.03;OH;0,032;Rp106.000;Rp3.392,00;;;
;;Mandor;L.04;OH;0,0765;Rp111.000;Rp8.491,50;;;
;;;;JUMLAH TENAGA KERJA;;;Rp59.983,50;;;
;B;BAHAN;;;;;;;;
;;Gypsum Board 9 MM;M.614; Lembar ;0,381;Rp80.300;Rp30.594,30;;;
;;Metal Furing 4 x 4;M.876; M' ;3;Rp10.600;Rp31.800,00;;;
;;Kawat Penggantung;M.875; M' ;2;Rp2.200;Rp4.400,00;;;
;;;;JUMLAH HARGA BAHAN;;;Rp66.794,30;;;
;C;PERALATAN;;;;;;;;
;;;;JUMLAH HARGA ALAT;;;;;;
;D;Jumlah (A+B+C);;;;;Rp126.777,80;;;
;E;Overhead & Profit 9,5%;;;0,095;;Rp12.043,89;;;
PLL12;F;Harga Satuan Pekerjaan (D+E);;;;;Rp138.821,69;;;
;;;;;;;;;;
;Pemasangan Dinding Partisi Double {Pembatas Ruang (gypsum);;;;;;;;;
;No;Uraian;Kode;Satuan;Koefisien;Harga Satuan;Jumlah Harga;;;
;A;TENAGA;;;;;;;;
;;Pekerja;L.01;OH;0,2;Rp93.000;Rp18.600,00;;;
;;Tukang;L.02;OH;0,3;Rp98.000;Rp29.400,00;;;
;;Kepala tukang;L.03;OH;0,03;Rp106.000;Rp3.180,00;;;
;;Mandor;L.04;OH;0,01;Rp111.000;Rp1.110,00;;;
;;;;JUMLAH TENAGA KERJA;;;Rp52.290,00;;;
;B;BAHAN;;;;;;;;
;;Rangka Partisi;;M2;0,381;Rp145.529;Rp55.446,55;;;
;;Sekrup;M.889; Kg ;3;Rp18.700;Rp56.100,00;;;
;;Lem;M.399; Kg ;2;Rp33.500;Rp67.000,00;;;
;;Cottontape;M.400; tube ;2;Rp14.000;Rp28.000,00;;;
;;Gypsum Board 9 mm;M.614; Lembar ;2;Rp80.300;Rp160.600,00;;;
;;;;JUMLAH HARGA BAHAN;;;Rp367.146,55;;;
;C;PERALATAN;;;;;;;;
;;;;JUMLAH HARGA ALAT;;;;;;
;D;Jumlah (A+B+C);;;;;Rp419.436,55;;;
;E;Overhead & Profit 9,5%;;;0,095;;Rp39.846,47;;;
PLL13;F;Harga Satuan Pekerjaan (D+E);;;;;Rp459.283,02;;;
;;;;;;;;;;
;Pemasangan Rangka Plafon Hollow;;;;;;;;;
;No;Uraian;Kode;Satuan;Koefisien;Harga Satuan;Jumlah Harga;;;
;A;TENAGA;;;;;;;;
;;Pekerja;L.01;OH;0,15;Rp93.000;Rp13.950,00;;;
;;Tukang Kayu;L.02;OH;0,25;Rp98.000;Rp24.500,00;;;
;;Kepala tukang;L.03;OH;0,025;Rp106.000;Rp2.650,00;;;
;;Mandor;L.04;OH;0,0075;Rp111.000;Rp832,50;;;
;;;;JUMLAH TENAGA KERJA;;;Rp41.932,50;;;
;B;BAHAN;;;;;;;;
;;Besi Hollow 40 x 40;M.872; M' ;1,65;Rp27.200;Rp44.880,00;;;
;;Besi Hollow 20 x 20;M.873; M' ;2,3;Rp17.000;Rp39.100,00;;;
;;Paku Skrup;M.874; Bh ;30;Rp300;Rp9.000,00;;;
;;;;JUMLAH HARGA BAHAN;;;Rp92.980,00;;;
;C;PERALATAN;;;;;;;;
;;;;JUMLAH HARGA ALAT;;;;;;
;D;Jumlah (A+B+C);;;;;Rp134.912,50;;;
;E;Overhead & Profit 9,5%;;;0,095;;Rp12.816,69;;;
PLL14;F;Harga Satuan Pekerjaan (D+E);;;;;Rp147.729,19;;;
;;;;;;;;;;
;HARGA SATUAN PEKERJAAN PENUTUP ATAP;;;;;;;;;
;Pemasangan 1 m2 atap genteng palentong kecil;;;;;;;;;
;No;Uraian;Kode;Satuan;Koefisien;Harga Satuan;Jumlah Harga;;;
;A;TENAGA;;;;;;;;
;;Pekerja;L.01;OH;0,15;Rp93.000;Rp13.950,00;;;
;;Tukang Kayu;L.02;OH;0,075;Rp98.000;Rp7.350,00;;;
;;Kepala tukang;L.03;OH;0,0075;Rp106.000;Rp795,00;;;
;;Mandor;L.04;OH;0,008;Rp111.000;Rp888,00;;;
;;;;JUMLAH TENAGA KERJA;;;Rp22.983,00;;;
;B;BAHAN;;;;;;;;
;;Genteng palentong;M.621; Bh ;25;Rp1.600;Rp40.000,00;;;
;;;;JUMLAH HARGA BAHAN;;;Rp40.000,00;;;
;C;PERALATAN;;;;;;;;
;;;;JUMLAH HARGA ALAT;;;;;;
;D;Jumlah (A+B+C);;;;;Rp62.983,00;;;
;E;Overhead & Profit 9,5%;;;0,095;;Rp5.983,39;;;
PPA1;F;Harga Satuan Pekerjaan (D+E);;;;;Rp68.966,39;1;;
;;;;;;;;;;
;Pemasangan 1 m2 atap genteng kodok ;;;;;;;;;
;No;Uraian;Kode;Satuan;Koefisien;Harga Satuan;Jumlah Harga;;;
;A;TENAGA;;;;;;;;
;;Pekerja;L.01;OH;0,15;Rp93.000;Rp13.950,00;;;
;;Tukang Kayu;L.02;OH;0,075;Rp98.000;Rp7.350,00;;;
;;Kepala tukang;L.03;OH;0,008;Rp106.000;Rp848,00;;;
;;Mandor;L.04;OH;0,008;Rp111.000;Rp888,00;;;
;;;;JUMLAH TENAGA KERJA;;;Rp23.036,00;;;
;B;BAHAN;;;;;;;;
;;Genteng kodok;M.622; Bh ;25;Rp2.100;Rp52.500,00;;;
;;;;JUMLAH HARGA BAHAN;;;Rp52.500,00;;;
;C;PERALATAN;;;;;;;;
;;;;JUMLAH HARGA ALAT;;;;;;
;D;Jumlah (A+B+C);;;;;Rp75.536,00;;;
;E;Overhead & Profit 9,5%;;;0,095;;Rp7.175,92;;;
PPA2;F;Harga Satuan Pekerjaan (D+E);;;;;Rp82.711,92;2;;
;;;;;;;;;;
;Pemasangan 1 m2 atap genteng palentong besar/super;;;;;;;;;
;No;Uraian;Kode;Satuan;Koefisien;Harga Satuan;Jumlah Harga;;;
;A;TENAGA;;;;;;;;
;;Pekerja;L.01;OH;0,15;Rp93.000;Rp13.950,00;;;
;;Tukang Kayu;L.02;OH;0,075;Rp98.000;Rp7.350,00;;;
;;Kepala tukang;L.03;OH;0,008;Rp106.000;Rp848,00;;;
;;Mandor;L.04;OH;0,008;Rp111.000;Rp888,00;;;
;;;;JUMLAH TENAGA KERJA;;;Rp23.036,00;;;
;B;BAHAN;;;;;;;;
;;Genteng kodok;BT.10; Bh ;12;Rp11.300;Rp135.600,00;;;
;;;;JUMLAH HARGA BAHAN;;;Rp135.600,00;;;
;C;PERALATAN;;;;;;;;
;;;;JUMLAH HARGA ALAT;;;;;;
;D;Jumlah (A+B+C);;;;;Rp158.636,00;;;
;E;Overhead & Profit 9,5%;;;0,095;;Rp15.070,42;;;
PPA3;F;Harga Satuan Pekerjaan (D+E);;;;;Rp173.706,42;3;;
;;;;;;;;;;
;Pemasangan 1 m’ bubung genteng palentong;;;;;;;;;
;No;Uraian;Kode;Satuan;Koefisien;Harga Satuan;Jumlah Harga;;;
;A;TENAGA;;;;;;;;
;;Pekerja;L.01;OH;0,4;Rp93.000;Rp37.200,00;;;
;;Tukang Kayu;L.02;OH;0,2;Rp98.000;Rp19.600,00;;;
;;Kepala tukang;L.03;OH;0,02;Rp106.000;Rp2.120,00;;;
;;Mandor;L.04;OH;0,002;Rp111.000;Rp222,00;;;
;;;;JUMLAH TENAGA KERJA;;;Rp59.142,00;;;
;B;BAHAN;;;;;;;;
;;Genteng bubung;M.623; Bh ;5;Rp16.300;Rp81.500,00;;;
;;Semen portland;M.11; Kg ;8;Rp1.250;Rp10.000,00;;;
;;Pasir Pasang;M.48; m3 ;0,032;Rp131.100;Rp4.195,20;;;
;;;;JUMLAH HARGA BAHAN;;;Rp95.695,20;;;
;C;PERALATAN;;;;;;;;
;;;;JUMLAH HARGA ALAT;;;;;;
;D;Jumlah (A+B+C);;;;;Rp154.837,20;;;
;E;Overhead & Profit 9,5%;;;0,095;;Rp14.709,53;;;
PPA4;F;Harga Satuan Pekerjaan (D+E);;;;;Rp169.546,73;4;;
;;;;;;;;;;
;Pemasangan 1 m’ bubung genteng kodok ;;;;;;;;;
;No;Uraian;Kode;Satuan;Koefisien;Harga Satuan;Jumlah Harga;;;
;A;TENAGA;;;;;;;;
;;Pekerja;L.01;OH;0,4;Rp93.000;Rp37.200,00;;;
;;Tukang Kayu;L.02;OH;0,2;Rp98.000;Rp19.600,00;;;
;;Kepala tukang;L.03;OH;0,02;Rp106.000;Rp2.120,00;;;
;;Mandor;L.04;OH;0,002;Rp111.000;Rp222,00;;;
;;;;JUMLAH TENAGA KERJA;;;Rp59.142,00;;;
;B;BAHAN;;;;;;;;
;;Genteng bubung;M.623; Bh ;5;Rp16.300;Rp81.500,00;;;
;;Semen portland;M.11; Kg ;8;Rp1.250;Rp10.000,00;;;
;;Pasir Pasang;M.48; m3 ;0,032;Rp131.100;Rp4.195,20;;;
;;;;JUMLAH HARGA BAHAN;;;Rp95.695,20;;;
;C;PERALATAN;;;;;;;;
;;;;JUMLAH HARGA ALAT;;;;;;
;D;Jumlah (A+B+C);;;;;Rp154.837,20;;;
;E;Overhead & Profit 9,5%;;;0,095;;Rp14.709,53;;;
PPA5;F;Harga Satuan Pekerjaan (D+E);;;;;Rp169.546,73;5;;
;;;;;;;;;;
;Pemasangan 1 m’ bubung genteng palentong besar;;;;;;;;;
;No;Uraian;Kode;Satuan;Koefisien;Harga Satuan;Jumlah Harga;;;
;A;TENAGA;;;;;;;;
;;Pekerja;L.01;OH;0,4;Rp93.000;Rp37.200,00;;;
;;Tukang Kayu;L.02;OH;0,2;Rp98.000;Rp19.600,00;;;
;;Kepala tukang;L.03;OH;0,02;Rp106.000;Rp2.120,00;;;
;;Mandor;L.04;OH;0,002;Rp111.000;Rp222,00;;;
;;;;JUMLAH TENAGA KERJA;;;Rp59.142,00;;;
;B;BAHAN;;;;;;;;
;;Genteng bubung;M.623; Bh ;4;Rp16.300;Rp65.200,00;;;
;;Semen portland;M.11; Kg ;8;Rp1.250;Rp10.000,00;;;
;;Pasir Pasang;M.48; m3 ;0,032;Rp131.100;Rp4.195,20;;;
;;;;JUMLAH HARGA BAHAN;;;Rp79.395,20;;;
;C;PERALATAN;;;;;;;;
;;;;JUMLAH HARGA ALAT;;;;;;
;D;Jumlah (A+B+C);;;;;Rp138.537,20;;;
;E;Overhead & Profit 9,5%;;;0,095;;Rp13.161,03;;;
PPA6;F;Harga Satuan Pekerjaan (D+E);;;;;Rp151.698,23;6;;
;;;;;;;;;;
;Pemasangan 1 m2 roof light fibreglass 90x180;;;;;;;;;
;No;Uraian;Kode;Satuan;Koefisien;Harga Satuan;Jumlah Harga;;;
;A;TENAGA;;;;;;;;
;;Pekerja;L.01;OH;0,14;Rp93.000;Rp13.020,00;;;
;;Tukang Kayu;L.02;OH;0,067;Rp98.000;Rp6.566,00;;;
;;Kepala tukang;L.03;OH;0,007;Rp106.000;Rp742,00;;;
;;Mandor;L.04;OH;0,007;Rp111.000;Rp777,00;;;
;;;;JUMLAH TENAGA KERJA;;;Rp21.105,00;;;
;B;BAHAN;;;;;;;;
;;Rooflight 90x180;M.624; Lbr ;0,6;Rp133.900;Rp80.340,00;;;
;;Paku biasa;M.200; Kg ;0,05;Rp18.000;Rp900,00;;;
;;;;JUMLAH HARGA BAHAN;;;Rp81.240,00;;;
;C;PERALATAN;;;;;;;;
;;;;JUMLAH HARGA ALAT;;;;;;
;D;Jumlah (A+B+C);;;;;Rp102.345,00;;;
;E;Overhead & Profit 9,5%;;;0,095;;Rp9.722,78;;;
PPA7;F;Harga Satuan Pekerjaan (D+E);;;;;Rp112.067,78;7;;
;;;;;;;;;;
;Pemasangan 1 m2 atap asbes gelombang 0,92mx2,5m x 5mm;;;;;;;;;
;No;Uraian;Kode;Satuan;Koefisien;Harga Satuan;Jumlah Harga;;;
;A;TENAGA;;;;;;;;
;;Pekerja;L.01;OH;0,14;Rp93.000;Rp13.020,00;;;
;;Tukang Kayu;L.02;OH;0,075;Rp98.000;Rp7.350,00;;;
;;Kepala tukang;L.03;OH;0,008;Rp106.000;Rp848,00;;;
;;Mandor;L.04;OH;0,008;Rp111.000;Rp888,00;;;
;;;;JUMLAH TENAGA KERJA;;;Rp22.106,00;;;
;B;BAHAN;;;;;;;;
;;Asbes gelombang 92x250;M.625; Lbr ;0,5;Rp130.900;Rp65.450,00;;;
;;Paku pancing 6x23;M.200; Kg ;0,12;Rp18.000;Rp2.160,00;;;
;;;;JUMLAH HARGA BAHAN;;;Rp67.610,00;;;
;C;PERALATAN;;;;;;;;
;;;;JUMLAH HARGA ALAT;;;;;;
;D;Jumlah (A+B+C);;;;;Rp89.716,00;;;
;E;Overhead & Profit 9,5%;;;0,095;;Rp8.523,02;;;
PPA8;F;Harga Satuan Pekerjaan (D+E);;;;;Rp98.239,02;8;;
;;;;;;;;;;
;Pemasangan 1 m2 atap asbes gelombang 0,92mx2,25m  x 5mm;;;;;;;;;
;No;Uraian;Kode;Satuan;Koefisien;Harga Satuan;Jumlah Harga;;;
;A;TENAGA;;;;;;;;
;;Pekerja;L.01;OH;0,14;Rp93.000;Rp13.020,00;;;
;;Tukang Kayu;L.02;OH;0,075;Rp98.000;Rp7.350,00;;;
;;Kepala tukang;L.03;OH;0,008;Rp106.000;Rp848,00;;;
;;Mandor;L.04;OH;0,008;Rp111.000;Rp888,00;;;
;;;;JUMLAH TENAGA KERJA;;;Rp22.106,00;;;
;B;BAHAN;;;;;;;;
;;Asbes gelombang 92x250;M.625; Lbr ;0,6;Rp130.900;Rp78.540,00;;;
;;Paku pancing 6x23;M.200; Kg ;0,12;Rp18.000;Rp2.160,00;;;
;;;;JUMLAH HARGA BAHAN;;;Rp80.700,00;;;
;C;PERALATAN;;;;;;;;
;;;;JUMLAH HARGA ALAT;;;;;;
;D;Jumlah (A+B+C);;;;;Rp102.806,00;;;
;E;Overhead & Profit 9,5%;;;0,095;;Rp9.766,57;;;
PPA9;F;Harga Satuan Pekerjaan (D+E);;;;;Rp112.572,57;9;;
;;;;;;;;;;
;Pemasangan 1 m2 atap asbes gelombang 0,92mx2,00m  x 5mm;;;;;;;;;
;No;Uraian;Kode;Satuan;Koefisien;Harga Satuan;Jumlah Harga;;;
;A;TENAGA;;;;;;;;
;;Pekerja;L.01;OH;0,14;Rp93.000;Rp13.020,00;;;
;;Tukang Kayu;L.02;OH;0,07;Rp98.000;Rp6.860,00;;;
;;Kepala tukang;L.03;OH;0,007;Rp106.000;Rp742,00;;;
;;Mandor;L.04;OH;0,007;Rp111.000;Rp777,00;;;
;;;;JUMLAH TENAGA KERJA;;;Rp21.399,00;;;
;B;BAHAN;;;;;;;;
;;Asbes gelombang 92x250;M.625; Lbr ;0,6;Rp130.900;Rp78.540,00;;;
;;Paku pancing 6x23;M.200; Kg ;0,12;Rp18.000;Rp2.160,00;;;
;;;;JUMLAH HARGA BAHAN;;;Rp80.700,00;;;
;C;PERALATAN;;;;;;;;
;;;;JUMLAH HARGA ALAT;;;;;;
;D;Jumlah (A+B+C);;;;;Rp102.099,00;;;
;E;Overhead & Profit 9,5%;;;0,095;;Rp9.699,41;;;
PPA10;F;Harga Satuan Pekerjaan (D+E);;;;;Rp111.798,41;10;;
;;;;;;;;;;
;Pemasangan 1 m2 atap asbes gelombang 0,92mx1.80m  x 5mm;;;;;;;;;
;No;Uraian;Kode;Satuan;Koefisien;Harga Satuan;Jumlah Harga;;;
;A;TENAGA;;;;;;;;
;;Pekerja;L.01;OH;0,14;Rp93.000;Rp13.020,00;;;
;;Tukang Kayu;L.02;OH;0,07;Rp98.000;Rp6.860,00;;;
;;Kepala tukang;L.03;OH;0,007;Rp106.000;Rp742,00;;;
;;Mandor;L.04;OH;0,007;Rp111.000;Rp777,00;;;
;;;;JUMLAH TENAGA KERJA;;;Rp21.399,00;;;
;B;BAHAN;;;;;;;;
;;Asbes gelombang 92x250;M.625; Lbr ;0,75;Rp130.900;Rp98.175,00;;;
;;Paku pancing 6x23;M.200; Kg ;0,12;Rp18.000;Rp2.160,00;;;
;;;;JUMLAH HARGA BAHAN;;;Rp100.335,00;;;
;C;PERALATAN;;;;;;;;
;;;;JUMLAH HARGA ALAT;;;;;;
;D;Jumlah (A+B+C);;;;;Rp121.734,00;;;
;E;Overhead & Profit 9,5%;;;0,095;;Rp11.564,73;;;
PPA11;F;Harga Satuan Pekerjaan (D+E);;;;;Rp133.298,73;11;;
;;;;;;;;;;
;Pemasangan 1 m2 atap asbes gelombang 1.05mx3.00m  x 4mm;;;;;;;;;
;No;Uraian;Kode;Satuan;Koefisien;Harga Satuan;Jumlah Harga;;;
;A;TENAGA;;;;;;;;
;;Pekerja;L.01;OH;0,14;Rp93.000;Rp13.020,00;;;
;;Tukang Kayu;L.02;OH;0,07;Rp98.000;Rp6.860,00;;;
;;Kepala tukang;L.03;OH;0,007;Rp106.000;Rp742,00;;;
;;Mandor;L.04;OH;0,007;Rp111.000;Rp777,00;;;
;;;;JUMLAH TENAGA KERJA;;;Rp21.399,00;;;
;B;BAHAN;;;;;;;;
;;Asbes gelombang 92x250;M.625; Lbr ;0,35;Rp130.900;Rp45.815,00;;;
;;Paku pancing 6x23;M.200; Kg ;0,12;Rp18.000;Rp2.160,00;;;
;;;;JUMLAH HARGA BAHAN;;;Rp47.975,00;;;
;C;PERALATAN;;;;;;;;
;;;;JUMLAH HARGA ALAT;;;;;;
;D;Jumlah (A+B+C);;;;;Rp69.374,00;;;
;E;Overhead & Profit 9,5%;;;0,095;;Rp6.590,53;;;
PPA12;F;Harga Satuan Pekerjaan (D+E);;;;;Rp75.964,53;12;;
;;;;;;;;;;
;Pemasangan 1 m2 atap asbes gelombang 1.05mx2.70m  x 4mm;;;;;;;;;
;No;Uraian;Kode;Satuan;Koefisien;Harga Satuan;Jumlah Harga;;;
;A;TENAGA;;;;;;;;
;;Pekerja;L.01;OH;0,14;Rp93.000;Rp13.020,00;;;
;;Tukang Kayu;L.02;OH;0,07;Rp98.000;Rp6.860,00;;;
;;Kepala tukang;L.03;OH;0,007;Rp106.000;Rp742,00;;;
;;Mandor;L.04;OH;0,007;Rp111.000;Rp777,00;;;
;;;;JUMLAH TENAGA KERJA;;;Rp21.399,00;;;
;B;BAHAN;;;;;;;;
;;Asbes gelombang 92x250;M.625; Lbr ;0,42;Rp130.900;Rp54.978,00;;;
;;Paku pancing 6x23;M.200; Kg ;0,12;Rp18.000;Rp2.160,00;;;
;;;;JUMLAH HARGA BAHAN;;;Rp57.138,00;;;
;C;PERALATAN;;;;;;;;
;;;;JUMLAH HARGA ALAT;;;;;;
;D;Jumlah (A+B+C);;;;;Rp78.537,00;;;
;E;Overhead & Profit 9,5%;;;0,095;;Rp7.461,02;;;
PPA13;F;Harga Satuan Pekerjaan (D+E);;;;;Rp85.998,02;13;;
;;;;;;;;;;
;Pemasangan 1 m2 atap asbes gelombang 1.05mx2.40m  x 4mm;;;;;;;;;
;No;Uraian;Kode;Satuan;Koefisien;Harga Satuan;Jumlah Harga;;;
;A;TENAGA;;;;;;;;
;;Pekerja;L.01;OH;0,14;Rp93.000;Rp13.020,00;;;
;;Tukang Kayu;L.02;OH;0,07;Rp98.000;Rp6.860,00;;;
;;Kepala tukang;L.03;OH;0,007;Rp106.000;Rp742,00;;;
;;Mandor;L.04;OH;0,007;Rp111.000;Rp777,00;;;
;;;;JUMLAH TENAGA KERJA;;;Rp21.399,00;;;
;B;BAHAN;;;;;;;;
;;Asbes gelombang 92x250;M.625; Lbr ;0,44;Rp130.900;Rp57.596,00;;;
;;Paku pancing 6x23;M.200; Kg ;0,12;Rp18.000;Rp2.160,00;;;
;;;;JUMLAH HARGA BAHAN;;;Rp59.756,00;;;
;C;PERALATAN;;;;;;;;
;;;;JUMLAH HARGA ALAT;;;;;;
;D;Jumlah (A+B+C);;;;;Rp81.155,00;;;
;E;Overhead & Profit 9,5%;;;0,095;;Rp7.709,73;;;
PPA14;F;Harga Satuan Pekerjaan (D+E);;;;;Rp88.864,73;14;;
;;;;;;;;;;
;Pemasangan 1 m2 atap asbes gelombang 1.05mx2.10m  x 4mm;;;;;;;;;
;No;Uraian;Kode;Satuan;Koefisien;Harga Satuan;Jumlah Harga;;;
;A;TENAGA;;;;;;;;
;;Pekerja;L.01;OH;0,14;Rp93.000;Rp13.020,00;;;
;;Tukang Kayu;L.02;OH;0,07;Rp98.000;Rp6.860,00;;;
;;Kepala tukang;L.03;OH;0,007;Rp106.000;Rp742,00;;;
;;Mandor;L.04;OH;0,007;Rp111.000;Rp777,00;;;
;;;;JUMLAH TENAGA KERJA;;;Rp21.399,00;;;
;B;BAHAN;;;;;;;;
;;Asbes gelombang 92x250;M.625; Lbr ;0,51;Rp130.900;Rp66.759,00;;;
;;Paku pancing 6x23;M.200; Kg ;0,12;Rp18.000;Rp2.160,00;;;
;;;;JUMLAH HARGA BAHAN;;;Rp68.919,00;;;
;C;PERALATAN;;;;;;;;
;;;;JUMLAH HARGA ALAT;;;;;;
;D;Jumlah (A+B+C);;;;;Rp90.318,00;;;
;E;Overhead & Profit 9,5%;;;0,095;;Rp8.580,21;;;
PPA15;F;Harga Satuan Pekerjaan (D+E);;;;;Rp98.898,21;15;;
;;;;;;;;;;
;Pemasangan 1 m2 atap asbes gelombang 1.05mx1.50m  x 4mm;;;;;;;;;
;No;Uraian;Kode;Satuan;Koefisien;Harga Satuan;Jumlah Harga;;;
;A;TENAGA;;;;;;;;
;;Pekerja;L.01;OH;0,14;Rp93.000;Rp13.020,00;;;
;;Tukang Kayu;L.02;OH;0,07;Rp98.000;Rp6.860,00;;;
;;Kepala tukang;L.03;OH;0,007;Rp106.000;Rp742,00;;;
;;Mandor;L.04;OH;0,007;Rp111.000;Rp777,00;;;
;;;;JUMLAH TENAGA KERJA;;;Rp21.399,00;;;
;B;BAHAN;;;;;;;;
;;Asbes gelombang 92x250;M.625; Lbr ;0,8;Rp130.900;Rp104.720,00;;;
;;Paku pancing 6x23;M.200; Kg ;0,12;Rp18.000;Rp2.160,00;;;
;;;;JUMLAH HARGA BAHAN;;;Rp106.880,00;;;
;C;PERALATAN;;;;;;;;
;;;;JUMLAH HARGA ALAT;;;;;;
;D;Jumlah (A+B+C);;;;;Rp128.279,00;;;
;E;Overhead & Profit 9,5%;;;0,095;;Rp12.186,51;;;
PPA16;F;Harga Satuan Pekerjaan (D+E);;;;;Rp140.465,51;16;;
;;;;;;;;;;
;Pemasangan 1 m2 atap asbes gelombang 1.08mx3.00m  x 6mm;;;;;;;;;
;No;Uraian;Kode;Satuan;Koefisien;Harga Satuan;Jumlah Harga;;;
;A;TENAGA;;;;;;;;
;;Pekerja;L.01;OH;0,14;Rp93.000;Rp13.020,00;;;
;;Tukang Kayu;L.02;OH;0,07;Rp98.000;Rp6.860,00;;;
;;Kepala tukang;L.03;OH;0,007;Rp106.000;Rp742,00;;;
;;Mandor;L.04;OH;0,007;Rp111.000;Rp777,00;;;
;;;;JUMLAH TENAGA KERJA;;;Rp21.399,00;;;
;B;BAHAN;;;;;;;;
;;Asbes gelombang 92x250;M.625; Lbr ;0,37;Rp130.900;Rp48.433,00;;;
;;Paku pancing 6x23;M.200; Kg ;0,12;Rp18.000;Rp2.160,00;;;
;;;;JUMLAH HARGA BAHAN;;;Rp50.593,00;;;
;C;PERALATAN;;;;;;;;
;;;;JUMLAH HARGA ALAT;;;;;;
;D;Jumlah (A+B+C);;;;;Rp71.992,00;;;
;E;Overhead & Profit 9,5%;;;0,095;;Rp6.839,24;;;
PPA17;F;Harga Satuan Pekerjaan (D+E);;;;;Rp78.831,24;17;;
;;;;;;;;;;
;Pemasangan 1 m2 atap asbes gelombang 1.08mx2.70m  x 6mm;;;;;;;;;
;No;Uraian;Kode;Satuan;Koefisien;Harga Satuan;Jumlah Harga;;;
;A;TENAGA;;;;;;;;
;;Pekerja;L.01;OH;0,14;Rp93.000;Rp13.020,00;;;
;;Tukang Kayu;L.02;OH;0,07;Rp98.000;Rp6.860,00;;;
;;Kepala tukang;L.03;OH;0,007;Rp106.000;Rp742,00;;;
;;Mandor;L.04;OH;0,007;Rp111.000;Rp777,00;;;
;;;;JUMLAH TENAGA KERJA;;;Rp21.399,00;;;
;B;BAHAN;;;;;;;;
;;Asbes gelombang 92x250;M.625; Lbr ;0,38;Rp130.900;Rp49.742,00;;;
;;Paku pancing 6x23;M.200; Kg ;0,12;Rp18.000;Rp2.160,00;;;
;;;;JUMLAH HARGA BAHAN;;;Rp51.902,00;;;
;C;PERALATAN;;;;;;;;
;;;;JUMLAH HARGA ALAT;;;;;;
;D;Jumlah (A+B+C);;;;;Rp73.301,00;;;
;E;Overhead & Profit 9,5%;;;0,095;;Rp6.963,60;;;
PPA18;F;Harga Satuan Pekerjaan (D+E);;;;;Rp80.264,60;18;;
;;;;;;;;;;
;Pemasangan 1 m2 atap asbes gelombang 1.08mx2.40m  x 6mm;;;;;;;;;
;No;Uraian;Kode;Satuan;Koefisien;Harga Satuan;Jumlah Harga;;;
;A;TENAGA;;;;;;;;
;;Pekerja;L.01;OH;0,14;Rp93.000;Rp13.020,00;;;
;;Tukang Kayu;L.02;OH;0,07;Rp98.000;Rp6.860,00;;;
;;Kepala tukang;L.03;OH;0,007;Rp106.000;Rp742,00;;;
;;Mandor;L.04;OH;0,007;Rp111.000;Rp777,00;;;
;;;;JUMLAH TENAGA KERJA;;;Rp21.399,00;;;
;B;BAHAN;;;;;;;;
;;Asbes gelombang 92x250;M.625; Lbr ;0,46;Rp130.900;Rp60.214,00;;;
;;Paku pancing 6x23;M.200; Kg ;0,12;Rp18.000;Rp2.160,00;;;
;;;;JUMLAH HARGA BAHAN;;;Rp62.374,00;;;
;C;PERALATAN;;;;;;;;
;;;;JUMLAH HARGA ALAT;;;;;;
;D;Jumlah (A+B+C);;;;;Rp83.773,00;;;
;E;Overhead & Profit 9,5%;;;0,095;;Rp7.958,44;;;
PPA19;F;Harga Satuan Pekerjaan (D+E);;;;;Rp91.731,44;19;;
;;;;;;;;;;
;Pemasangan 1 m2 atap asbes gelombang 1.08mx2.10m  x 6mm;;;;;;;;;
;No;Uraian;Kode;Satuan;Koefisien;Harga Satuan;Jumlah Harga;;;
;A;TENAGA;;;;;;;;
;;Pekerja;L.01;OH;0,14;Rp93.000;Rp13.020,00;;;
;;Tukang Kayu;L.02;OH;0,07;Rp98.000;Rp6.860,00;;;
;;Kepala tukang;L.03;OH;0,007;Rp106.000;Rp742,00;;;
;;Mandor;L.04;OH;0,007;Rp111.000;Rp777,00;;;
;;;;JUMLAH TENAGA KERJA;;;Rp21.399,00;;;
;B;BAHAN;;;;;;;;
;;Asbes gelombang 92x250;M.625; Lbr ;0,49;Rp130.900;Rp64.141,00;;;
;;Paku pancing 6x23;M.200; Kg ;0,12;Rp18.000;Rp2.160,00;;;
;;;;JUMLAH HARGA BAHAN;;;Rp66.301,00;;;
;C;PERALATAN;;;;;;;;
;;;;JUMLAH HARGA ALAT;;;;;;
;D;Jumlah (A+B+C);;;;;Rp87.700,00;;;
;E;Overhead & Profit 9,5%;;;0,095;;Rp8.331,50;;;
PPA20;F;Harga Satuan Pekerjaan (D+E);;;;;Rp96.031,50;20;;
;;;;;;;;;;
;Pemasangan 1 m2 atap asbes gelombang 1.08mx1.80m  x 6mm;;;;;;;;;
;No;Uraian;Kode;Satuan;Koefisien;Harga Satuan;Jumlah Harga;;;
;A;TENAGA;;;;;;;;
;;Pekerja;L.01;OH;0,14;Rp93.000;Rp13.020,00;;;
;;Tukang Kayu;L.02;OH;0,07;Rp98.000;Rp6.860,00;;;
;;Kepala tukang;L.03;OH;0,007;Rp106.000;Rp742,00;;;
;;Mandor;L.04;OH;0,007;Rp111.000;Rp777,00;;;
;;;;JUMLAH TENAGA KERJA;;;Rp21.399,00;;;
;B;BAHAN;;;;;;;;
;;Asbes gelombang 92x250;M.625; Lbr ;0,57;Rp130.900;Rp74.613,00;;;
;;Paku pancing 6x23;M.200; Kg ;0,12;Rp18.000;Rp2.160,00;;;
;;;;JUMLAH HARGA BAHAN;;;Rp76.773,00;;;
;C;PERALATAN;;;;;;;;
;;;;JUMLAH HARGA ALAT;;;;;;
;D;Jumlah (A+B+C);;;;;Rp98.172,00;;;
;E;Overhead & Profit 9,5%;;;0,095;;Rp9.326,34;;;
PPA21;F;Harga Satuan Pekerjaan (D+E);;;;;Rp107.498,34;21;;
;;;;;;;;;;
;Pemasangan 1 m’ bubung stel gelombang 0,92m;;;;;;;;;
;No;Uraian;Kode;Satuan;Koefisien;Harga Satuan;Jumlah Harga;;;
;A;TENAGA;;;;;;;;
;;Pekerja;L.01;OH;0,084;Rp93.000;Rp7.812,00;;;
;;Tukang Kayu;L.02;OH;0,125;Rp98.000;Rp12.250,00;;;
;;Kepala tukang;L.03;OH;0,013;Rp106.000;Rp1.378,00;;;
;;Mandor;L.04;OH;0,004;Rp111.000;Rp444,00;;;
;;;;JUMLAH TENAGA KERJA;;;Rp21.884,00;;;
;B;BAHAN;;;;;;;;
;;Bubung stel gel.;M.626; Lbr ;2,4;Rp100.700;Rp241.680,00;;;
;;Paku skrup;M.200; Kg ;6;Rp18.000;Rp108.000,00;;;
;;;;JUMLAH HARGA BAHAN;;;Rp349.680,00;;;
;C;PERALATAN;;;;;;;;
;;;;JUMLAH HARGA ALAT;;;;;;
;D;Jumlah (A+B+C);;;;;Rp371.564,00;;;
;E;Overhead & Profit 9,5%;;;0,095;;Rp35.298,58;;;
PPA22;F;Harga Satuan Pekerjaan (D+E);;;;;Rp406.862,58;22;;
;;;;;;;;;;
;Pemasangan 1 m’ bubung stel gelombang 1,05m;;;;;;;;;
;No;Uraian;Kode;Satuan;Koefisien;Harga Satuan;Jumlah Harga;;;
;A;TENAGA;;;;;;;;
;;Pekerja;L.01;OH;0,084;Rp93.000;Rp7.812,00;;;
;;Tukang Kayu;L.02;OH;0,125;Rp98.000;Rp12.250,00;;;
;;Kepala tukang;L.03;OH;0,013;Rp106.000;Rp1.378,00;;;
;;Mandor;L.04;OH;0,004;Rp111.000;Rp444,00;;;
;;;;JUMLAH TENAGA KERJA;;;Rp21.884,00;;;
;B;BAHAN;;;;;;;;
;;Bubung stel gel.;M.626; Lbr ;2,1;Rp100.700;Rp211.470,00;;;
;;Paku skrup;M.200; Kg ;6;Rp18.000;Rp108.000,00;;;
;;;;JUMLAH HARGA BAHAN;;;Rp319.470,00;;;
;C;PERALATAN;;;;;;;;
;;;;JUMLAH HARGA ALAT;;;;;;
;D;Jumlah (A+B+C);;;;;Rp341.354,00;;;
;E;Overhead & Profit 9,5%;;;0,095;;Rp32.428,63;;;
PPA23;F;Harga Satuan Pekerjaan (D+E);;;;;Rp373.782,63;23;;
;;;;;;;;;;
;Pemasangan 1 m’ bubung stel gelombang 1,08m;;;;;;;;;
;No;Uraian;Kode;Satuan;Koefisien;Harga Satuan;Jumlah Harga;;;
;A;TENAGA;;;;;;;;
;;Pekerja;L.01;OH;0,084;Rp93.000;Rp7.812,00;;;
;;Tukang Kayu;L.02;OH;0,125;Rp98.000;Rp12.250,00;;;
;;Kepala tukang;L.03;OH;0,013;Rp106.000;Rp1.378,00;;;
;;Mandor;L.04;OH;0,004;Rp111.000;Rp444,00;;;
;;;;JUMLAH TENAGA KERJA;;;Rp21.884,00;;;
;B;BAHAN;;;;;;;;
;;Bubung stel gel.;M.626; Lbr ;2,05;Rp100.700;Rp206.435,00;;;
;;Paku skrup;M.200; Kg ;6;Rp18.000;Rp108.000,00;;;
;;;;JUMLAH HARGA BAHAN;;;Rp314.435,00;;;
;C;PERALATAN;;;;;;;;
;;;;JUMLAH HARGA ALAT;;;;;;
;D;Jumlah (A+B+C);;;;;Rp336.319,00;;;
;E;Overhead & Profit 9,5%;;;0,095;;Rp31.950,31;;;
PPA24;F;Harga Satuan Pekerjaan (D+E);;;;;Rp368.269,31;24;;
;;;;;;;;;;
;Pemasangan 1 m’ nok paten 0,92m;;;;;;;;;
;No;Uraian;Kode;Satuan;Koefisien;Harga Satuan;Jumlah Harga;;;
;A;TENAGA;;;;;;;;
;;Pekerja;L.01;OH;0,084;Rp93.000;Rp7.812,00;;;
;;Tukang Kayu;L.02;OH;0,125;Rp98.000;Rp12.250,00;;;
;;Kepala tukang;L.03;OH;0,013;Rp106.000;Rp1.378,00;;;
;;Mandor;L.04;OH;0,004;Rp111.000;Rp444,00;;;
;;;;JUMLAH TENAGA KERJA;;;Rp21.884,00;;;
;B;BAHAN;;;;;;;;
;;Nok paten 92cm;M.627; Lbr ;1,2;Rp43.800;Rp52.560,00;;;
;;Paku skrup;M.200; Kg ;6;Rp18.000;Rp108.000,00;;;
;;;;JUMLAH HARGA BAHAN;;;Rp160.560,00;;;
;C;PERALATAN;;;;;;;;
;;;;JUMLAH HARGA ALAT;;;;;;
;D;Jumlah (A+B+C);;;;;Rp182.444,00;;;
;E;Overhead & Profit 9,5%;;;0,095;;Rp17.332,18;;;
PPA25;F;Harga Satuan Pekerjaan (D+E);;;;;Rp199.776,18;25;;
;;;;;;;;;;
;Pemasangan 1 m’ nok paten 1,05m;;;;;;;;;
;No;Uraian;Kode;Satuan;Koefisien;Harga Satuan;Jumlah Harga;;;
;A;TENAGA;;;;;;;;
;;Pekerja;L.01;OH;0,084;Rp93.000;Rp7.812,00;;;
;;Tukang Kayu;L.02;OH;0,125;Rp98.000;Rp12.250,00;;;
;;Kepala tukang;L.03;OH;0,013;Rp106.000;Rp1.378,00;;;
;;Mandor;L.04;OH;0,004;Rp111.000;Rp444,00;;;
;;;;JUMLAH TENAGA KERJA;;;Rp21.884,00;;;
;B;BAHAN;;;;;;;;
;;Nok paten 92cm;M.627; Lbr ;1,2;Rp43.800;Rp52.560,00;;;
;;Paku skrup;M.200; Kg ;6;Rp18.000;Rp108.000,00;;;
;;;;JUMLAH HARGA BAHAN;;;Rp160.560,00;;;
;C;PERALATAN;;;;;;;;
;;;;JUMLAH HARGA ALAT;;;;;;
;D;Jumlah (A+B+C);;;;;Rp182.444,00;;;
;E;Overhead & Profit 9,5%;;;0,095;;Rp17.332,18;;;
PPA26;F;Harga Satuan Pekerjaan (D+E);;;;;Rp199.776,18;26;;
;;;;;;;;;;
;Pemasangan 1 m’ nok paten 1,08m;;;;;;;;;
;No;Uraian;Kode;Satuan;Koefisien;Harga Satuan;Jumlah Harga;;;
;A;TENAGA;;;;;;;;
;;Pekerja;L.01;OH;0,084;Rp93.000;Rp7.812,00;;;
;;Tukang Kayu;L.02;OH;0,125;Rp98.000;Rp12.250,00;;;
;;Kepala tukang;L.03;OH;0,013;Rp106.000;Rp1.378,00;;;
;;Mandor;L.04;OH;0,004;Rp111.000;Rp444,00;;;
;;;;JUMLAH TENAGA KERJA;;;Rp21.884,00;;;
;B;BAHAN;;;;;;;;
;;Nok paten 92cm;M.627; Lbr ;1,2;Rp43.800;Rp52.560,00;;;
;;Paku skrup;M.200; Kg ;6;Rp18.000;Rp108.000,00;;;
;;;;JUMLAH HARGA BAHAN;;;Rp160.560,00;;;
;C;PERALATAN;;;;;;;;
;;;;JUMLAH HARGA ALAT;;;;;;
;D;Jumlah (A+B+C);;;;;Rp182.444,00;;;
;E;Overhead & Profit 9,5%;;;0,095;;Rp17.332,18;;;
PPA27;F;Harga Satuan Pekerjaan (D+E);;;;;Rp199.776,18;27;;
;;;;;;;;;;
;Pemasangan 1 m’ nok stel rata 0,92m;;;;;;;;;
;No;Uraian;Kode;Satuan;Koefisien;Harga Satuan;Jumlah Harga;;;
;A;TENAGA;;;;;;;;
;;Pekerja;L.01;OH;0,1;Rp93.000;Rp9.300,00;;;
;;Tukang Kayu;L.02;OH;0,15;Rp98.000;Rp14.700,00;;;
;;Kepala tukang;L.03;OH;0,013;Rp106.000;Rp1.378,00;;;
;;Mandor;L.04;OH;0,004;Rp111.000;Rp444,00;;;
;;;;JUMLAH TENAGA KERJA;;;Rp25.822,00;;;
;B;BAHAN;;;;;;;;
;;Nok paten 92cm;M.627; Lbr ;1,1;Rp43.800;Rp48.180,00;;;
;;Paku skrup;M.200; Kg ;6;Rp18.000;Rp108.000,00;;;
;;;;JUMLAH HARGA BAHAN;;;Rp156.180,00;;;
;C;PERALATAN;;;;;;;;
;;;;JUMLAH HARGA ALAT;;;;;;
;D;Jumlah (A+B+C);;;;;Rp182.002,00;;;
;E;Overhead & Profit 9,5%;;;0,095;;Rp17.290,19;;;
PPA28;F;Harga Satuan Pekerjaan (D+E);;;;;Rp199.292,19;28;;
;;;;;;;;;;
;Pemasangan 1 m’ nok stel rata 1,05m;;;;;;;;;
;No;Uraian;Kode;Satuan;Koefisien;Harga Satuan;Jumlah Harga;;;
;A;TENAGA;;;;;;;;
;;Pekerja;L.01;OH;0,084;Rp93.000;Rp7.812,00;;;
;;Tukang Kayu;L.02;OH;0,125;Rp98.000;Rp12.250,00;;;
;;Kepala tukang;L.03;OH;0,013;Rp106.000;Rp1.378,00;;;
;;Mandor;L.04;OH;0,004;Rp111.000;Rp444,00;;;
;;;;JUMLAH TENAGA KERJA;;;Rp21.884,00;;;
;B;BAHAN;;;;;;;;
;;Nok paten 92cm;M.627; Lbr ;1,1;Rp43.800;Rp48.180,00;;;
;;Paku skrup;M.200; Kg ;6;Rp18.000;Rp108.000,00;;;
;;;;JUMLAH HARGA BAHAN;;;Rp156.180,00;;;
;C;PERALATAN;;;;;;;;
;;;;JUMLAH HARGA ALAT;;;;;;
;D;Jumlah (A+B+C);;;;;Rp178.064,00;;;
;E;Overhead & Profit 9,5%;;;0,095;;Rp16.916,08;;;
PPA29;F;Harga Satuan Pekerjaan (D+E);;;;;Rp194.980,08;29;;
;;;;;;;;;;
;Pemasangan 1 m2 genteng beton;;;;;;;;;
;No;Uraian;Kode;Satuan;Koefisien;Harga Satuan;Jumlah Harga;;;
;A;TENAGA;;;;;;;;
;;Pekerja;L.01;OH;0,2;Rp93.000;Rp18.600,00;;;
;;Tukang Kayu;L.02;OH;0,1;Rp98.000;Rp9.800,00;;;
;;Kepala tukang;L.03;OH;0,01;Rp106.000;Rp1.060,00;;;
;;Mandor;L.04;OH;0,01;Rp111.000;Rp1.110,00;;;
;;;;JUMLAH TENAGA KERJA;;;Rp30.570,00;;;
;B;BAHAN;;;;;;;;
;;Genteng beton;M.628; Bh ;11;Rp9.200;Rp101.200,00;;;
;;Paku Biasa;M.200; Kg ;0,03;Rp18.000;Rp540,00;;;
;;;;JUMLAH HARGA BAHAN;;;Rp101.740,00;;;
;C;PERALATAN;;;;;;;;
;;;;JUMLAH HARGA ALAT;;;;;;
;D;Jumlah (A+B+C);;;;;Rp132.310,00;;;
;E;Overhead & Profit 9,5%;;;0,095;;Rp12.569,45;;;
PPA30;F;Harga Satuan Pekerjaan (D+E);;;;;Rp144.879,45;30;;
;;;;;;;;;;
;Pemasangan 1 m2 genteng aspal;;;;;;;;;
;No;Uraian;Kode;Satuan;Koefisien;Harga Satuan;Jumlah Harga;;;
;A;TENAGA;;;;;;;;
;;Pekerja;L.01;OH;0,2;Rp93.000;Rp18.600,00;;;
;;Tukang Kayu;L.02;OH;0,3;Rp98.000;Rp29.400,00;;;
;;Kepala tukang;L.03;OH;0,003;Rp106.000;Rp318,00;;;
;;Mandor;L.04;OH;0,01;Rp111.000;Rp1.110,00;;;
;;;;JUMLAH TENAGA KERJA;;;Rp49.428,00;;;
;B;BAHAN;;;;;;;;
;;Genteng aspal;M.629; Bh ;6,9;Rp13.100;Rp90.390,00;;;
;;Plywood 6 mm;M.630; Lbr ;0,35;Rp85.600;Rp29.960,00;;;
;;Paku biasa;M.200; Kg ;0,03;Rp18.000;Rp540,00;;;
;;Plastic aerator;M.631; Bh ;0,5;Rp41.300;Rp20.650,00;;;
;;;;JUMLAH HARGA BAHAN;;;Rp141.540,00;;;
;C;PERALATAN;;;;;;;;
;;;;JUMLAH HARGA ALAT;;;;;;
;D;Jumlah (A+B+C);;;;;Rp190.968,00;;;
;E;Overhead & Profit 9,5%;;;0,095;;Rp18.141,96;;;
PPA31;F;Harga Satuan Pekerjaan (D+E);;;;;Rp209.109,96;31;;
;;;;;;;;;;
;Pemasangan 1 m2 genteng metal ukuran 80 x 100 atap pelana;;;;;;;;;
;No;Uraian;Kode;Satuan;Koefisien;Harga Satuan;Jumlah Harga;;;
;A;TENAGA;;;;;;;;
;;Pekerja;L.01;OH;0,2;Rp93.000;Rp18.600,00;;;
;;Tukang Kayu;L.02;OH;0,1;Rp98.000;Rp9.800,00;;;
;;Kepala tukang;L.03;OH;0,01;Rp106.000;Rp1.060,00;;;
;;Mandor;L.04;OH;0,001;Rp111.000;Rp111,00;;;
;;;;JUMLAH TENAGA KERJA;;;Rp29.571,00;;;
;B;BAHAN;;;;;;;;
;;Genteng metal;M.632; Bh ;1,3;Rp2.100;Rp2.730,00;;;
;;Paku biasa ½”-1”;M.200; Kg ;0,2;Rp18.000;Rp3.600,00;;;
;;;;JUMLAH HARGA BAHAN;;;Rp6.330,00;;;
;C;PERALATAN;;;;;;;;
;;;;JUMLAH HARGA ALAT;;;;;;
;D;Jumlah (A+B+C);;;;;Rp35.901,00;;;
;E;Overhead & Profit 9,5%;;;0,095;;Rp3.410,60;;;
PPA32;F;Harga Satuan Pekerjaan (D+E);;;;;Rp39.311,60;32;;
;;;;;;;;;;
;Pemasangan 1 m2 genteng metal ukuran 80 x 100 atap Jurai;;;;;;;;;
;No;Uraian;Kode;Satuan;Koefisien;Harga Satuan;Jumlah Harga;;;
;A;TENAGA;;;;;;;;
;;Pekerja;L.01;OH;0,2;Rp93.000;Rp18.600,00;;;
;;Tukang Kayu;L.02;OH;0,1;Rp98.000;Rp9.800,00;;;
;;Kepala tukang;L.03;OH;0,01;Rp106.000;Rp1.060,00;;;
;;Mandor;L.04;OH;0,001;Rp111.000;Rp111,00;;;
;;;;JUMLAH TENAGA KERJA;;;Rp29.571,00;;;
;B;BAHAN;;;;;;;;
;;Genteng metal;M.632; Bh ;2;Rp2.100;Rp4.200,00;;;
;;Paku biasa ½”-1”;M.200; Kg ;0,2;Rp18.000;Rp3.600,00;;;
;;;;JUMLAH HARGA BAHAN;;;Rp7.800,00;;;
;C;PERALATAN;;;;;;;;
;;;;JUMLAH HARGA ALAT;;;;;;
;D;Jumlah (A+B+C);;;;;Rp37.371,00;;;
;E;Overhead & Profit 9,5%;;;0,095;;Rp3.550,25;;;
PPA33;F;Harga Satuan Pekerjaan (D+E);;;;;Rp40.921,25;33;;
;;;;;;;;;;
;Pemasangan 1 m2 atap sirap kayu;;;;;;;;;
;No;Uraian;Kode;Satuan;Koefisien;Harga Satuan;Jumlah Harga;;;
;A;TENAGA;;;;;;;;
;;Pekerja;L.01;OH;0,166;Rp93.000;Rp15.438,00;;;
;;Tukang Kayu;L.02;OH;0,25;Rp98.000;Rp24.500,00;;;
;;Kepala tukang;L.03;OH;0,025;Rp106.000;Rp2.650,00;;;
;;Mandor;L.04;OH;0,008;Rp111.000;Rp888,00;;;
;;;;JUMLAH TENAGA KERJA;;;Rp43.476,00;;;
;B;BAHAN;;;;;;;;
;;Sirap kayu;M.633; Bh ;30;Rp7.500;Rp225.000,00;;;
;;Paku Biasa;M.200; Kg ;0,2;Rp18.000;Rp3.600,00;;;
;;;;JUMLAH HARGA BAHAN;;;Rp228.600,00;;;
;C;PERALATAN;;;;;;;;
;;;;JUMLAH HARGA ALAT;;;;;;
;D;Jumlah (A+B+C);;;;;Rp272.076,00;;;
;E;Overhead & Profit 9,5%;;;0,095;;Rp25.847,22;;;
PPA34;F;Harga Satuan Pekerjaan (D+E);;;;;Rp297.923,22;34;;
;;;;;;;;;;
;Pemasangan 1 m’ nok genteng beton;;;;;;;;;
;No;Uraian;Kode;Satuan;Koefisien;Harga Satuan;Jumlah Harga;;;
;A;TENAGA;;;;;;;;
;;Pekerja;L.01;OH;0,4;Rp93.000;Rp37.200,00;;;
;;Tukang Kayu;L.02;OH;0,2;Rp98.000;Rp19.600,00;;;
;;Kepala tukang;L.03;OH;0,02;Rp106.000;Rp2.120,00;;;
;;Mandor;L.04;OH;0,02;Rp111.000;Rp2.220,00;;;
;;;;JUMLAH TENAGA KERJA;;;Rp61.140,00;;;
;B;BAHAN;;;;;;;;
;;Nok genteng beton;M.634; Bh ;3,5;Rp5.400;Rp18.900,00;;;
;;Paku Biasa;M.200; Kg ;0,05;Rp18.000;Rp900,00;;;
;;Semen portland;M.11; Kg ;10,8;Rp1.250;Rp13.500,00;;;
;;Pasir Pasang;M.48; m3 ;0,032;Rp131.100;Rp4.195,20;;;
;;Semen warna;M.487; Kg ;1;Rp13.300;Rp13.300,00;;;
;;;;JUMLAH HARGA BAHAN;;;Rp50.795,20;;;
;C;PERALATAN;;;;;;;;
;;;;JUMLAH HARGA ALAT;;;;;;
;D;Jumlah (A+B+C);;;;;Rp111.935,20;;;
;E;Overhead & Profit 9,5%;;;0,095;;Rp10.633,84;;;
PPA35;F;Harga Satuan Pekerjaan (D+E);;;;;Rp122.569,04;35;;
;;;;;;;;;;
;Pemasangan 1 m’ nok genteng aspal;;;;;;;;;
;No;Uraian;Kode;Satuan;Koefisien;Harga Satuan;Jumlah Harga;;;
;A;TENAGA;;;;;;;;
;;Pekerja;L.01;OH;0,125;Rp93.000;Rp11.625,00;;;
;;Tukang Kayu;L.02;OH;0,25;Rp98.000;Rp24.500,00;;;
;;Kepala tukang;L.03;OH;0,025;Rp106.000;Rp2.650,00;;;
;;Mandor;L.04;OH;0,006;Rp111.000;Rp666,00;;;
;;;;JUMLAH TENAGA KERJA;;;Rp39.441,00;;;
;B;BAHAN;;;;;;;;
;;Nok genteng aspal;M.635; Bh ;2;Rp45.300;Rp90.600,00;;;
;;Paku Biasa;M.200; Kg ;0,05;Rp18.000;Rp900,00;;;
;;Kayu balok borneo;M.86; m3 ;0,0035;Rp7.579.000;Rp26.526,50;;;
;;;;JUMLAH HARGA BAHAN;;;Rp118.026,50;;;
;C;PERALATAN;;;;;;;;
;;;;JUMLAH HARGA ALAT;;;;;;
;D;Jumlah (A+B+C);;;;;Rp157.467,50;;;
;E;Overhead & Profit 9,5%;;;0,095;;Rp14.959,41;;;
PPA36;F;Harga Satuan Pekerjaan (D+E);;;;;Rp172.426,91;36;;
;;;;;;;;;;
;Pemasangan 1 m’ nok genteng metal;;;;;;;;;
;No;Uraian;Kode;Satuan;Koefisien;Harga Satuan;Jumlah Harga;;;
;A;TENAGA;;;;;;;;
;;Pekerja;L.01;OH;0,25;Rp93.000;Rp23.250,00;;;
;;Tukang Kayu;L.02;OH;0,15;Rp98.000;Rp14.700,00;;;
;;Kepala tukang;L.03;OH;0,015;Rp106.000;Rp1.590,00;;;
;;Mandor;L.04;OH;0,013;Rp111.000;Rp1.443,00;;;
;;;;JUMLAH TENAGA KERJA;;;Rp40.983,00;;;
;B;BAHAN;;;;;;;;
;;Nok genteng metal;M.636; Bh ;1,1;Rp32.600;Rp35.860,00;;;
;;Paku Biasa;M.200; Kg ;0,05;Rp18.000;Rp900,00;;;
;;;;JUMLAH HARGA BAHAN;;;Rp36.760,00;;;
;C;PERALATAN;;;;;;;;
;;;;JUMLAH HARGA ALAT;;;;;;
;D;Jumlah (A+B+C);;;;;Rp77.743,00;;;
;E;Overhead & Profit 9,5%;;;0,095;;Rp7.385,59;;;
PPA37;F;Harga Satuan Pekerjaan (D+E);;;;;Rp85.128,59;37;;
;;;;;;;;;;
;Pemasangan 1 m’ nok sirap;;;;;;;;;
;No;Uraian;Kode;Satuan;Koefisien;Harga Satuan;Jumlah Harga;;;
;A;TENAGA;;;;;;;;
;;Pekerja;L.01;OH;0,125;Rp93.000;Rp11.625,00;;;
;;Tukang Kayu;L.02;OH;0,25;Rp98.000;Rp24.500,00;;;
;;Kepala tukang;L.03;OH;0,025;Rp106.000;Rp2.650,00;;;
;;Mandor;L.04;OH;0,006;Rp111.000;Rp666,00;;;
;;;;JUMLAH TENAGA KERJA;;;Rp39.441,00;;;
;B;BAHAN;;;;;;;;
;;Seng plat;M.278; Lembar ;0,4;Rp364.600;Rp145.840,00;;;
;;Paku Biasa;M.200; Kg ;0,05;Rp18.000;Rp900,00;;;
;;;;JUMLAH HARGA BAHAN;;;Rp146.740,00;;;
;C;PERALATAN;;;;;;;;
;;;;JUMLAH HARGA ALAT;;;;;;
;D;Jumlah (A+B+C);;;;;Rp186.181,00;;;
;E;Overhead & Profit 9,5%;;;0,095;;Rp17.687,20;;;
PPA38;F;Harga Satuan Pekerjaan (D+E);;;;;Rp203.868,20;38;;
;;;;;;;;;;
;Pemasangan 1 m2 atap seng gelombang;;;;;;;;;
;No;Uraian;Kode;Satuan;Koefisien;Harga Satuan;Jumlah Harga;;;
;A;TENAGA;;;;;;;;
;;Pekerja;L.01;OH;0,12;Rp93.000;Rp11.160,00;;;
;;Tukang Kayu;L.02;OH;0,06;Rp98.000;Rp5.880,00;;;
;;Kepala tukang;L.03;OH;0,006;Rp106.000;Rp636,00;;;
;;Mandor;L.04;OH;0,006;Rp111.000;Rp666,00;;;
;;;;JUMLAH TENAGA KERJA;;;Rp18.342,00;;;
;B;BAHAN;;;;;;;;
;;Seng gelombang;M.271; Lembar ;0,7;Rp106.800;Rp74.760,00;;;
;;Paku Biasa;M.200; Kg ;0,02;Rp18.000;Rp360,00;;;
;;;;JUMLAH HARGA BAHAN;;;Rp75.120,00;;;
;C;PERALATAN;;;;;;;;
;;;;JUMLAH HARGA ALAT;;;;;;
;D;Jumlah (A+B+C);;;;;Rp93.462,00;;;
;E;Overhead & Profit 9,5%;;;0,095;;Rp8.878,89;;;
PPA39;F;Harga Satuan Pekerjaan (D+E);;;;;Rp102.340,89;39;;
;;;;;;;;;;
;Pemasangan 1 m’nok atap seng;;;;;;;;;
;No;Uraian;Kode;Satuan;Koefisien;Harga Satuan;Jumlah Harga;;;
;A;TENAGA;;;;;;;;
;;Pekerja;L.01;OH;0,15;Rp93.000;Rp13.950,00;;;
;;Tukang Kayu;L.02;OH;0,07;Rp98.000;Rp6.860,00;;;
;;Kepala tukang;L.03;OH;0,007;Rp106.000;Rp742,00;;;
;;Mandor;L.04;OH;0,006;Rp111.000;Rp666,00;;;
;;;;JUMLAH TENAGA KERJA;;;Rp22.218,00;;;
;B;BAHAN;;;;;;;;
;;Seng plat;M.278; Lembar ;0,3;Rp364.600;Rp109.380,00;;;
;;Paku Biasa;M.200; Kg ;0,04;Rp18.000;Rp720,00;;;
;;;;JUMLAH HARGA BAHAN;;;Rp110.100,00;;;
;C;PERALATAN;;;;;;;;
;;;;JUMLAH HARGA ALAT;;;;;;
;D;Jumlah (A+B+C);;;;;Rp132.318,00;;;
;E;Overhead & Profit 9,5%;;;0,095;;Rp12.570,21;;;
PPA40;F;Harga Satuan Pekerjaan (D+E);;;;;Rp144.888,21;40;;
;;;;;;;;;;
;Pemasangan 1 m2 atap alumunium;;;;;;;;;
;No;Uraian;Kode;Satuan;Koefisien;Harga Satuan;Jumlah Harga;;;
;A;TENAGA;;;;;;;;
;;Pekerja;L.01;OH;0,15;Rp93.000;Rp13.950,00;;;
;;Tukang Kayu;L.02;OH;0,75;Rp98.000;Rp73.500,00;;;
;;Kepala tukang;L.03;OH;0,08;Rp106.000;Rp8.480,00;;;
;;Mandor;L.04;OH;0,006;Rp111.000;Rp666,00;;;
;;;;JUMLAH TENAGA KERJA;;;Rp96.596,00;;;
;B;BAHAN;;;;;;;;
;;Alumunium gel tbl 0,55;M.637; Lbr ;1,05;Rp155.200;Rp162.960,00;;;
;;Paku hak panj 15cm;M.638; Kg ;0,02;Rp21.500;Rp430,00;;;
;;;;JUMLAH HARGA BAHAN;;;Rp163.390,00;;;
;C;PERALATAN;;;;;;;;
;;;;JUMLAH HARGA ALAT;;;;;;
;D;Jumlah (A+B+C);;;;;Rp259.986,00;;;
;E;Overhead & Profit 9,5%;;;0,095;;Rp24.698,67;;;
PPA41;F;Harga Satuan Pekerjaan (D+E);;;;;Rp284.684,67;41;;
;;;;;;;;;;
;Pemasangan 1 m’ nok alumunium;;;;;;;;;
;No;Uraian;Kode;Satuan;Koefisien;Harga Satuan;Jumlah Harga;;;
;A;TENAGA;;;;;;;;
;;Pekerja;L.01;OH;0,1;Rp93.000;Rp9.300,00;;;
;;Tukang Kayu;L.02;OH;1;Rp98.000;Rp98.000,00;;;
;;Kepala tukang;L.03;OH;0,1;Rp106.000;Rp10.600,00;;;
;;Mandor;L.04;OH;0,05;Rp111.000;Rp5.550,00;;;
;;;;JUMLAH TENAGA KERJA;;;Rp123.450,00;;;
;B;BAHAN;;;;;;;;
;;Nok standar 40x18;M.639; Bh ;1,2;Rp48.900;Rp58.680,00;;;
;;Paku hak panj 15cm;M.638; Kg ;0,04;Rp21.500;Rp860,00;;;
;;;;JUMLAH HARGA BAHAN;;;Rp59.540,00;;;
;C;PERALATAN;;;;;;;;
;;;;JUMLAH HARGA ALAT;;;;;;
;D;Jumlah (A+B+C);;;;;Rp182.990,00;;;
;E;Overhead & Profit 9,5%;;;0,095;;Rp17.384,05;;;
PPA42;F;Harga Satuan Pekerjaan (D+E);;;;;Rp200.374,05;42;;
;;;;;;;;;;
;Pemasangan 1 m2 alumunium foil/sisalation;;;;;;;;;
;No;Uraian;Kode;Satuan;Koefisien;Harga Satuan;Jumlah Harga;;;
;A;TENAGA;;;;;;;;
;;Pekerja;L.01;OH;0,15;Rp93.000;Rp13.950,00;;;
;;Tukang Kayu;L.02;OH;0,05;Rp98.000;Rp4.900,00;;;
;;Kepala tukang;L.03;OH;0,005;Rp106.000;Rp530,00;;;
;;Mandor;L.04;OH;0,008;Rp111.000;Rp888,00;;;
;;;;JUMLAH TENAGA KERJA;;;Rp20.268,00;;;
;B;BAHAN;;;;;;;;
;;Alumunium foil;M.640; M2 ;1,05;Rp8.300;Rp8.715,00;;;
;;;;JUMLAH HARGA BAHAN;;;Rp8.715,00;;;
;C;PERALATAN;;;;;;;;
;;;;JUMLAH HARGA ALAT;;;;;;
;D;Jumlah (A+B+C);;;;;Rp28.983,00;;;
;E;Overhead & Profit 9,5%;;;0,095;;Rp2.753,39;;;
PPA43;F;Harga Satuan Pekerjaan (D+E);;;;;Rp31.736,39;43;;
;;;;;;;;;;
;HARGA SATUAN PEKERJAAN KAYU;;;;;;;;;
;Pembuatan dan pemasangan 1 m3 kusen pintu dan kusen jendela, kayu kelas I;;;;;;;;;
;No;Uraian;Kode;Satuan;Koefisien;Harga Satuan;Jumlah Harga;;;
;A;TENAGA;;;;;;;;
;;Pekerja;L.01;OH;7;Rp93.000;Rp651.000,00;;;
;;Tukang kayu;L.02;OH;21;Rp98.000;Rp2.058.000,00;;;
;;Kepala tukang;L.03;OH;2,1;Rp106.000;Rp222.600,00;;;
;;Mandor;L.04;OH;0,35;Rp111.000;Rp38.850,00;;;
;;;;JUMLAH TENAGA KERJA;;;Rp2.970.450,00;;;
;B;BAHAN;;;;;;;;
;;Balok kayu;M.79; m3 ;1,1;Rp8.811.600;Rp9.692.760,00;;;
;;Paku Biasa;M.200; Kg ;1,25;Rp18.000;Rp22.500,00;;;
;;Lem Kayu/Karet;M.583; Kg ;1;Rp82.700;Rp82.700,00;;;
;;;;JUMLAH HARGA BAHAN;;;Rp9.797.960,00;;;
;C;PERALATAN;;;;;;;;
;;;;JUMLAH HARGA ALAT;;;;;;
;D;Jumlah (A+B+C);;;;;Rp12.768.410,00;;;
;E;Overhead & Profit 9,5%;;;0,095;;Rp1.212.998,95;;;
PK1;F;Harga Satuan Pekerjaan (D+E);;;;;Rp13.981.408,95;1;;
;;;;;;;;;;
;Pembuatan dan pemasangan 1 m3 kusen pintu dan kusen jendela, kayu kelas II atau III;;;;;;;;;
;No;Uraian;Kode;Satuan;Koefisien;Harga Satuan;Jumlah Harga;;;
;A;TENAGA;;;;;;;;
;;Pekerja;L.01;OH;6;Rp93.000;Rp558.000,00;;;
;;Tukang kayu;L.02;OH;18;Rp98.000;Rp1.764.000,00;;;
;;Kepala tukang;L.03;OH;1,8;Rp106.000;Rp190.800,00;;;
;;Mandor;L.04;OH;0,3;Rp111.000;Rp33.300,00;;;
;;;;JUMLAH TENAGA KERJA;;;Rp2.546.100,00;;;
;B;BAHAN;;;;;;;;
;;Balok kayu;M.79; m3 ;1,2;Rp8.811.600;Rp10.573.920,00;;;
;;Paku Biasa;M.200; Kg ;1,25;Rp18.000;Rp22.500,00;;;
;;Lem Kayu/Karet;M.583; Kg ;1;Rp82.700;Rp82.700,00;;;
;;;;JUMLAH HARGA BAHAN;;;Rp10.679.120,00;;;
;C;PERALATAN;;;;;;;;
;;;;JUMLAH HARGA ALAT;;;;;;
;D;Jumlah (A+B+C);;;;;Rp13.225.220,00;;;
;E;Overhead & Profit 9,5%;;;0,095;;Rp1.256.395,90;;;
PK2;F;Harga Satuan Pekerjaan (D+E);;;;;Rp14.481.615,90;2;;
;;;;;;;;;;
;Pembuatan dan pemasangan 1 m2 pintu klamp standar, kayu kelas II;;;;;;;;;
;No;Uraian;Kode;Satuan;Koefisien;Harga Satuan;Jumlah Harga;;;
;A;TENAGA;;;;;;;;
;;Pekerja;L.01;OH;0,35;Rp93.000;Rp32.550,00;;;
;;Tukang kayu;L.02;OH;1,05;Rp98.000;Rp102.900,00;;;
;;Kepala tukang;L.03;OH;0,105;Rp106.000;Rp11.130,00;;;
;;Mandor;L.04;OH;0,018;Rp111.000;Rp1.998,00;;;
;;;;JUMLAH TENAGA KERJA;;;Rp148.578,00;;;
;B;BAHAN;;;;;;;;
;;kayu Papan;M.80; m3 ;0,04;Rp10.102.300;Rp404.092,00;;;
;;Paku Biasa;M.200; Kg ;0,05;Rp18.000;Rp900,00;;;
;;;;JUMLAH HARGA BAHAN;;;Rp404.992,00;;;
;C;PERALATAN;;;;;;;;
;;;;JUMLAH HARGA ALAT;;;;;;
;D;Jumlah (A+B+C);;;;;Rp553.570,00;;;
;E;Overhead & Profit 9,5%;;;0,095;;Rp52.589,15;;;
PK3;F;Harga Satuan Pekerjaan (D+E);;;;;Rp606.159,15;3;;
;;;;;;;;;;
;Pembuatan dan pemasangan 1 m2 pintu klamp sederhana, kayu kelas III;;;;;;;;;
;No;Uraian;Kode;Satuan;Koefisien;Harga Satuan;Jumlah Harga;;;
;A;TENAGA;;;;;;;;
;;Pekerja;L.01;OH;0,35;Rp93.000;Rp32.550,00;;;
;;Tukang kayu;L.02;OH;1,05;Rp98.000;Rp102.900,00;;;
;;Kepala tukang;L.03;OH;0,105;Rp106.000;Rp11.130,00;;;
;;Mandor;L.04;OH;0,018;Rp111.000;Rp1.998,00;;;
;;;;JUMLAH TENAGA KERJA;;;Rp148.578,00;;;
;B;BAHAN;;;;;;;;
;;kayu Papan;M.80; m3 ;0,04;Rp10.102.300;Rp404.092,00;;;
;;Paku Biasa;M.200; Kg ;0,05;Rp18.000;Rp900,00;;;
;;;;JUMLAH HARGA BAHAN;;;Rp404.992,00;;;
;C;PERALATAN;;;;;;;;
;;;;JUMLAH HARGA ALAT;;;;;;
;D;Jumlah (A+B+C);;;;;Rp553.570,00;;;
;E;Overhead & Profit 9,5%;;;0,095;;Rp52.589,15;;;
PK4;F;Harga Satuan Pekerjaan (D+E);;;;;Rp606.159,15;4;;
;;;;;;;;;;
;Pembuatan dan pemasangan 1 m2 daun pintu panel, kayu kelas I atau II;;;;;;;;;
;No;Uraian;Kode;Satuan;Koefisien;Harga Satuan;Jumlah Harga;;;
;A;TENAGA;;;;;;;;
;;Pekerja;L.01;OH;1;Rp93.000;Rp93.000,00;;;
;;Tukang kayu;L.02;OH;3;Rp98.000;Rp294.000,00;;;
;;Kepala tukang;L.03;OH;0,3;Rp106.000;Rp31.800,00;;;
;;Mandor;L.04;OH;0,05;Rp111.000;Rp5.550,00;;;
;;;;JUMLAH TENAGA KERJA;;;Rp424.350,00;;;
;B;BAHAN;;;;;;;;
;;kayu Papan;M.80; m3 ;0,04;Rp10.102.300;Rp404.092,00;;;
;;Lem Kayu/Karet;M.583; Kg ;0,5;Rp82.700;Rp41.350,00;;;
;;;;JUMLAH HARGA BAHAN;;;Rp445.442,00;;;
;C;PERALATAN;;;;;;;;
;;;;JUMLAH HARGA ALAT;;;;;;
;D;Jumlah (A+B+C);;;;;Rp869.792,00;;;
;E;Overhead & Profit 9,5%;;;0,095;;Rp82.630,24;;;
PK5;F;Harga Satuan Pekerjaan (D+E);;;;;Rp952.422,24;5;;
;;;;;;;;;;
;Pembuatan dan pemasangan 1 m2 pintu dan jendela kaca, kayu kelas I atau II;;;;;;;;;
;No;Uraian;Kode;Satuan;Koefisien;Harga Satuan;Jumlah Harga;;;
;A;TENAGA;;;;;;;;
;;Pekerja;L.01;OH;0,8;Rp93.000;Rp74.400,00;;;
;;Tukang kayu;L.02;OH;2,4;Rp98.000;Rp235.200,00;;;
;;Kepala tukang;L.03;OH;0,24;Rp106.000;Rp25.440,00;;;
;;Mandor;L.04;OH;0,04;Rp111.000;Rp4.440,00;;;
;;;;JUMLAH TENAGA KERJA;;;Rp339.480,00;;;
;B;BAHAN;;;;;;;;
;;kayu Papan;M.80; m3 ;0,024;Rp10.102.300;Rp242.455,20;;;
;;Lem Kayu/Karet;M.583; Kg ;0,3;Rp82.700;Rp24.810,00;;;
;;;;JUMLAH HARGA BAHAN;;;Rp267.265,20;;;
;C;PERALATAN;;;;;;;;
;;;;JUMLAH HARGA ALAT;;;;;;
;D;Jumlah (A+B+C);;;;;Rp606.745,20;;;
;E;Overhead & Profit 9,5%;;;0,095;;Rp57.640,79;;;
PK6;F;Harga Satuan Pekerjaan (D+E);;;;;Rp664.385,99;6;;
;;;;;;;;;;
;Pembuatan dan pemasangan 1 m2 pintu dan jendela jalusi kayu kelas I atau II;;;;;;;;;
;No;Uraian;Kode;Satuan;Koefisien;Harga Satuan;Jumlah Harga;;;
;A;TENAGA;;;;;;;;
;;Pekerja;L.01;OH;1;Rp93.000;Rp93.000,00;;;
;;Tukang kayu;L.02;OH;3;Rp98.000;Rp294.000,00;;;
;;Kepala tukang;L.03;OH;0,3;Rp106.000;Rp31.800,00;;;
;;Mandor;L.04;OH;0,05;Rp111.000;Rp5.550,00;;;
;;;;JUMLAH TENAGA KERJA;;;Rp424.350,00;;;
;B;BAHAN;;;;;;;;
;;kayu Papan;M.80; m3 ;0,064;Rp10.102.300;Rp646.547,20;;;
;;Lem Kayu/Karet;M.583; Kg ;0,5;Rp82.700;Rp41.350,00;;;
;;;;JUMLAH HARGA BAHAN;;;Rp687.897,20;;;
;C;PERALATAN;;;;;;;;
;;;;JUMLAH HARGA ALAT;;;;;;
;D;Jumlah (A+B+C);;;;;Rp1.112.247,20;;;
;E;Overhead & Profit 9,5%;;;0,095;;Rp105.663,48;;;
PK7;F;Harga Satuan Pekerjaan (D+E);;;;;Rp1.217.910,68;7;;
;;;;;;;;;;
;Pembuatan 1 m2 daun pintu plywood rangkap, rangka kayu kelas II tertutup;;;;;;;;;
;No;Uraian;Kode;Satuan;Koefisien;Harga Satuan;Jumlah Harga;;;
;A;TENAGA;;;;;;;;
;;Pekerja;L.01;OH;0,7;Rp93.000;Rp65.100,00;;;
;;Tukang kayu;L.02;OH;2,1;Rp98.000;Rp205.800,00;;;
;;Kepala tukang;L.03;OH;0,21;Rp106.000;Rp22.260,00;;;
;;Mandor;L.04;OH;0,035;Rp111.000;Rp3.885,00;;;
;;;;JUMLAH TENAGA KERJA;;;Rp297.045,00;;;
;B;BAHAN;;;;;;;;
;;kayu Papan;M.80; m3 ;0,025;Rp10.102.300;Rp252.557,50;;;
;;Paku Biasa;M.200; Kg ;0,03;Rp18.000;Rp540,00;;;
;;Lem Kayu/Karet;M.583; Kg ;0,5;Rp82.700;Rp41.350,00;;;
;;Plywood 4 mm;M.102; Lembar ;1;Rp117.200;Rp117.200,00;;;
;;;;JUMLAH HARGA BAHAN;;;Rp411.647,50;;;
;C;PERALATAN;;;;;;;;
;;;;JUMLAH HARGA ALAT;;;;;;
;D;Jumlah (A+B+C);;;;;Rp708.692,50;;;
;E;Overhead & Profit 9,5%;;;0,095;;Rp67.325,79;;;
PK8;F;Harga Satuan Pekerjaan (D+E);;;;;Rp776.018,29;8;;
;;;;;;;;;;
;Pembuatan 1 m2 pintu plywood rangkap, rangka expose kayu kelas I atau II;;;;;;;;;
;No;Uraian;Kode;Satuan;Koefisien;Harga Satuan;Jumlah Harga;;;
;A;TENAGA;;;;;;;;
;;Pekerja;L.01;OH;0,8;Rp93.000;Rp74.400,00;;;
;;Tukang kayu;L.02;OH;2,4;Rp98.000;Rp235.200,00;;;
;;Kepala tukang;L.03;OH;0,24;Rp106.000;Rp25.440,00;;;
;;Mandor;L.04;OH;0,04;Rp111.000;Rp4.440,00;;;
;;;;JUMLAH TENAGA KERJA;;;Rp339.480,00;;;
;B;BAHAN;;;;;;;;
;;kayu Papan;M.80; m3 ;0,0256;Rp10.102.300;Rp258.618,88;;;
;;Paku Biasa;M.200; Kg ;0,03;Rp18.000;Rp540,00;;;
;;Lem Kayu/Karet;M.583; Kg ;0,5;Rp82.700;Rp41.350,00;;;
;;Plywood 4 mm;M.102; Lembar ;1;Rp117.200;Rp117.200,00;;;
;;;;JUMLAH HARGA BAHAN;;;Rp417.708,88;;;
;C;PERALATAN;;;;;;;;
;;;;JUMLAH HARGA ALAT;;;;;;
;D;Jumlah (A+B+C);;;;;Rp757.188,88;;;
;E;Overhead & Profit 9,5%;;;0,095;;Rp71.932,94;;;
PK9;F;Harga Satuan Pekerjaan (D+E);;;;;Rp829.121,82;9;;
;;;;;;;;;;
;Pemasangan 1 m2 jalusi kusen, kayu kelas I atau II;;;;;;;;;
;No;Uraian;Kode;Satuan;Koefisien;Harga Satuan;Jumlah Harga;;;
;A;TENAGA;;;;;;;;
;;Pekerja;L.01;OH;0,67;Rp93.000;Rp62.310,00;;;
;;Tukang kayu;L.02;OH;2;Rp98.000;Rp196.000,00;;;
;;Kepala tukang;L.03;OH;0,2;Rp106.000;Rp21.200,00;;;
;;Mandor;L.04;OH;0,335;Rp111.000;Rp37.185,00;;;
;;;;JUMLAH TENAGA KERJA;;;Rp316.695,00;;;
;B;BAHAN;;;;;;;;
;;Kayu Papan;M.80; m3 ;0,06;Rp10.102.300;Rp606.138,00;;;
;;Paku Biasa;M.200; Kg ;0,15;Rp18.000;Rp2.700,00;;;
;;;;JUMLAH HARGA BAHAN;;;Rp608.838,00;;;
;C;PERALATAN;;;;;;;;
;;;;JUMLAH HARGA ALAT;;;;;;
;D;Jumlah (A+B+C);;;;;Rp925.533,00;;;
;E;Overhead & Profit 9,5%;;;0,095;;Rp87.925,64;;;
PK10;F;Harga Satuan Pekerjaan (D+E);;;;;Rp1.013.458,64;10;;
;;;;;;;;;;
;Pemasangan 1 m2 teakwood rangkap, rangka expose kayu kelas I;;;;;;;;;
;No;Uraian;Kode;Satuan;Koefisien;Harga Satuan;Jumlah Harga;;;
;A;TENAGA;;;;;;;;
;;Pekerja;L.01;OH;0,8;Rp93.000;Rp74.400,00;;;
;;Tukang kayu;L.02;OH;2,4;Rp98.000;Rp235.200,00;;;
;;Kepala tukang;L.03;OH;0,24;Rp106.000;Rp25.440,00;;;
;;Mandor;L.04;OH;0,04;Rp111.000;Rp4.440,00;;;
;;;;JUMLAH TENAGA KERJA;;;Rp339.480,00;;;
;B;BAHAN;;;;;;;;
;;Kayu Papan;M.80; m3 ;0,025;Rp10.102.300;Rp252.557,50;;;
;;Paku Biasa;M.200; Kg ;0,03;Rp18.000;Rp540,00;;;
;;Lem Kayu/Karet;M.583; Kg ;0,3;Rp82.700;Rp24.810,00;;;
;;Teakwood 4 mm 90 x 220 cm;M.641; Lembar ;1;Rp209.900;Rp209.900,00;;;
;;;;JUMLAH HARGA BAHAN;;;Rp487.807,50;;;
;C;PERALATAN;;;;;;;;
;;;;JUMLAH HARGA ALAT;;;;;;
;D;Jumlah (A+B+C);;;;;Rp827.287,50;;;
;E;Overhead & Profit 9,5%;;;0,095;;Rp78.592,31;;;
PK11;F;Harga Satuan Pekerjaan (D+E);;;;;Rp905.879,81;11;;
;;;;;;;;;;
;Pemasangan 1 m2 teakwood rangkap lapis formika, rangka expose kayu kelas II;;;;;;;;;
;No;Uraian;Kode;Satuan;Koefisien;Harga Satuan;Jumlah Harga;;;
;A;TENAGA;;;;;;;;
;;Pekerja;L.01;OH;0,85;Rp93.000;Rp79.050,00;;;
;;Tukang kayu;L.02;OH;2,55;Rp98.000;Rp249.900,00;;;
;;Kepala tukang;L.03;OH;0,255;Rp106.000;Rp27.030,00;;;
;;Mandor;L.04;OH;0,043;Rp111.000;Rp4.773,00;;;
;;;;JUMLAH TENAGA KERJA;;;Rp360.753,00;;;
;B;BAHAN;;;;;;;;
;;Kayu Papan;M.80; m3 ;0,025;Rp10.102.300;Rp252.557,50;;;
;;Paku Biasa;M.200; Kg ;0,03;Rp18.000;Rp540,00;;;
;;Lem Kayu/Karet;M.583; Kg ;0,8;Rp82.700;Rp66.160,00;;;
;;Teakwood 4 mm 90 x 220 cm;M.641; Lembar ;1;Rp209.900;Rp209.900,00;;;
;;Formika;M.642; Lembar ;0,5;Rp181.900;Rp90.950,00;;;
;;;;JUMLAH HARGA BAHAN;;;Rp620.107,50;;;
;C;PERALATAN;;;;;;;;
;;;;JUMLAH HARGA ALAT;;;;;;
;D;Jumlah (A+B+C);;;;;Rp980.860,50;;;
;E;Overhead & Profit 9,5%;;;0,095;;Rp93.181,75;;;
PK12;F;Harga Satuan Pekerjaan (D+E);;;;;Rp1.074.042,25;12;;
;;;;;;;;;;
;Pemasangan 1 m3 konstruksi kuda-kuda konvensional,  kayu kelas I, II dan III bentang 6 m;;;;;;;;;
;No;Uraian;Kode;Satuan;Koefisien;Harga Satuan;Jumlah Harga;;;
;A;TENAGA;;;;;;;;
;;Pekerja;L.01;OH;4;Rp93.000;Rp372.000,00;;;
;;Tukang kayu;L.02;OH;12;Rp98.000;Rp1.176.000,00;;;
;;Kepala tukang;L.03;OH;1,2;Rp106.000;Rp127.200,00;;;
;;Mandor;L.04;OH;0,2;Rp111.000;Rp22.200,00;;;
;;;;JUMLAH TENAGA KERJA;;;Rp1.697.400,00;;;
;B;BAHAN;;;;;;;;
;;Balok kayu;M.79; m3 ;1,1;Rp8.811.600;Rp9.692.760,00;;;
;;Besi strip;M.42; Kg ;15;Rp10.000;Rp150.000,00;;;
;;Paku Biasa;M.200; Kg ;5,6;Rp18.000;Rp100.800,00;;;
;;;;JUMLAH HARGA BAHAN;;;Rp9.943.560,00;;;
;C;PERALATAN;;;;;;;;
;;;;JUMLAH HARGA ALAT;;;;;;
;D;Jumlah (A+B+C);;;;;Rp11.640.960,00;;;
;E;Overhead & Profit 9,5%;;;0,095;;Rp1.105.891,20;;;
PK13;F;Harga Satuan Pekerjaan (D+E);;;;;Rp12.746.851,20;13;;
;;;;;;;;;;
;Pemasangan 1 m3 konstruksi kuda-kuda expose, kayu kelas I;;;;;;;;;
;No;Uraian;Kode;Satuan;Koefisien;Harga Satuan;Jumlah Harga;;;
;A;TENAGA;;;;;;;;
;;Pekerja;L.01;OH;6,7;Rp93.000;Rp623.100,00;;;
;;Tukang kayu;L.02;OH;20,1;Rp98.000;Rp1.969.800,00;;;
;;Kepala tukang;L.03;OH;2,01;Rp106.000;Rp213.060,00;;;
;;Mandor;L.04;OH;0,335;Rp111.000;Rp37.185,00;;;
;;;;JUMLAH TENAGA KERJA;;;Rp2.843.145,00;;;
;B;BAHAN;;;;;;;;
;;Balok kayu;M.79; m3 ;1,2;Rp8.811.600;Rp10.573.920,00;;;
;;Besi strip;M.42; Kg ;15;Rp10.000;Rp150.000,00;;;
;;Paku Biasa;M.200; Kg ;5,6;Rp18.000;Rp100.800,00;;;
;;;;JUMLAH HARGA BAHAN;;;Rp10.824.720,00;;;
;C;PERALATAN;;;;;;;;
;;;;JUMLAH HARGA ALAT;;;;;;
;D;Jumlah (A+B+C);;;;;Rp13.667.865,00;;;
;E;Overhead & Profit 9,5%;;;0,095;;Rp1.298.447,18;;;
PK14;F;Harga Satuan Pekerjaan (D+E);;;;;Rp14.966.312,18;14;;
;;;;;;;;;;
;Pemasangan 1 m3 konstruksi gordeng, kayu kelas II;;;;;;;;;
;No;Uraian;Kode;Satuan;Koefisien;Harga Satuan;Jumlah Harga;;;
;A;TENAGA;;;;;;;;
;;Pekerja;L.01;OH;6,7;Rp93.000;Rp623.100,00;;;
;;Tukang kayu;L.02;OH;20,1;Rp98.000;Rp1.969.800,00;;;
;;Kepala tukang;L.03;OH;2,01;Rp106.000;Rp213.060,00;;;
;;Mandor;L.04;OH;0,335;Rp111.000;Rp37.185,00;;;
;;;;JUMLAH TENAGA KERJA;;;Rp2.843.145,00;;;
;B;BAHAN;;;;;;;;
;;Balok kayu;M.79; m3 ;1,1;Rp8.811.600;Rp9.692.760,00;;;
;;Besi strip;M.42; Kg ;15;Rp10.000;Rp150.000,00;;;
;;Paku Biasa;M.200; Kg ;3;Rp18.000;Rp54.000,00;;;
;;;;JUMLAH HARGA BAHAN;;;Rp9.896.760,00;;;
;C;PERALATAN;;;;;;;;
;;;;JUMLAH HARGA ALAT;;;;;;
;D;Jumlah (A+B+C);;;;;Rp12.739.905,00;;;
;E;Overhead & Profit 9,5%;;;0,095;;Rp1.210.290,98;;;
PK15;F;Harga Satuan Pekerjaan (D+E);;;;;Rp13.950.195,98;15;;
;;;;;;;;;;
;Pemasangan 1 m2 rangka atap genteng keramik, kayu kelas II;;;;;;;;;
;No;Uraian;Kode;Satuan;Koefisien;Harga Satuan;Jumlah Harga;;;
;A;TENAGA;;;;;;;;
;;Pekerja;L.01;OH;0,1;Rp93.000;Rp9.300,00;;;
;;Tukang kayu;L.02;OH;0,1;Rp98.000;Rp9.800,00;;;
;;Kepala tukang;L.03;OH;0,01;Rp106.000;Rp1.060,00;;;
;;Mandor;L.04;OH;0,005;Rp111.000;Rp555,00;;;
;;;;JUMLAH TENAGA KERJA;;;Rp20.715,00;;;
;B;BAHAN;;;;;;;;
;;Kayu 5/7;M.489; m3 ;0,014;Rp6.871.700;Rp96.203,80;;;
;;Reng 2 x 3 cm;M.643; m3 ;0,036;Rp2.671.500;Rp96.174,00;;;
;;Paku Biasa;M.200; Kg ;0,25;Rp18.000;Rp4.500,00;;;
;;;;JUMLAH HARGA BAHAN;;;Rp196.877,80;;;
;C;PERALATAN;;;;;;;;
;;;;JUMLAH HARGA ALAT;;;;;;
;D;Jumlah (A+B+C);;;;;Rp217.592,80;;;
;E;Overhead & Profit 9,5%;;;0,095;;Rp20.671,32;;;
PK16;F;Harga Satuan Pekerjaan (D+E);;;;;Rp238.264,12;16;;
;;;;;;;;;;
;Pemasangan 1 m2 rangka atap genteng beton, kayu kelas II;;;;;;;;;
;No;Uraian;Kode;Satuan;Koefisien;Harga Satuan;Jumlah Harga;;;
;A;TENAGA;;;;;;;;
;;Pekerja;L.01;OH;0,1;Rp93.000;Rp9.300,00;;;
;;Tukang kayu;L.02;OH;0,1;Rp98.000;Rp9.800,00;;;
;;Kepala tukang;L.03;OH;0,01;Rp106.000;Rp1.060,00;;;
;;Mandor;L.04;OH;0,005;Rp111.000;Rp555,00;;;
;;;;JUMLAH TENAGA KERJA;;;Rp20.715,00;;;
;B;BAHAN;;;;;;;;
;;Kayu 5/7;M.489; m3 ;0,014;Rp6.871.700;Rp96.203,80;;;
;;Reng (3 x 4) cm;M.644; m3 ;0,057;Rp2.470.000;Rp140.790,00;;;
;;Paku Biasa;M.200; Kg ;0,25;Rp18.000;Rp4.500,00;;;
;;;;JUMLAH HARGA BAHAN;;;Rp241.493,80;;;
;C;PERALATAN;;;;;;;;
;;;;JUMLAH HARGA ALAT;;;;;;
;D;Jumlah (A+B+C);;;;;Rp262.208,80;;;
;E;Overhead & Profit 9,5%;;;0,095;;Rp24.909,84;;;
PK17;F;Harga Satuan Pekerjaan (D+E);;;;;Rp287.118,64;17;;
;;;;;;;;;;
;Pemasangan 1 m2 rangka atap sirap, kayu kelas II;;;;;;;;;
;No;Uraian;Kode;Satuan;Koefisien;Harga Satuan;Jumlah Harga;;;
;A;TENAGA;;;;;;;;
;;Pekerja;L.01;OH;0,12;Rp93.000;Rp11.160,00;;;
;;Tukang kayu;L.02;OH;0,12;Rp98.000;Rp11.760,00;;;
;;Kepala tukang;L.03;OH;0,012;Rp106.000;Rp1.272,00;;;
;;Mandor;L.04;OH;0,006;Rp111.000;Rp666,00;;;
;;;;JUMLAH TENAGA KERJA;;;Rp24.858,00;;;
;B;BAHAN;;;;;;;;
;;Kayu kelas II;M.92; m3 ;0,014;Rp8.350.000;Rp116.900,00;;;
;;Paku Biasa;M.200; Kg ;0,057;Rp18.000;Rp1.026,00;;;
;;;;JUMLAH HARGA BAHAN;;;Rp117.926,00;;;
;C;PERALATAN;;;;;;;;
;;;;JUMLAH HARGA ALAT;;;;;;
;D;Jumlah (A+B+C);;;;;Rp142.784,00;;;
;E;Overhead & Profit 9,5%;;;0,095;;Rp13.564,48;;;
PK18;F;Harga Satuan Pekerjaan (D+E);;;;;Rp156.348,48;18;;
;;;;;;;;;;
;Pemasangan 1 m2 rangka langit-langit (50 x 100) cm, kayu kelas II atau III;;;;;;;;;
;No;Uraian;Kode;Satuan;Koefisien;Harga Satuan;Jumlah Harga;;;
;A;TENAGA;;;;;;;;
;;Pekerja;L.01;OH;0,15;Rp93.000;Rp13.950,00;;;
;;Tukang kayu;L.02;OH;0,3;Rp98.000;Rp29.400,00;;;
;;Kepala tukang;L.03;OH;0,03;Rp106.000;Rp3.180,00;;;
;;Mandor;L.04;OH;0,075;Rp111.000;Rp8.325,00;;;
;;;;JUMLAH TENAGA KERJA;;;Rp54.855,00;;;
;B;BAHAN;;;;;;;;
;;Kayu 5/7;M.489; m3 ;0,0154;Rp6.871.700;Rp105.824,18;;;
;;Paku Biasa;M.200; Kg ;0,2;Rp18.000;Rp3.600,00;;;
;;;;JUMLAH HARGA BAHAN;;;Rp109.424,18;;;
;C;PERALATAN;;;;;;;;
;;;;JUMLAH HARGA ALAT;;;;;;
;D;Jumlah (A+B+C);;;;;Rp164.279,18;;;
;E;Overhead & Profit 9,5%;;;0,095;;Rp15.606,52;;;
PK19;F;Harga Satuan Pekerjaan (D+E);;;;;Rp179.885,70;19;;
;;;;;;;;;;
;Pemasangan 1 m2 rangka langit-langit (60 x 60) cm, kayu kelas II atau III;;;;;;;;;
;No;Uraian;Kode;Satuan;Koefisien;Harga Satuan;Jumlah Harga;;;
;A;TENAGA;;;;;;;;
;;Pekerja;L.01;OH;0,2;Rp93.000;Rp18.600,00;;;
;;Tukang kayu;L.02;OH;0,3;Rp98.000;Rp29.400,00;;;
;;Kepala tukang;L.03;OH;0,03;Rp106.000;Rp3.180,00;;;
;;Mandor;L.04;OH;0,01;Rp111.000;Rp1.110,00;;;
;;;;JUMLAH TENAGA KERJA;;;Rp52.290,00;;;
;B;BAHAN;;;;;;;;
;;Kayu 5/7;M.489; m3 ;0,0163;Rp6.871.700;Rp112.008,71;;;
;;Paku Biasa;M.200; Kg ;0,25;Rp18.000;Rp4.500,00;;;
;;;;JUMLAH HARGA BAHAN;;;Rp116.508,71;;;
;C;PERALATAN;;;;;;;;
;;;;JUMLAH HARGA ALAT;;;;;;
;D;Jumlah (A+B+C);;;;;Rp168.798,71;;;
;E;Overhead & Profit 9,5%;;;0,095;;Rp16.035,88;;;
PK20;F;Harga Satuan Pekerjaan (D+E);;;;;Rp184.834,59;20;;
;;;;;;;;;;
;Pemasangan 1 m’ lisplank ukuran (3 x 20) cm, kayu kelas I atau kelas II;;;;;;;;;
;No;Uraian;Kode;Satuan;Koefisien;Harga Satuan;Jumlah Harga;;;
;A;TENAGA;;;;;;;;
;;Pekerja;L.01;OH;0,1;Rp93.000;Rp9.300,00;;;
;;Tukang kayu;L.02;OH;0,2;Rp98.000;Rp19.600,00;;;
;;Kepala tukang;L.03;OH;0,02;Rp106.000;Rp2.120,00;;;
;;Mandor;L.04;OH;0,005;Rp111.000;Rp555,00;;;
;;;;JUMLAH TENAGA KERJA;;;Rp31.575,00;;;
;B;BAHAN;;;;;;;;
;;Kayu Papan;M.80; m3 ;0,0108;Rp10.102.300;Rp109.104,84;;;
;;Paku Biasa;M.200; Kg ;0,1;Rp18.000;Rp1.800,00;;;
;;;;JUMLAH HARGA BAHAN;;;Rp110.904,84;;;
;C;PERALATAN;;;;;;;;
;;;;JUMLAH HARGA ALAT;;;;;;
;D;Jumlah (A+B+C);;;;;Rp142.479,84;;;
;E;Overhead & Profit 9,5%;;;0,095;;Rp13.535,58;;;
PK21;F;Harga Satuan Pekerjaan (D+E);;;;;Rp156.015,42;21;;
;;;;;;;;;;
;Pemasangan 1 m’ lisplank ukuran (3 x 30) cm, kayu kelas I atau kelas II;;;;;;;;;
;No;Uraian;Kode;Satuan;Koefisien;Harga Satuan;Jumlah Harga;;;
;A;TENAGA;;;;;;;;
;;Pekerja;L.01;OH;0,1;Rp93.000;Rp9.300,00;;;
;;Tukang kayu;L.02;OH;0,2;Rp98.000;Rp19.600,00;;;
;;Kepala tukang;L.03;OH;0,02;Rp106.000;Rp2.120,00;;;
;;Mandor;L.04;OH;0,005;Rp111.000;Rp555,00;;;
;;;;JUMLAH TENAGA KERJA;;;Rp31.575,00;;;
;B;BAHAN;;;;;;;;
;;Kayu Papan;M.80; m3 ;0,011;Rp10.102.300;Rp111.125,30;;;
;;Paku Biasa;M.200; Kg ;0,05;Rp18.000;Rp900,00;;;
;;;;JUMLAH HARGA BAHAN;;;Rp112.025,30;;;
;C;PERALATAN;;;;;;;;
;;;;JUMLAH HARGA ALAT;;;;;;
;D;Jumlah (A+B+C);;;;;Rp143.600,30;;;
;E;Overhead & Profit 9,5%;;;0,095;;Rp13.642,03;;;
PK22;F;Harga Satuan Pekerjaan (D+E);;;;;Rp157.242,33;22;;
;;;;;;;;;;
;Pemasangan 1 m2 rangka dinding pemisah (60 x 120) cm kayu kelas II atau III;;;;;;;;;
;No;Uraian;Kode;Satuan;Koefisien;Harga Satuan;Jumlah Harga;;;
;A;TENAGA;;;;;;;;
;;Pekerja;L.01;OH;0,15;Rp93.000;Rp13.950,00;;;
;;Tukang kayu;L.02;OH;0,45;Rp98.000;Rp44.100,00;;;
;;Kepala tukang;L.03;OH;0,045;Rp106.000;Rp4.770,00;;;
;;Mandor;L.04;OH;0,008;Rp111.000;Rp888,00;;;
;;;;JUMLAH TENAGA KERJA;;;Rp63.708,00;;;
;B;BAHAN;;;;;;;;
;;Balok kayu;M.79; m3 ;0,028;Rp8.811.600;Rp246.724,80;;;
;;Paku Biasa;M.200; Kg ;0,15;Rp18.000;Rp2.700,00;;;
;;;;JUMLAH HARGA BAHAN;;;Rp249.424,80;;;
;C;PERALATAN;;;;;;;;
;;;;JUMLAH HARGA ALAT;;;;;;
;D;Jumlah (A+B+C);;;;;Rp313.132,80;;;
;E;Overhead & Profit 9,5%;;;0,095;;Rp29.747,62;;;
PK23;F;Harga Satuan Pekerjaan (D+E);;;;;Rp342.880,42;23;;
;;;;;;;;;;
;Pemasangan 1 m2 dinding pemisah teakwood rangkap, rangka kayu kelas II;;;;;;;;;
;No;Uraian;Kode;Satuan;Koefisien;Harga Satuan;Jumlah Harga;;;
;A;TENAGA;;;;;;;;
;;Pekerja;L.01;OH;0,15;Rp93.000;Rp13.950,00;;;
;;Tukang kayu;L.02;OH;0,45;Rp98.000;Rp44.100,00;;;
;;Kepala tukang;L.03;OH;0,045;Rp106.000;Rp4.770,00;;;
;;Mandor;L.04;OH;0,008;Rp111.000;Rp888,00;;;
;;;;JUMLAH TENAGA KERJA;;;Rp63.708,00;;;
;B;BAHAN;;;;;;;;
;;Balok kayu, 6 x 12;M.79; m3 ;0,028;Rp8.811.600;Rp246.724,80;;;
;;Paku Biasa;M.200; Kg ;0,15;Rp18.000;Rp2.700,00;;;
;;Teakwood 4 mm, 120 x 240;M.645; Lembar ;0,86;Rp222.000;Rp190.920,00;;;
;;Lem Kayu/Karet;M.583; Kg ;0,56;Rp82.700;Rp46.312,00;;;
;;;;JUMLAH HARGA BAHAN;;;Rp486.656,80;;;
;C;PERALATAN;;;;;;;;
;;;;JUMLAH HARGA ALAT;;;;;;
;D;Jumlah (A+B+C);;;;;Rp550.364,80;;;
;E;Overhead & Profit 9,5%;;;0,095;;Rp52.284,66;;;
PK24;F;Harga Satuan Pekerjaan (D+E);;;;;Rp602.649,46;24;;
;;;;;;;;;;
;Pemasangan 1 m2 dinding pemisah plywood rangkap, rangka kayu kelas II;;;;;;;;;
;No;Uraian;Kode;Satuan;Koefisien;Harga Satuan;Jumlah Harga;;;
;A;TENAGA;;;;;;;;
;;Pekerja;L.01;OH;0,2;Rp93.000;Rp18.600,00;;;
;;Tukang kayu;L.02;OH;0,6;Rp98.000;Rp58.800,00;;;
;;Kepala tukang;L.03;OH;0,06;Rp106.000;Rp6.360,00;;;
;;Mandor;L.04;OH;0,01;Rp111.000;Rp1.110,00;;;
;;;;JUMLAH TENAGA KERJA;;;Rp84.870,00;;;
;B;BAHAN;;;;;;;;
;;Balok kayu, 6 x 12;M.79; m3 ;0,028;Rp8.811.600;Rp246.724,80;;;
;;Paku Biasa;M.200; Kg ;0,15;Rp18.000;Rp2.700,00;;;
;;Plywood 4 mm;M.102; Lembar ;0,86;Rp117.200;Rp100.792,00;;;
;;Lem Kayu/Karet;M.583; Kg ;0,56;Rp82.700;Rp46.312,00;;;
;;;;JUMLAH HARGA BAHAN;;;Rp396.528,80;;;
;C;PERALATAN;;;;;;;;
;;;;JUMLAH HARGA ALAT;;;;;;
;D;Jumlah (A+B+C);;;;;Rp481.398,80;;;
;E;Overhead & Profit 9,5%;;;0,095;;Rp45.732,89;;;
PK25;F;Harga Satuan Pekerjaan (D+E);;;;;Rp527.131,69;25;;
;;;;;;;;;;
;Pemasangan 1 m2 dinding lambrisering dari Kayu Papan kelas I;;;;;;;;;
;No;Uraian;Kode;Satuan;Koefisien;Harga Satuan;Jumlah Harga;;;
;A;TENAGA;;;;;;;;
;;Pekerja;L.01;OH;0,6;Rp93.000;Rp55.800,00;;;
;;Tukang kayu;L.02;OH;1,8;Rp98.000;Rp176.400,00;;;
;;Kepala tukang;L.03;OH;0,18;Rp106.000;Rp19.080,00;;;
;;Mandor;L.04;OH;0,03;Rp111.000;Rp3.330,00;;;
;;;;JUMLAH TENAGA KERJA;;;Rp254.610,00;;;
;B;BAHAN;;;;;;;;
;;Kayu Papan;M.80; m3 ;0,007;Rp10.102.300;Rp70.716,10;;;
;;Paku Biasa;M.200; Kg ;0,1;Rp18.000;Rp1.800,00;;;
;;Paku skrup;M.200; Kg ;0,15;Rp18.000;Rp2.700,00;;;
;;;;JUMLAH HARGA BAHAN;;;Rp75.216,10;;;
;C;PERALATAN;;;;;;;;
;;;;JUMLAH HARGA ALAT;;;;;;
;D;Jumlah (A+B+C);;;;;Rp329.826,10;;;
;E;Overhead & Profit 9,5%;;;0,095;;Rp31.333,48;;;
PK26;F;Harga Satuan Pekerjaan (D+E);;;;;Rp361.159,58;26;;
;;;;;;;;;;
;Pemasangan 1 m2 dinding lambrisering dari plywood ukuran (120 x 240) cm;;;;;;;;;
;No;Uraian;Kode;Satuan;Koefisien;Harga Satuan;Jumlah Harga;;;
;A;TENAGA;;;;;;;;
;;Pekerja;L.01;OH;0,025;Rp93.000;Rp2.325,00;;;
;;Tukang kayu;L.02;OH;0,075;Rp98.000;Rp7.350,00;;;
;;Kepala tukang;L.03;OH;0,008;Rp106.000;Rp848,00;;;
;;Mandor;L.04;OH;0,001;Rp111.000;Rp111,00;;;
;;;;JUMLAH TENAGA KERJA;;;Rp10.634,00;;;
;B;BAHAN;;;;;;;;
;;Plywood 4 mm;M.102; Lembar ;0,4;Rp117.200;Rp46.880,00;;;
;;Paku Biasa;M.200; Kg ;0,05;Rp18.000;Rp900,00;;;
;;;;JUMLAH HARGA BAHAN;;;Rp47.780,00;;;
;C;PERALATAN;;;;;;;;
;;;;JUMLAH HARGA ALAT;;;;;;
;D;Jumlah (A+B+C);;;;;Rp58.414,00;;;
;E;Overhead & Profit 9,5%;;;0,095;;Rp5.549,33;;;
PK27;F;Harga Satuan Pekerjaan (D+E);;;;;Rp63.963,33;27;;
;;;;;;;;;;
;Pemasangan 1 m2 dinding bilik, rangka kayu kelas III atau IV;;;;;;;;;
;No;Uraian;Kode;Satuan;Koefisien;Harga Satuan;Jumlah Harga;;;
;A;TENAGA;;;;;;;;
;;Pekerja;L.01;OH;0,1;Rp93.000;Rp9.300,00;;;
;;Tukang kayu;L.02;OH;0,05;Rp98.000;Rp4.900,00;;;
;;Kepala tukang;L.03;OH;0,005;Rp106.000;Rp530,00;;;
;;Mandor;L.04;OH;0,005;Rp111.000;Rp555,00;;;
;;;;JUMLAH TENAGA KERJA;;;Rp15.285,00;;;
;B;BAHAN;;;;;;;;
;;Bilik bambu;M.646; m2 ;1,5;Rp18.100;Rp27.150,00;;;
;;Kayu 5/7;M.489; m3 ;0,014;Rp6.871.700;Rp96.203,80;;;
;;Paku Biasa;M.200; Kg ;0,012;Rp18.000;Rp216,00;;;
;;List kayu 2/4;M.647; m3 ;0,003;Rp845.300;Rp2.535,90;;;
;;;;JUMLAH HARGA BAHAN;;;Rp126.105,70;;;
;C;PERALATAN;;;;;;;;
;;;;JUMLAH HARGA ALAT;;;;;;
;D;Jumlah (A+B+C);;;;;Rp141.390,70;;;
;E;Overhead & Profit 9,5%;;;0,095;;Rp13.432,12;;;
PK28;F;Harga Satuan Pekerjaan (D+E);;;;;Rp154.822,82;28;;
;;;;;;;;;;
;HARGA SATUAN PEKERJAAN KUNCI DAN KACA;;;;;;;;;
;Pemasangan 1 buah kunci tanam antik;;;;;;;;;
;No;Uraian;Kode;Satuan;Koefisien;Harga Satuan;Jumlah Harga;;;
;A;TENAGA;;;;;;;;
;;Pekerja;L.01;OH;0,06;Rp93.000;Rp5.580,00;;;
;;Tukang kayu;L.02;OH;0,6;Rp98.000;Rp58.800,00;;;
;;Kepala tukang;L.03;OH;0,06;Rp106.000;Rp6.360,00;;;
;;Mandor;L.04;OH;0,003;Rp111.000;Rp333,00;;;
;;;;JUMLAH TENAGA KERJA;;;Rp71.073,00;;;
;B;BAHAN;;;;;;;;
;;Kunci tanam antik;M.648; Bh ;1;Rp243.000;Rp243.000,00;;;
;;;;JUMLAH HARGA BAHAN;;;Rp243.000,00;;;
;C;PERALATAN;;;;;;;;
;;;;JUMLAH HARGA ALAT;;;;;;
;D;Jumlah (A+B+C);;;;;Rp314.073,00;;;
;E;Overhead & Profit 9,5%;;;0,095;;Rp29.836,94;;;
PKK1;F;Harga Satuan Pekerjaan (D+E);;;;;Rp343.909,94;1;;
;;;;;;;;;;
;Pemasangan 1 buah kunci tanam biasa;;;;;;;;;
;No;Uraian;Kode;Satuan;Koefisien;Harga Satuan;Jumlah Harga;;;
;A;TENAGA;;;;;;;;
;;Pekerja;L.01;OH;0,01;Rp93.000;Rp930,00;;;
;;Tukang kayu;L.02;OH;0,5;Rp98.000;Rp49.000,00;;;
;;Kepala tukang;L.03;OH;0,05;Rp106.000;Rp5.300,00;;;
;;Mandor;L.04;OH;0,005;Rp111.000;Rp555,00;;;
;;;;JUMLAH TENAGA KERJA;;;Rp55.785,00;;;
;B;BAHAN;;;;;;;;
;;Kunci tanam biasa;M.649; Bh ;1;Rp202.800;Rp202.800,00;;;
;;;;JUMLAH HARGA BAHAN;;;Rp202.800,00;;;
;C;PERALATAN;;;;;;;;
;;;;JUMLAH HARGA ALAT;;;;;;
;D;Jumlah (A+B+C);;;;;Rp258.585,00;;;
;E;Overhead & Profit 9,5%;;;0,095;;Rp24.565,58;;;
PKK2;F;Harga Satuan Pekerjaan (D+E);;;;;Rp283.150,58;2;;
;;;;;;;;;;
;Pemasangan 1 buah kunci kamar mandi;;;;;;;;;
;No;Uraian;Kode;Satuan;Koefisien;Harga Satuan;Jumlah Harga;;;
;A;TENAGA;;;;;;;;
;;Pekerja;L.01;OH;0,005;Rp93.000;Rp465,00;;;
;;Tukang kayu;L.02;OH;0,5;Rp98.000;Rp49.000,00;;;
;;Kepala tukang;L.03;OH;0,05;Rp106.000;Rp5.300,00;;;
;;Mandor;L.04;OH;0,003;Rp111.000;Rp333,00;;;
;;;;JUMLAH TENAGA KERJA;;;Rp55.098,00;;;
;B;BAHAN;;;;;;;;
;;Kunci tanam KM;M.650; Bh ;1;Rp252.600;Rp252.600,00;;;
;;;;JUMLAH HARGA BAHAN;;;Rp252.600,00;;;
;C;PERALATAN;;;;;;;;
;;;;JUMLAH HARGA ALAT;;;;;;
;D;Jumlah (A+B+C);;;;;Rp307.698,00;;;
;E;Overhead & Profit 9,5%;;;0,095;;Rp29.231,31;;;
PKK3;F;Harga Satuan Pekerjaan (D+E);;;;;Rp336.929,31;3;;
;;;;;;;;;;
;Pemasangan 1 buah kunci silinder;;;;;;;;;
;No;Uraian;Kode;Satuan;Koefisien;Harga Satuan;Jumlah Harga;;;
;A;TENAGA;;;;;;;;
;;Pekerja;L.01;OH;0,005;Rp93.000;Rp465,00;;;
;;Tukang kayu;L.02;OH;0,5;Rp98.000;Rp49.000,00;;;
;;Kepala tukang;L.03;OH;0,05;Rp106.000;Rp5.300,00;;;
;;Mandor;L.04;OH;0,003;Rp111.000;Rp333,00;;;
;;;;JUMLAH TENAGA KERJA;;;Rp55.098,00;;;
;B;BAHAN;;;;;;;;
;;Kunci silinder;M.651; Bh ;1;Rp227.800;Rp227.800,00;;;
;;;;JUMLAH HARGA BAHAN;;;Rp227.800,00;;;
;C;PERALATAN;;;;;;;;
;;;;JUMLAH HARGA ALAT;;;;;;
;D;Jumlah (A+B+C);;;;;Rp282.898,00;;;
;E;Overhead & Profit 9,5%;;;0,095;;Rp26.875,31;;;
PKK4;F;Harga Satuan Pekerjaan (D+E);;;;;Rp309.773,31;4;;
;;;;;;;;;;
;Pemasangan 1 buah engsel pintu;;;;;;;;;
;No;Uraian;Kode;Satuan;Koefisien;Harga Satuan;Jumlah Harga;;;
;A;TENAGA;;;;;;;;
;;Pekerja;L.01;OH;0,015;Rp93.000;Rp1.395,00;;;
;;Tukang kayu;L.02;OH;0,15;Rp98.000;Rp14.700,00;;;
;;Kepala tukang;L.03;OH;0,015;Rp106.000;Rp1.590,00;;;
;;Mandor;L.04;OH;0,0008;Rp111.000;Rp88,80;;;
;;;;JUMLAH TENAGA KERJA;;;Rp17.773,80;;;
;B;BAHAN;;;;;;;;
;;Engsel pintu;M.652; Bh ;1;Rp97.200;Rp97.200,00;;;
;;;;JUMLAH HARGA BAHAN;;;Rp97.200,00;;;
;C;PERALATAN;;;;;;;;
;;;;JUMLAH HARGA ALAT;;;;;;
;D;Jumlah (A+B+C);;;;;Rp114.973,80;;;
;E;Overhead & Profit 9,5%;;;0,095;;Rp10.922,51;;;
PKK5;F;Harga Satuan Pekerjaan (D+E);;;;;Rp125.896,31;5;;
;;;;;;;;;;
;Pemasangan 1 buah engsel jendela kupu-kupu;;;;;;;;;
;No;Uraian;Kode;Satuan;Koefisien;Harga Satuan;Jumlah Harga;;;
;A;TENAGA;;;;;;;;
;;Pekerja;L.01;OH;0,01;Rp93.000;Rp930,00;;;
;;Tukang kayu;L.02;OH;0,1;Rp98.000;Rp9.800,00;;;
;;Kepala tukang;L.03;OH;0,01;Rp106.000;Rp1.060,00;;;
;;Mandor;L.04;OH;0,0005;Rp111.000;Rp55,50;;;
;;;;JUMLAH TENAGA KERJA;;;Rp11.845,50;;;
;B;BAHAN;;;;;;;;
;;Engsel kupu-kupu;M.653; Bh ;1;Rp103.100;Rp103.100,00;;;
;;;;JUMLAH HARGA BAHAN;;;Rp103.100,00;;;
;C;PERALATAN;;;;;;;;
;;;;JUMLAH HARGA ALAT;;;;;;
;D;Jumlah (A+B+C);;;;;Rp114.945,50;;;
;E;Overhead & Profit 9,5%;;;0,095;;Rp10.919,82;;;
PKK6;F;Harga Satuan Pekerjaan (D+E);;;;;Rp125.865,32;6;;
;;;;;;;;;;
;Pemasangan 1 buah engsel angin;;;;;;;;;
;No;Uraian;Kode;Satuan;Koefisien;Harga Satuan;Jumlah Harga;;;
;A;TENAGA;;;;;;;;
;A;TENAGA;;;;;;;;
;;Pekerja;L.01;OH;0,1;Rp93.000;Rp9.300,00;;;
;;Tukang kayu;L.02;OH;0,2;Rp98.000;Rp19.600,00;;;
;;Kepala tukang;L.03;OH;0,02;Rp106.000;Rp2.120,00;;;
;;Mandor;L.04;OH;0,0005;Rp111.000;Rp55,50;;;
;;;;JUMLAH TENAGA KERJA;;;Rp31.075,50;;;
;B;BAHAN;;;;;;;;
;;Engsel angin;M.654; Bh ;1;Rp59.000;Rp59.000,00;;;
;;;;JUMLAH HARGA BAHAN;;;Rp59.000,00;;;
;C;PERALATAN;;;;;;;;
;;;;JUMLAH HARGA ALAT;;;;;;
;D;Jumlah (A+B+C);;;;;Rp90.075,50;;;
;E;Overhead & Profit 9,5%;;;0,095;;Rp8.557,17;;;
PKK7;F;Harga Satuan Pekerjaan (D+E);;;;;Rp98.632,67;7;;
;;;;;;;;;;
;Pemasangan 1 buah spring knip;;;;;;;;;
;No;Uraian;Kode;Satuan;Koefisien;Harga Satuan;Jumlah Harga;;;
;A;TENAGA;;;;;;;;
;A;TENAGA;;;;;;;;
;;Pekerja;L.01;OH;0,015;Rp93.000;Rp1.395,00;;;
;;Tukang kayu;L.02;OH;0,15;Rp98.000;Rp14.700,00;;;
;;Kepala tukang;L.03;OH;0,015;Rp106.000;Rp1.590,00;;;
;;Mandor;L.04;OH;0,008;Rp111.000;Rp888,00;;;
;;;;JUMLAH TENAGA KERJA;;;Rp18.573,00;;;
;B;BAHAN;;;;;;;;
;;Spring knip;M.656; Bh ;1;Rp26.900;Rp26.900,00;;;
;;;;JUMLAH HARGA BAHAN;;;Rp26.900,00;;;
;C;PERALATAN;;;;;;;;
;;;;JUMLAH HARGA ALAT;;;;;;
;D;Jumlah (A+B+C);;;;;Rp45.473,00;;;
;E;Overhead & Profit 9,5%;;;0,095;;Rp4.319,94;;;
PKK8;F;Harga Satuan Pekerjaan (D+E);;;;;Rp49.792,94;8;;
;;;;;;;;;;
;Pemasangan 1 buah kait angin;;;;;;;;;
;No;Uraian;Kode;Satuan;Koefisien;Harga Satuan;Jumlah Harga;;;
;A;TENAGA;;;;;;;;
;;Pekerja;L.01;OH;0,015;Rp93.000;Rp1.395,00;;;
;;Tukang kayu;L.02;OH;0,15;Rp98.000;Rp14.700,00;;;
;;Kepala tukang;L.03;OH;0,015;Rp106.000;Rp1.590,00;;;
;;Mandor;L.04;OH;0,008;Rp111.000;Rp888,00;;;
;;;;JUMLAH TENAGA KERJA;;;Rp18.573,00;;;
;B;BAHAN;;;;;;;;
;;Kait angin;M.655; Bh ;1;Rp6.000;Rp6.000,00;;;
;;;;JUMLAH HARGA BAHAN;;;Rp6.000,00;;;
;C;PERALATAN;;;;;;;;
;;;;JUMLAH HARGA ALAT;;;;;;
;D;Jumlah (A+B+C);;;;;Rp24.573,00;;;
;E;Overhead & Profit 9,5%;;;0,095;;Rp2.334,44;;;
PKK9;F;Harga Satuan Pekerjaan (D+E);;;;;Rp26.907,44;9;;
;;;;;;;;;;
;Pemasangan 1 buah door closer;;;;;;;;;
;No;Uraian;Kode;Satuan;Koefisien;Harga Satuan;Jumlah Harga;;;
;A;TENAGA;;;;;;;;
;;Pekerja;L.01;OH;0,05;Rp93.000;Rp4.650,00;;;
;;Tukang kayu;L.02;OH;0,5;Rp98.000;Rp49.000,00;;;
;;Kepala tukang;L.03;OH;0,05;Rp106.000;Rp5.300,00;;;
;;Mandor;L.04;OH;0,003;Rp111.000;Rp333,00;;;
;;;;JUMLAH TENAGA KERJA;;;Rp59.283,00;;;
;B;BAHAN;;;;;;;;
;;Door closer;M.657; set ;1;Rp194.200;Rp194.200,00;;;
;;;;JUMLAH HARGA BAHAN;;;Rp194.200,00;;;
;C;PERALATAN;;;;;;;;
;;;;JUMLAH HARGA ALAT;;;;;;
;D;Jumlah (A+B+C);;;;;Rp253.483,00;;;
;E;Overhead & Profit 9,5%;;;0,095;;Rp24.080,89;;;
PKK10;F;Harga Satuan Pekerjaan (D+E);;;;;Rp277.563,89;10;;
;;;;;;;;;;
;Pemasangan 1 buah kunci slot;;;;;;;;;
;No;Uraian;Kode;Satuan;Koefisien;Harga Satuan;Jumlah Harga;;;
;A;TENAGA;;;;;;;;
;;Pekerja;L.01;OH;0,02;Rp93.000;Rp1.860,00;;;
;;Tukang kayu;L.02;OH;0,2;Rp98.000;Rp19.600,00;;;
;;Kepala tukang;L.03;OH;0,02;Rp106.000;Rp2.120,00;;;
;;Mandor;L.04;OH;0,001;Rp111.000;Rp111,00;;;
;;;;JUMLAH TENAGA KERJA;;;Rp23.691,00;;;
;B;BAHAN;;;;;;;;
;;Kunci slot;M.658; Bh ;1;Rp234.100;Rp234.100,00;;;
;;;;JUMLAH HARGA BAHAN;;;Rp234.100,00;;;
;C;PERALATAN;;;;;;;;
;;;;JUMLAH HARGA ALAT;;;;;;
;D;Jumlah (A+B+C);;;;;Rp257.791,00;;;
;E;Overhead & Profit 9,5%;;;0,095;;Rp24.490,15;;;
PKK11;F;Harga Satuan Pekerjaan (D+E);;;;;Rp282.281,15;11;;
;;;;;;;;;;
;Pemasangan 1 buah Door holder;;;;;;;;;
;No;Uraian;Kode;Satuan;Koefisien;Harga Satuan;Jumlah Harga;;;
;A;TENAGA;;;;;;;;
;;Pekerja;L.01;OH;0,05;Rp93.000;Rp4.650,00;;;
;;Tukang kayu;L.02;OH;0,5;Rp98.000;Rp49.000,00;;;
;;Kepala tukang;L.03;OH;0,05;Rp106.000;Rp5.300,00;;;
;;Mandor;L.04;OH;0,003;Rp111.000;Rp333,00;;;
;;;;JUMLAH TENAGA KERJA;;;Rp59.283,00;;;
;B;BAHAN;;;;;;;;
;;Door holder;M.659; Bh ;1;Rp119.000;Rp119.000,00;;;
;;;;JUMLAH HARGA BAHAN;;;Rp119.000,00;;;
;C;PERALATAN;;;;;;;;
;;;;JUMLAH HARGA ALAT;;;;;;
;D;Jumlah (A+B+C);;;;;Rp178.283,00;;;
;E;Overhead & Profit 9,5%;;;0,095;;Rp16.936,89;;;
PKK12;F;Harga Satuan Pekerjaan (D+E);;;;;Rp195.219,89;12;;
;;;;;;;;;;
;Pemasangan 1 buah door stop;;;;;;;;;
;No;Uraian;Kode;Satuan;Koefisien;Harga Satuan;Jumlah Harga;;;
;A;TENAGA;;;;;;;;
;;Pekerja;L.01;OH;0,01;Rp93.000;Rp930,00;;;
;;Tukang kayu;L.02;OH;0,1;Rp98.000;Rp9.800,00;;;
;;Kepala tukang;L.03;OH;0,01;Rp106.000;Rp1.060,00;;;
;;Mandor;L.04;OH;0,005;Rp111.000;Rp555,00;;;
;;;;JUMLAH TENAGA KERJA;;;Rp12.345,00;;;
;B;BAHAN;;;;;;;;
;;Door stop;M.660; Bh ;1;Rp96.300;Rp96.300,00;;;
;;;;JUMLAH HARGA BAHAN;;;Rp96.300,00;;;
;C;PERALATAN;;;;;;;;
;;;;JUMLAH HARGA ALAT;;;;;;
;D;Jumlah (A+B+C);;;;;Rp108.645,00;;;
;E;Overhead & Profit 9,5%;;;0,095;;Rp10.321,28;;;
PKK13;F;Harga Satuan Pekerjaan (D+E);;;;;Rp118.966,28;13;;
;;;;;;;;;;
;Pemasangan 1 buah Rrel pintu sorong;;;;;;;;;
;No;Uraian;Kode;Satuan;Koefisien;Harga Satuan;Jumlah Harga;;;
;A;TENAGA;;;;;;;;
;;Pekerja;L.01;OH;0,06;Rp93.000;Rp5.580,00;;;
;;Tukang kayu;L.02;OH;0,6;Rp98.000;Rp58.800,00;;;
;;Kepala tukang;L.03;OH;0,06;Rp106.000;Rp6.360,00;;;
;;Mandor;L.04;OH;0,003;Rp111.000;Rp333,00;;;
;;;;JUMLAH TENAGA KERJA;;;Rp71.073,00;;;
;B;BAHAN;;;;;;;;
;;Rel pintu sorong;M.661; Set ;1;Rp79.900;Rp79.900,00;;;
;;;;JUMLAH HARGA BAHAN;;;Rp79.900,00;;;
;C;PERALATAN;;;;;;;;
;;;;JUMLAH HARGA ALAT;;;;;;
;D;Jumlah (A+B+C);;;;;Rp150.973,00;;;
;E;Overhead & Profit 9,5%;;;0,095;;Rp14.342,44;;;
PKK14;F;Harga Satuan Pekerjaan (D+E);;;;;Rp165.315,44;14;;
;;;;;;;;;;
;Pemasangan 1 buah kunci lemari;;;;;;;;;
;No;Uraian;Kode;Satuan;Koefisien;Harga Satuan;Jumlah Harga;;;
;A;TENAGA;;;;;;;;
;;Pekerja;L.01;OH;0,025;Rp93.000;Rp2.325,00;;;
;;Tukang kayu;L.02;OH;0,25;Rp98.000;Rp24.500,00;;;
;;Kepala tukang;L.03;OH;0,025;Rp106.000;Rp2.650,00;;;
;;Mandor;L.04;OH;0,0013;Rp111.000;Rp144,30;;;
;;;;JUMLAH TENAGA KERJA;;;Rp29.619,30;;;
;B;BAHAN;;;;;;;;
;;Kunci lemari;M.662; Set ;1;Rp133.800;Rp133.800,00;;;
;;;;JUMLAH HARGA BAHAN;;;Rp133.800,00;;;
;C;PERALATAN;;;;;;;;
;;;;JUMLAH HARGA ALAT;;;;;;
;D;Jumlah (A+B+C);;;;;Rp163.419,30;;;
;E;Overhead & Profit 9,5%;;;0,095;;Rp15.524,83;;;
PKK15;F;Harga Satuan Pekerjaan (D+E);;;;;Rp178.944,13;15;;
;;;;;;;;;;
;Pemasangan 1 m2 kaca tebal 3 mm;;;;;;;;;
;No;Uraian;Kode;Satuan;Koefisien;Harga Satuan;Jumlah Harga;;;
;A;TENAGA;;;;;;;;
;;Pekerja;L.01;OH;0,015;Rp93.000;Rp1.395,00;;;
;;Tukang kayu;L.02;OH;0,15;Rp98.000;Rp14.700,00;;;
;;Kepala tukang;L.03;OH;0,015;Rp106.000;Rp1.590,00;;;
;;Mandor;L.04;OH;0,0008;Rp111.000;Rp88,80;;;
;;;;JUMLAH TENAGA KERJA;;;Rp17.773,80;;;
;B;BAHAN;;;;;;;;
;;Kaca tebal 3mm;M.663; m2 ;1,1;Rp141.500;Rp155.650,00;;;
;;SEalant;M.518; Tube ;0,05;Rp53.300;Rp2.665,00;;;
;;;;JUMLAH HARGA BAHAN;;;Rp158.315,00;;;
;C;PERALATAN;;;;;;;;
;;;;JUMLAH HARGA ALAT;;;;;;
;D;Jumlah (A+B+C);;;;;Rp176.088,80;;;
;E;Overhead & Profit 9,5%;;;0,095;;Rp16.728,44;;;
PKK16;F;Harga Satuan Pekerjaan (D+E);;;;;Rp192.817,24;16;;
;;;;;;;;;;
;Pemasangan 1 m2 kaca tebal 5 mm;;;;;;;;;
;No;Uraian;Kode;Satuan;Koefisien;Harga Satuan;Jumlah Harga;;;
;A;TENAGA;;;;;;;;
;;Pekerja;L.01;OH;0,015;Rp93.000;Rp1.395,00;;;
;;Tukang kayu;L.02;OH;0,15;Rp98.000;Rp14.700,00;;;
;;Kepala tukang;L.03;OH;0,015;Rp106.000;Rp1.590,00;;;
;;Mandor;L.04;OH;0,0008;Rp111.000;Rp88,80;;;
;;;;JUMLAH TENAGA KERJA;;;Rp17.773,80;;;
;B;BAHAN;;;;;;;;
;;Kaca tebal 5 mm;M.664; m2 ;1,1;Rp189.500;Rp208.450,00;;;
;;SEalant;M.518; Tube ;0,05;Rp53.300;Rp2.665,00;;;
;;;;JUMLAH HARGA BAHAN;;;Rp211.115,00;;;
;C;PERALATAN;;;;;;;;
;;;;JUMLAH HARGA ALAT;;;;;;
;D;Jumlah (A+B+C);;;;;Rp228.888,80;;;
;E;Overhead & Profit 9,5%;;;0,095;;Rp21.744,44;;;
PKK17;F;Harga Satuan Pekerjaan (D+E);;;;;Rp250.633,24;17;;
;;;;;;;;;;
;Pemasangan 1 m2 kaca tebal 8 mm;;;;;;;;;
;No;Uraian;Kode;Satuan;Koefisien;Harga Satuan;Jumlah Harga;;;
;A;TENAGA;;;;;;;;
;;Pekerja;L.01;OH;0,017;Rp93.000;Rp1.581,00;;;
;;Tukang kayu;L.02;OH;0,17;Rp98.000;Rp16.660,00;;;
;;Kepala tukang;L.03;OH;0,017;Rp106.000;Rp1.802,00;;;
;;Mandor;L.04;OH;0,0009;Rp111.000;Rp99,90;;;
;;;;JUMLAH TENAGA KERJA;;;Rp20.142,90;;;
;B;BAHAN;;;;;;;;
;;Kaca tebal 8 mm;M.665; m2 ;1,1;Rp369.500;Rp406.450,00;;;
;;SEalant;M.518; Tube ;0,07;Rp53.300;Rp3.731,00;;;
;;;;JUMLAH HARGA BAHAN;;;Rp410.181,00;;;
;C;PERALATAN;;;;;;;;
;;;;JUMLAH HARGA ALAT;;;;;;
;D;Jumlah (A+B+C);;;;;Rp430.323,90;;;
;E;Overhead & Profit 9,5%;;;0,095;;Rp40.880,77;;;
PKK18;F;Harga Satuan Pekerjaan (D+E);;;;;Rp471.204,67;18;;
;;;;;;;;;;
;Pemasangan 1 m2 kaca buram tebal 12 mm;;;;;;;;;
;No;Uraian;Kode;Satuan;Koefisien;Harga Satuan;Jumlah Harga;;;
;A;TENAGA;;;;;;;;
;;Pekerja;L.01;OH;0,025;Rp93.000;Rp2.325,00;;;
;;Tukang kayu;L.02;OH;0,25;Rp98.000;Rp24.500,00;;;
;;Kepala tukang;L.03;OH;0,025;Rp106.000;Rp2.650,00;;;
;;Mandor;L.04;OH;0,0013;Rp111.000;Rp144,30;;;
;;;;JUMLAH TENAGA KERJA;;;Rp29.619,30;;;
;B;BAHAN;;;;;;;;
;;Kaca buram 12 mm;M.670; m2 ;1,1;Rp474.000;Rp521.400,00;;;
;;SEalant;M.518; Tube ;0,07;Rp53.300;Rp3.731,00;;;
;;;;JUMLAH HARGA BAHAN;;;Rp525.131,00;;;
;C;PERALATAN;;;;;;;;
;;;;JUMLAH HARGA ALAT;;;;;;
;D;Jumlah (A+B+C);;;;;Rp554.750,30;;;
;E;Overhead & Profit 9,5%;;;0,095;;Rp52.701,28;;;
PKK19;F;Harga Satuan Pekerjaan (D+E);;;;;Rp607.451,58;19;;
;;;;;;;;;;
;Pemasangan 1 m2 kaca cermin tebal 5 mm;;;;;;;;;
;No;Uraian;Kode;Satuan;Koefisien;Harga Satuan;Jumlah Harga;;;
;A;TENAGA;;;;;;;;
;;Pekerja;L.01;OH;0,015;Rp93.000;Rp1.395,00;;;
;;Tukang kayu;L.02;OH;0,15;Rp98.000;Rp14.700,00;;;
;;Kepala tukang;L.03;OH;0,015;Rp106.000;Rp1.590,00;;;
;;Mandor;L.04;OH;0,008;Rp111.000;Rp888,00;;;
;;;;JUMLAH TENAGA KERJA;;;Rp18.573,00;;;
;B;BAHAN;;;;;;;;
;;Kaca cermin 5 mm;M.666; m2 ;1,1;Rp203.100;Rp223.410,00;;;
;;;;JUMLAH HARGA BAHAN;;;Rp223.410,00;;;
;C;PERALATAN;;;;;;;;
;;;;JUMLAH HARGA ALAT;;;;;;
;D;Jumlah (A+B+C);;;;;Rp241.983,00;;;
;E;Overhead & Profit 9,5%;;;0,095;;Rp22.988,39;;;
PKK20;F;Harga Satuan Pekerjaan (D+E);;;;;Rp264.971,39;20;;
;;;;;;;;;;
;Pemasangan 1 m2 kaca cermin tebal 8 mm;;;;;;;;;
;No;Uraian;Kode;Satuan;Koefisien;Harga Satuan;Jumlah Harga;;;
;A;TENAGA;;;;;;;;
;;Pekerja;L.01;OH;0,017;Rp93.000;Rp1.581,00;;;
;;Tukang kayu;L.02;OH;0,17;Rp98.000;Rp16.660,00;;;
;;Kepala tukang;L.03;OH;0,017;Rp106.000;Rp1.802,00;;;
;;Mandor;L.04;OH;0,009;Rp111.000;Rp999,00;;;
;;;;JUMLAH TENAGA KERJA;;;Rp21.042,00;;;
;B;BAHAN;;;;;;;;
;;Kaca cermin 8 mm;M.667; m2 ;1,1;Rp378.800;Rp416.680,00;;;
;;;;JUMLAH HARGA BAHAN;;;Rp416.680,00;;;
;C;PERALATAN;;;;;;;;
;;;;JUMLAH HARGA ALAT;;;;;;
;D;Jumlah (A+B+C);;;;;Rp437.722,00;;;
;E;Overhead & Profit 9,5%;;;0,095;;Rp41.583,59;;;
PKK21;F;Harga Satuan Pekerjaan (D+E);;;;;Rp479.305,59;21;;
;;;;;;;;;;
;Pemasangan 1 m2 kaca wireglassed tebal 5 mm;;;;;;;;;
;No;Uraian;Kode;Satuan;Koefisien;Harga Satuan;Jumlah Harga;;;
;A;TENAGA;;;;;;;;
;;Pekerja;L.01;OH;0,015;Rp93.000;Rp1.395,00;;;
;;Tukang kayu;L.02;OH;0,15;Rp98.000;Rp14.700,00;;;
;;Kepala tukang;L.03;OH;0,015;Rp106.000;Rp1.590,00;;;
;;Mandor;L.04;OH;0,008;Rp111.000;Rp888,00;;;
;;;;JUMLAH TENAGA KERJA;;;Rp18.573,00;;;
;B;BAHAN;;;;;;;;
;;Kaca wireglassed 5mm;M.668; m2 ;1,1;Rp192.400;Rp211.640,00;;;
;;;;JUMLAH HARGA BAHAN;;;Rp211.640,00;;;
;C;PERALATAN;;;;;;;;
;;;;JUMLAH HARGA ALAT;;;;;;
;D;Jumlah (A+B+C);;;;;Rp230.213,00;;;
;E;Overhead & Profit 9,5%;;;0,095;;Rp21.870,24;;;
PKK22;F;Harga Satuan Pekerjaan (D+E);;;;;Rp252.083,24;22;;
;;;;;;;;;;
;Pemasangan 1 m2 kaca patri tebal 5 mm;;;;;;;;;
;No;Uraian;Kode;Satuan;Koefisien;Harga Satuan;Jumlah Harga;;;
;A;TENAGA;;;;;;;;
;;Pekerja;L.01;OH;0,075;Rp93.000;Rp6.975,00;;;
;;Tukang kayu;L.02;OH;0,15;Rp98.000;Rp14.700,00;;;
;;Kepala tukang;L.03;OH;0,015;Rp106.000;Rp1.590,00;;;
;;Mandor;L.04;OH;0,004;Rp111.000;Rp444,00;;;
;;;;JUMLAH TENAGA KERJA;;;Rp23.709,00;;;
;B;BAHAN;;;;;;;;
;;Kaca patri 5mm;M.669; m2 ;1,1;Rp189.800;Rp208.780,00;;;
;;Sealant;M.518; Tube ;0,05;Rp53.300;Rp2.665,00;;;
;;;;JUMLAH HARGA BAHAN;;;Rp211.445,00;;;
;C;PERALATAN;;;;;;;;
;;;;JUMLAH HARGA ALAT;;;;;;
;D;Jumlah (A+B+C);;;;;Rp235.154,00;;;
;E;Overhead & Profit 9,5%;;;0,095;;Rp22.339,63;;;
PKK23;F;Harga Satuan Pekerjaan (D+E);;;;;Rp257.493,63;23;;
;;;;;;;;;;
;HARGA SATUAN PEKERJAAN PENGECATAN;;;;;;;;;
;Pengikisan/pengerokan 1 m2 permukaan cat lama;;;;;;;;;
;No;Uraian;Kode;Satuan;Koefisien;Harga Satuan;Jumlah Harga;;;
;A;TENAGA;;;;;;;;
;;Pekerja;L.01;OH;0,15;Rp93.000;Rp13.950,00;;;
;;Mandor;L.04;OH;0,003;Rp111.000;Rp333,00;;;
;;;;JUMLAH TENAGA KERJA;;;Rp14.283,00;;;
;B;BAHAN;;;;;;;;
;;Soda api;M.671; Kg ;0,05;Rp27.200;Rp1.360,00;;;
;;;;JUMLAH HARGA BAHAN;;;Rp1.360,00;;;
;C;PERALATAN;;;;;;;;
;;;;JUMLAH HARGA ALAT;;;;;;
;D;Jumlah (A+B+C);;;;;Rp15.643,00;;;
;E;Overhead & Profit 9,5%;;;0,095;;Rp1.486,09;;;
PC1;F;Harga Satuan Pekerjaan (D+E);;;;;Rp17.129,09;1;;
;;;;;;;;;;
;Pencucian 1 m2 bidang permukaan tembok yang pernah dicat;;;;;;;;;
;No;Uraian;Kode;Satuan;Koefisien;Harga Satuan;Jumlah Harga;;;
;A;TENAGA;;;;;;;;
;;Pekerja;L.01;OH;0,15;Rp93.000;Rp13.950,00;;;
;;Mandor;L.04;OH;0,003;Rp111.000;Rp333,00;;;
;;;;JUMLAH TENAGA KERJA;;;Rp14.283,00;;;
;B;BAHAN;;;;;;;;
;;Sabun;M.672; Kg ;0,05;Rp12.900;Rp645,00;;;
;;;;JUMLAH HARGA BAHAN;;;Rp645,00;;;
;C;PERALATAN;;;;;;;;
;;;;JUMLAH HARGA ALAT;;;;;;
;D;Jumlah (A+B+C);;;;;Rp14.928,00;;;
;E;Overhead & Profit 9,5%;;;0,095;;Rp1.418,16;;;
PC2;F;Harga Satuan Pekerjaan (D+E);;;;;Rp16.346,16;2;;
;;;;;;;;;;
;Pengerokan 1 m2 karat pada permukaan baja cara manual;;;;;;;;;
;No;Uraian;Kode;Satuan;Koefisien;Harga Satuan;Jumlah Harga;;;
;A;TENAGA;;;;;;;;
;;Pekerja;L.01;OH;0,15;Rp93.000;Rp13.950,00;;;
;;Mandor;L.04;OH;0,008;Rp111.000;Rp888,00;;;
;;;;JUMLAH TENAGA KERJA;;;Rp14.838,00;;;
;B;BAHAN;;;;;;;;
;;Sabun;M.672; Kg ;0,05;Rp12.900;Rp645,00;;;
;;;;JUMLAH HARGA BAHAN;;;Rp645,00;;;
;C;PERALATAN;;;;;;;;
;;;;JUMLAH HARGA ALAT;;;;;;
;D;Jumlah (A+B+C);;;;;Rp15.483,00;;;
;E;Overhead & Profit 9,5%;;;0,095;;Rp1.470,89;;;
PC3;F;Harga Satuan Pekerjaan (D+E);;;;;Rp16.953,89;3;;
;;;;;;;;;;
;Pengecatan 1 m2 bidang kayu baru (1 lapis plamuur, 1 lapis cat dasar, 2 lapis cat penutup);;;;;;;;;
;No;Uraian;Kode;Satuan;Koefisien;Harga Satuan;Jumlah Harga;;;
;A;TENAGA;;;;;;;;
;;Pekerja;L.01;OH;0,07;Rp93.000;Rp6.510,00;;;
;;Tukang cat;L.02;OH;0,009;Rp98.000;Rp882,00;;;
;;Kepala tukang;L.03;OH;0,006;Rp106.000;Rp636,00;;;
;;Mandor;L.04;OH;0,003;Rp111.000;Rp333,00;;;
;;;;JUMLAH TENAGA KERJA;;;Rp8.361,00;;;
;B;BAHAN;;;;;;;;
;;Cat menie;M.369; Kg ;0,2;Rp64.300;Rp12.860,00;;;
;;Plamuur;M.483; Kg ;0,15;Rp43.800;Rp6.570,00;;;
;;Cat dasar Kayu;M.368; Kg ;0,17;Rp81.400;Rp13.838,00;;;
;;Cat Penutup Kayu;M.368; Kg ;0,26;Rp81.400;Rp21.164,00;;;
;;Kuas;M.435; Buah ;0,01;Rp16.800;Rp168,00;;;
;;Pengencer;M.673; Kg ;0,03;Rp49.700;Rp1.491,00;;;
;;Ampelas;M.04; m' ;0,2;Rp13.000;Rp2.600,00;;;
;;;;JUMLAH HARGA BAHAN;;;Rp58.691,00;;;
;C;PERALATAN;;;;;;;;
;;;;JUMLAH HARGA ALAT;;;;;;
;D;Jumlah (A+B+C);;;;;Rp67.052,00;;;
;E;Overhead & Profit 9,5%;;;0,095;;Rp6.369,94;;;
PC4;F;Harga Satuan Pekerjaan (D+E);;;;;Rp73.421,94;4;;
;;;;;;;;;;
;Pengecatan 1 m2 bidang kayu baru (1 lapis plamuur, 1 lapis cat dasar, 3 lapis cat Penutup);;;;;;;;;
;No;Uraian;Kode;Satuan;Koefisien;Harga Satuan;Jumlah Harga;;;
;A;TENAGA;;;;;;;;
;;Pekerja;L.01;OH;0,07;Rp93.000;Rp6.510,00;;;
;;Tukang cat;L.02;OH;0,105;Rp98.000;Rp10.290,00;;;
;;Kepala tukang;L.03;OH;0,004;Rp106.000;Rp424,00;;;
;;Mandor;L.04;OH;0,003;Rp111.000;Rp333,00;;;
;;;;JUMLAH TENAGA KERJA;;;Rp17.557,00;;;
;B;BAHAN;;;;;;;;
;;Cat menie;M.369; Kg ;0,2;Rp64.300;Rp12.860,00;;;
;;Plamuur;M.483; Kg ;0,15;Rp43.800;Rp6.570,00;;;
;;Cat dasar Kayu;M.368; Kg ;0,17;Rp81.400;Rp13.838,00;;;
;;Cat Penutup Kayu;M.368; Kg ;0,35;Rp81.400;Rp28.490,00;;;
;;Kuas;M.435; Buah ;0,01;Rp16.800;Rp168,00;;;
;;Pengencer;M.673; Kg ;0,03;Rp49.700;Rp1.491,00;;;
;;Ampelas;M.04; m' ;0,2;Rp13.000;Rp2.600,00;;;
;;;;JUMLAH HARGA BAHAN;;;Rp66.017,00;;;
;C;PERALATAN;;;;;;;;
;;;;JUMLAH HARGA ALAT;;;;;;
;D;Jumlah (A+B+C);;;;;Rp83.574,00;;;
;E;Overhead & Profit 9,5%;;;0,095;;Rp7.939,53;;;
PC5;F;Harga Satuan Pekerjaan (D+E);;;;;Rp91.513,53;5;;
;;;;;;;;;;
;Pelaburan 1 m2 bidang kayu dengan teak oil;;;;;;;;;
;No;Uraian;Kode;Satuan;Koefisien;Harga Satuan;Jumlah Harga;;;
;A;TENAGA;;;;;;;;
;;Pekerja;L.01;OH;0,04;Rp93.000;Rp3.720,00;;;
;;Tukang cat;L.02;OH;0,063;Rp98.000;Rp6.174,00;;;
;;Kepala tukang;L.03;OH;0,063;Rp106.000;Rp6.678,00;;;
;;Mandor;L.04;OH;0,003;Rp111.000;Rp333,00;;;
;;;;JUMLAH TENAGA KERJA;;;Rp16.905,00;;;
;B;BAHAN;;;;;;;;
;;Teak oil;M.674; L ;0,36;Rp9.700;Rp3.492,00;;;
;;;;JUMLAH HARGA BAHAN;;;Rp3.492,00;;;
;C;PERALATAN;;;;;;;;
;;;;JUMLAH HARGA ALAT;;;;;;
;D;Jumlah (A+B+C);;;;;Rp20.397,00;;;
;E;Overhead & Profit 9,5%;;;0,095;;Rp1.937,72;;;
PC6;F;Harga Satuan Pekerjaan (D+E);;;;;Rp22.334,72;6;;
;;;;;;;;;;
;Pelaburan 1 m2 bidang kayu dengan politur;;;;;;;;;
;No;Uraian;Kode;Satuan;Koefisien;Harga Satuan;Jumlah Harga;;;
;A;TENAGA;;;;;;;;
;;Pekerja;L.01;OH;0,04;Rp93.000;Rp3.720,00;;;
;;Tukang cat;L.02;OH;0,06;Rp98.000;Rp5.880,00;;;
;;Kepala tukang;L.03;OH;0,016;Rp106.000;Rp1.696,00;;;
;;Mandor;L.04;OH;0,003;Rp111.000;Rp333,00;;;
;;;;JUMLAH TENAGA KERJA;;;Rp11.629,00;;;
;B;BAHAN;;;;;;;;
;;Politur;M.675; L ;0,15;Rp105.800;Rp15.870,00;;;
;;Politur jadi;M.676; L ;0,372;Rp121.100;Rp45.049,20;;;
;;Ampelas;M.04; m' ;2;Rp13.000;Rp26.000,00;;;
;;;;JUMLAH HARGA BAHAN;;;Rp86.919,20;;;
;C;PERALATAN;;;;;;;;
;;;;JUMLAH HARGA ALAT;;;;;;
;D;Jumlah (A+B+C);;;;;Rp98.548,20;;;
;E;Overhead & Profit 9,5%;;;0,095;;Rp9.362,08;;;
PC7;F;Harga Satuan Pekerjaan (D+E);;;;;Rp107.910,28;7;;
;;;;;;;;;;
;Pelaburan 1 m2 bidang kayu dengan cat residu dan ter;;;;;;;;;
;No;Uraian;Kode;Satuan;Koefisien;Harga Satuan;Jumlah Harga;;;
;A;TENAGA;;;;;;;;
;;Pekerja;L.01;OH;0,1;Rp93.000;Rp9.300,00;;;
;;Mandor;L.04;OH;0,006;Rp111.000;Rp666,00;;;
;;;;JUMLAH TENAGA KERJA;;;Rp9.966,00;;;
;B;BAHAN;;;;;;;;
;;Residu atau ter;M.490; Liter ;0,35;Rp14.500;Rp5.075,00;;;
;;;;JUMLAH HARGA BAHAN;;;Rp5.075,00;;;
;C;PERALATAN;;;;;;;;
;;;;JUMLAH HARGA ALAT;;;;;;
;D;Jumlah (A+B+C);;;;;Rp15.041,00;;;
;E;Overhead & Profit 9,5%;;;0,095;;Rp1.428,90;;;
PC8;F;Harga Satuan Pekerjaan (D+E);;;;;Rp16.469,90;8;;
;;;;;;;;;;
;Pelaburan 1 m2 bidang kayu dengan vernis;;;;;;;;;
;No;Uraian;Kode;Satuan;Koefisien;Harga Satuan;Jumlah Harga;;;
;A;TENAGA;;;;;;;;
;;Pekerja;L.01;OH;0,16;Rp93.000;Rp14.880,00;;;
;;Tukang cat;L.02;OH;0,16;Rp98.000;Rp15.680,00;;;
;;Kepala tukang;L.03;OH;0,016;Rp106.000;Rp1.696,00;;;
;;Mandor;L.04;OH;0,003;Rp111.000;Rp333,00;;;
;;;;JUMLAH TENAGA KERJA;;;Rp32.589,00;;;
;B;BAHAN;;;;;;;;
;;Vernis;M.677; L ;0,15;Rp45.700;Rp6.855,00;;;
;;Dempul;M.678; Kg ;0,05;Rp47.100;Rp2.355,00;;;
;;Ampelas;M.04; m' ;0,1;Rp13.000;Rp1.300,00;;;
;;;;JUMLAH HARGA BAHAN;;;Rp10.510,00;;;
;C;PERALATAN;;;;;;;;
;;;;JUMLAH HARGA ALAT;;;;;;
;D;Jumlah (A+B+C);;;;;Rp43.099,00;;;
;E;Overhead & Profit 9,5%;;;0,095;;Rp4.094,41;;;
PC9;F;Harga Satuan Pekerjaan (D+E);;;;;Rp47.193,41;9;;
;;;;;;;;;;
;Pengecatan 1 m2 tembok baru ( 1lapis plamuur, 1 lapis cat dasar, 2 lapis cat penutup);;;;;;;;;
;No;Uraian;Kode;Satuan;Koefisien;Harga Satuan;Jumlah Harga;;;
;A;TENAGA;;;;;;;;
;;Pekerja;L.01;OH;0,02;Rp93.000;Rp1.860,00;;;
;;Tukang cat;L.02;OH;0,063;Rp98.000;Rp6.174,00;;;
;;Kepala tukang;L.03;OH;0,0063;Rp106.000;Rp667,80;;;
;;Mandor;L.04;OH;0,003;Rp111.000;Rp333,00;;;
;;;;JUMLAH TENAGA KERJA;;;Rp9.034,80;;;
;B;BAHAN;;;;;;;;
;;Plamuur;M.483; Kg ;0,1;Rp43.800;Rp4.380,00;;;
;;Cat dasar Tembok;M.370; Kg ;0,1;Rp53.800;Rp5.380,00;;;
;;Cat Penutup Tembok;M.370; Kg ;0,26;Rp53.800;Rp13.988,00;;;
;;;;JUMLAH HARGA BAHAN;;;Rp23.748,00;;;
;C;PERALATAN;;;;;;;;
;;;;JUMLAH HARGA ALAT;;;;;;
;D;Jumlah (A+B+C);;;;;Rp32.782,80;;;
;E;Overhead & Profit 9,5%;;;0,095;;Rp3.114,37;;;
PC10;F;Harga Satuan Pekerjaan (D+E);;;;;Rp35.897,17;10;;
;;;;;;;;;;
;Pengecatan 1 m2 tembok lama ( 1 lapis cat dasar, 2 lapis cat penutup);;;;;;;;;
;No;Uraian;Kode;Satuan;Koefisien;Harga Satuan;Jumlah Harga;;;
;A;TENAGA;;;;;;;;
;;Pekerja;L.01;OH;0,028;Rp93.000;Rp2.604,00;;;
;;Tukang cat;L.02;OH;0,042;Rp98.000;Rp4.116,00;;;
;;Kepala tukang;L.03;OH;0,0042;Rp106.000;Rp445,20;;;
;;Mandor;L.04;OH;0,003;Rp111.000;Rp333,00;;;
;;;;JUMLAH TENAGA KERJA;;;Rp7.498,20;;;
;B;BAHAN;;;;;;;;
;;Cat dasar Tembok;M.370; Kg ;0,12;Rp53.800;Rp6.456,00;;;
;;Cat Penutup Tembok;M.370; Kg ;0,18;Rp53.800;Rp9.684,00;;;
;;;;JUMLAH HARGA BAHAN;;;Rp16.140,00;;;
;C;PERALATAN;;;;;;;;
;;;;JUMLAH HARGA ALAT;;;;;;
;D;Jumlah (A+B+C);;;;;Rp23.638,20;;;
;E;Overhead & Profit 9,5%;;;0,095;;Rp2.245,63;;;
PC11;F;Harga Satuan Pekerjaan (D+E);;;;;Rp25.883,83;11;;
;;;;;;;;;;
;Pelaburan 1 m2 tembok dengan kalkarium;;;;;;;;;
;No;Uraian;Kode;Satuan;Koefisien;Harga Satuan;Jumlah Harga;;;
;A;TENAGA;;;;;;;;
;;Pekerja;L.01;OH;0,028;Rp93.000;Rp2.604,00;;;
;;Tukang cat;L.02;OH;0,042;Rp98.000;Rp4.116,00;;;
;;Kepala tukang;L.03;OH;0,0042;Rp106.000;Rp445,20;;;
;;Mandor;L.04;OH;0,003;Rp111.000;Rp333,00;;;
;;;;JUMLAH TENAGA KERJA;;;Rp7.498,20;;;
;B;BAHAN;;;;;;;;
;;Kalkarium;M.679; Kg ;0,1;Rp153.100;Rp15.310,00;;;
;;;;JUMLAH HARGA BAHAN;;;Rp15.310,00;;;
;C;PERALATAN;;;;;;;;
;;;;JUMLAH HARGA ALAT;;;;;;
;D;Jumlah (A+B+C);;;;;Rp22.808,20;;;
;E;Overhead & Profit 9,5%;;;0,095;;Rp2.166,78;;;
PC12;F;Harga Satuan Pekerjaan (D+E);;;;;Rp24.974,98;12;;
;;;;;;;;;;
;Pelaburan 1 m2 tembok dengan kapur sirih;;;;;;;;;
;No;Uraian;Kode;Satuan;Koefisien;Harga Satuan;Jumlah Harga;;;
;A;TENAGA;;;;;;;;
;;Pekerja;L.01;OH;0,15;Rp93.000;Rp13.950,00;;;
;;Tukang cat;L.02;OH;0,001;Rp98.000;Rp98,00;;;
;;Kepala tukang;L.03;OH;0,0001;Rp106.000;Rp10,60;;;
;;Mandor;L.04;OH;0,0025;Rp111.000;Rp277,50;;;
;;;;JUMLAH TENAGA KERJA;;;Rp14.336,10;;;
;B;BAHAN;;;;;;;;
;;Kapur sirih;M.680; Kg ;0,15;Rp2.600;Rp390,00;;;
;;Ampelas;M.04; m' ;0,1;Rp13.000;Rp1.300,00;;;
;;Alang-alang;M.681; Ikat ;0,25;Rp4.300;Rp1.075,00;;;
;;;;JUMLAH HARGA BAHAN;;;Rp2.765,00;;;
;C;PERALATAN;;;;;;;;
;;;;JUMLAH HARGA ALAT;;;;;;
;D;Jumlah (A+B+C);;;;;Rp17.101,10;;;
;E;Overhead & Profit 9,5%;;;0,095;;Rp1.624,60;;;
PC13;F;Harga Satuan Pekerjaan (D+E);;;;;Rp18.725,70;13;;
;;;;;;;;;;
;Pelaburan 1 m2 tembok lama dengan kapur sirih (pemeliharaan);;;;;;;;;
;No;Uraian;Kode;Satuan;Koefisien;Harga Satuan;Jumlah Harga;;;
;A;TENAGA;;;;;;;;
;;Pekerja;L.01;OH;0,04;Rp93.000;Rp3.720,00;;;
;;Tukang cat;L.02;OH;0,005;Rp98.000;Rp490,00;;;
;;Kepala tukang;L.03;OH;0,0005;Rp106.000;Rp53,00;;;
;;Mandor;L.04;OH;0,0025;Rp111.000;Rp277,50;;;
;;;;JUMLAH TENAGA KERJA;;;Rp4.540,50;;;
;B;BAHAN;;;;;;;;
;;Kapur sirih;M.680; Kg ;0,3;Rp2.600;Rp780,00;;;
;;Ampelas;M.04; m' ;0,2;Rp13.000;Rp2.600,00;;;
;;Alang-alang;M.681; Ikat ;0,25;Rp4.300;Rp1.075,00;;;
;;;;JUMLAH HARGA BAHAN;;;Rp4.455,00;;;
;C;PERALATAN;;;;;;;;
;;;;JUMLAH HARGA ALAT;;;;;;
;D;Jumlah (A+B+C);;;;;Rp8.995,50;;;
;E;Overhead & Profit 9,5%;;;0,095;;Rp854,57;;;
PC14;F;Harga Satuan Pekerjaan (D+E);;;;;Rp9.850,07;14;;
;;;;;;;;;;
;Pemasangan 1 m2 wallpaper;;;;;;;;;
;No;Uraian;Kode;Satuan;Koefisien;Harga Satuan;Jumlah Harga;;;
;A;TENAGA;;;;;;;;
;;Pekerja;L.01;OH;0,02;Rp93.000;Rp1.860,00;;;
;;Tukang cat;L.02;OH;0,2;Rp98.000;Rp19.600,00;;;
;;Kepala tukang;L.03;OH;0,02;Rp106.000;Rp2.120,00;;;
;;Mandor;L.04;OH;0,0025;Rp111.000;Rp277,50;;;
;;;;JUMLAH TENAGA KERJA;;;Rp23.857,50;;;
;B;BAHAN;;;;;;;;
;;Wallpaper;M.599; m ;1,2;Rp108.000;Rp129.600,00;;;
;;Lem Kayu/Karet;M.583; Kg ;0,2;Rp82.700;Rp16.540,00;;;
;;;;JUMLAH HARGA BAHAN;;;Rp146.140,00;;;
;C;PERALATAN;;;;;;;;
;;;;JUMLAH HARGA ALAT;;;;;;
;D;Jumlah (A+B+C);;;;;Rp169.997,50;;;
;E;Overhead & Profit 9,5%;;;0,095;;Rp16.149,76;;;
PC15;F;Harga Satuan Pekerjaan (D+E);;;;;Rp186.147,26;15;;
;;;;;;;;;;
;Pengecatan 1 m2 permukaan baja dengan menie besi;;;;;;;;;
;No;Uraian;Kode;Satuan;Koefisien;Harga Satuan;Jumlah Harga;;;
;A;TENAGA;;;;;;;;
;;Pekerja;L.01;OH;0,02;Rp93.000;Rp1.860,00;;;
;;Tukang cat;L.02;OH;0,2;Rp98.000;Rp19.600,00;;;
;;Kepala tukang;L.03;OH;0,02;Rp106.000;Rp2.120,00;;;
;;Mandor;L.04;OH;0,0025;Rp111.000;Rp277,50;;;
;;;;JUMLAH TENAGA KERJA;;;Rp23.857,50;;;
;B;BAHAN;;;;;;;;
;;Menie besi;M.369; Kg ;0,1;Rp64.300;Rp6.430,00;;;
;;Kuas;M.435; Buah ;0,01;Rp16.800;Rp168,00;;;
;;;;JUMLAH HARGA BAHAN;;;Rp6.598,00;;;
;C;PERALATAN;;;;;;;;
;;;;JUMLAH HARGA ALAT;;;;;;
;D;Jumlah (A+B+C);;;;;Rp30.455,50;;;
;E;Overhead & Profit 9,5%;;;0,095;;Rp2.893,27;;;
PC16;F;Harga Satuan Pekerjaan (D+E);;;;;Rp33.348,77;16;;
;;;;;;;;;;
;Pengecatan 1 m2 permukaan baja dengan menie besi dengan perancah;;;;;;;;;
;No;Uraian;Kode;Satuan;Koefisien;Harga Satuan;Jumlah Harga;;;
;A;TENAGA;;;;;;;;
;;Pekerja;L.01;OH;0,25;Rp93.000;Rp23.250,00;;;
;;Tukang cat;L.02;OH;0,225;Rp98.000;Rp22.050,00;;;
;;Kepala tukang;L.03;OH;0,0225;Rp106.000;Rp2.385,00;;;
;;Mandor;L.04;OH;0,0075;Rp111.000;Rp832,50;;;
;;;;JUMLAH TENAGA KERJA;;;Rp48.517,50;;;
;B;BAHAN;;;;;;;;
;;Menie besi;M.369; Kg ;0,1;Rp64.300;Rp6.430,00;;;
;;Pengencer;M.673; Kg ;0,01;Rp49.700;Rp497,00;;;
;;Kuas;M.435; Buah ;0,01;Rp16.800;Rp168,00;;;
;;Perancah kayu;M.463; M3 ;0,002;Rp4.771.800;Rp9.543,60;;;
;;;;JUMLAH HARGA BAHAN;;;Rp16.638,60;;;
;C;PERALATAN;;;;;;;;
;;;;JUMLAH HARGA ALAT;;;;;;
;D;Jumlah (A+B+C);;;;;Rp65.156,10;;;
;E;Overhead & Profit 9,5%;;;0,095;;Rp6.189,83;;;
PC17;F;Harga Satuan Pekerjaan (D+E);;;;;Rp71.345,93;17;;
;;;;;;;;;;
;Pengecatan 1 m2 permukaan baja galvanis secara manual 4 lapis;;;;;;;;;
;No;Uraian;Kode;Satuan;Koefisien;Harga Satuan;Jumlah Harga;;;
;A;TENAGA;;;;;;;;
;;Pekerja;L.01;OH;0,25;Rp93.000;Rp23.250,00;;;
;;Tukang cat;L.02;OH;0,25;Rp98.000;Rp24.500,00;;;
;;Kepala tukang;L.03;OH;0,025;Rp106.000;Rp2.650,00;;;
;;Mandor;L.04;OH;0,0013;Rp111.000;Rp144,30;;;
;;;;JUMLAH TENAGA KERJA;;;Rp50.544,30;;;
;B;BAHAN;;;;;;;;
;;Menie A;M.369; Kg ;0,1;Rp64.300;Rp6.430,00;;;
;;Menie B;M.369; Kg ;0,1;Rp64.300;Rp6.430,00;;;
;;Cat Besi;M.367; Kg ;0,08;Rp81.000;Rp6.480,00;;;
;;Kuas;M.435; Buah ;0,01;Rp16.800;Rp168,00;;;
;;Pengencer;M.673; Kg ;0,01;Rp49.700;Rp497,00;;;
;;;;JUMLAH HARGA BAHAN;;;Rp20.005,00;;;
;C;PERALATAN;;;;;;;;
;;;;JUMLAH HARGA ALAT;;;;;;
;D;Jumlah (A+B+C);;;;;Rp70.549,30;;;
;E;Overhead & Profit 9,5%;;;0,095;;Rp6.702,18;;;
PC18;F;Harga Satuan Pekerjaan (D+E);;;;;Rp77.251,48;18;;
;;;;;;;;;;
;Pengecatan 1 m2 permukaan baja galvanis secara manual sistem 1 lapis cat mutakhir;;;;;;;;;
;No;Uraian;Kode;Satuan;Koefisien;Harga Satuan;Jumlah Harga;;;
;A;TENAGA;;;;;;;;
;;Pekerja;L.01;OH;0,06;Rp93.000;Rp5.580,00;;;
;;Tukang cat;L.02;OH;0,06;Rp98.000;Rp5.880,00;;;
;;Kepala tukang;L.03;OH;0,012;Rp106.000;Rp1.272,00;;;
;;Mandor;L.04;OH;0,003;Rp111.000;Rp333,00;;;
;;;;JUMLAH TENAGA KERJA;;;Rp13.065,00;;;
;B;BAHAN;;;;;;;;
;;Cat Besi;M.367; Kg ;0,3;Rp81.000;Rp24.300,00;;;
;;Kuas;M.435; Buah ;0,01;Rp16.800;Rp168,00;;;
;;Pengencer;M.673; Kg ;0,01;Rp49.700;Rp497,00;;;
;;;;JUMLAH HARGA BAHAN;;;Rp24.965,00;;;
;C;PERALATAN;;;;;;;;
;;;;JUMLAH HARGA ALAT;;;;;;
;D;Jumlah (A+B+C);;;;;Rp38.030,00;;;
;E;Overhead & Profit 9,5%;;;0,095;;Rp3.612,85;;;
PC19;F;Harga Satuan Pekerjaan (D+E);;;;;Rp41.642,85;19;;
;;;;;;;;;;
;Pengecatan 1 m2 permukaan baja galvanis secara manual sistem 3 lapis;;;;;;;;;
;No;Uraian;Kode;Satuan;Koefisien;Harga Satuan;Jumlah Harga;;;
;A;TENAGA;;;;;;;;
;;Pekerja;L.01;OH;0,4;Rp93.000;Rp37.200,00;;;
;;Tukang cat;L.02;OH;0,8;Rp98.000;Rp78.400,00;;;
;;Kepala tukang;L.03;OH;0,08;Rp106.000;Rp8.480,00;;;
;;Mandor;L.04;OH;0,02;Rp111.000;Rp2.220,00;;;
;;;;JUMLAH TENAGA KERJA;;;Rp126.300,00;;;
;B;BAHAN;;;;;;;;
;;Cat dasar Besi;M.367; Kg ;0,11;Rp81.000;Rp8.910,00;;;
;;Cat antara;M.367; Kg ;0,17;Rp81.000;Rp13.770,00;;;
;;Cat Besi;M.367; Kg ;0,08;Rp81.000;Rp6.480,00;;;
;;Kuas;M.435; Buah ;0,01;Rp16.800;Rp168,00;;;
;;Pengencer;M.673; Kg ;0,01;Rp49.700;Rp497,00;;;
;;;;JUMLAH HARGA BAHAN;;;Rp29.825,00;;;
;C;PERALATAN;;;;;;;;
;;;;JUMLAH HARGA ALAT;;;;;;
;D;Jumlah (A+B+C);;;;;Rp156.125,00;;;
;E;Overhead & Profit 9,5%;;;0,095;;Rp14.831,88;;;
PC20;F;Harga Satuan Pekerjaan (D+E);;;;;Rp170.956,88;20;;
;;;;;;;;;;
;Pengecatan 1 m2 permukaan baja galvanis secara semprot sistem 3 lapis cat mutakhir;;;;;;;;;
;No;Uraian;Kode;Satuan;Koefisien;Harga Satuan;Jumlah Harga;;;
;A;TENAGA;;;;;;;;
;;Pekerja;L.01;OH;0,4;Rp93.000;Rp37.200,00;;;
;;Tukang cat;L.02;OH;0,7;Rp98.000;Rp68.600,00;;;
;;Kepala tukang;L.03;OH;0,07;Rp106.000;Rp7.420,00;;;
;;Mandor;L.04;OH;0,02;Rp111.000;Rp2.220,00;;;
;;;;JUMLAH TENAGA KERJA;;;Rp115.440,00;;;
;B;BAHAN;;;;;;;;
;;Cat Besi;M.367; Kg ;0,3;Rp81.000;Rp24.300,00;;;
;;Pengencer;M.673; Kg ;0,01;Rp49.700;Rp497,00;;;
;;;;JUMLAH HARGA BAHAN;;;Rp24.797,00;;;
;C;PERALATAN;;;;;;;;
;;;;JUMLAH HARGA ALAT;;;;;;
;D;Jumlah (A+B+C);;;;;Rp140.237,00;;;
;E;Overhead & Profit 9,5%;;;0,095;;Rp13.322,52;;;
PC21;F;Harga Satuan Pekerjaan (D+E);;;;;Rp153.559,52;21;;
;;;;;;;;;;
;Plituran 10 m2 dengan plitur melamic;;;;;;;;;
;No;Uraian;Kode;Satuan;Koefisien;Harga Satuan;Jumlah Harga;;;
;A;TENAGA;;;;;;;;
;;Pekerja;L.01;OH;0,4;Rp93.000;Rp37.200,00;;;
;;Tukang cat;L.02;OH;0,7;Rp98.000;Rp68.600,00;;;
;;Kepala tukang;L.03;OH;0,07;Rp106.000;Rp7.420,00;;;
;;Mandor;L.04;OH;0,02;Rp111.000;Rp2.220,00;;;
;;;;JUMLAH TENAGA KERJA;;;Rp115.440,00;;;
;B;BAHAN;;;;;;;;
;;Cat Dasar Kayu;M.368; Kg ;0,3;Rp81.400;Rp24.420,00;;;
;;Pengencer;M.673; Kg ;0,01;Rp49.700;Rp497,00;;;
;;;;JUMLAH HARGA BAHAN;;;Rp24.917,00;;;
;C;PERALATAN;;;;;;;;
;;;;JUMLAH HARGA ALAT;;;;;;
;D;Jumlah (A+B+C);;;;;Rp140.357,00;;;
;E;Overhead & Profit 9,5%;;;0,095;;Rp13.333,92;;;
PC22;F;Harga Satuan Pekerjaan (D+E);;;;;Rp153.690,92;22;;
;;;;;;;;;;
;HARGA SATUAN PEKERJAAN SANITASI DALAM GEDUNG;;;;;;;;;
;(K3) Pemasangan 1 buah closet duduk/monoblock;;;;;;;;;
;No;Uraian;Kode;Satuan;Koefisien;Harga Satuan;Jumlah Harga;;;
;A;TENAGA;;;;;;;;
;;Pekerja;L.01;OH;3,3;Rp93.000;Rp306.900,00;;;
;;Tukang Batu;L.02;OH;1,1;Rp98.000;Rp107.800,00;;;
;;Kepala tukang;L.03;OH;0,01;Rp106.000;Rp1.060,00;;;
;;Mandor;L.04;OH;0,16;Rp111.000;Rp17.760,00;;;
;;;;JUMLAH TENAGA KERJA;;;Rp433.520,00;;;
;B;BAHAN;;;;;;;;
;;Closet duduk;M.682; Unit ;1;Rp767.300;Rp767.300,00;;;
;;Perlengkapan;;%;0,06;Rp767.300,00;Rp46.038,00;;;
;;;;JUMLAH HARGA BAHAN;;;Rp813.338,00;;;
;C;PERALATAN;;;;;;;;
;;;;JUMLAH HARGA ALAT;;;;;;
;D;Jumlah (A+B+C);;;;;Rp1.246.858,00;;;
;E;Overhead & Profit 9,5%;;;0,095;;Rp118.451,51;;;
PSD1;F;Harga Satuan Pekerjaan (D+E);;;;;Rp1.365.309,51;1;;
;;;;;;;;;;
;Pemasangan 1 buah closet jongkok porslen;;;;;;;;;
;No;Uraian;Kode;Satuan;Koefisien;Harga Satuan;Jumlah Harga;;;
;A;TENAGA;;;;;;;;
;;Pekerja;L.01;OH;1;Rp93.000;Rp93.000,00;;;
;;Tukang Batu;L.02;OH;1,5;Rp98.000;Rp147.000,00;;;
;;Kepala tukang;L.03;OH;0,15;Rp106.000;Rp15.900,00;;;
;;Mandor;L.04;OH;0,16;Rp111.000;Rp17.760,00;;;
;;;;JUMLAH TENAGA KERJA;;;Rp273.660,00;;;
;B;BAHAN;;;;;;;;
;;Closet jongkok;M.683; Unit ;1;Rp384.100;Rp384.100,00;;;
;;Semen portland;M.11; Kg ;6;Rp1.250;Rp7.500,00;;;
;;Pasir pasang;M.48; m3 ;0,01;Rp131.100;Rp1.311,00;;;
;;;;JUMLAH HARGA BAHAN;;;Rp392.911,00;;;
;C;PERALATAN;;;;;;;;
;;;;JUMLAH HARGA ALAT;;;;;;
;D;Jumlah (A+B+C);;;;;Rp666.571,00;;;
;E;Overhead & Profit 9,5%;;;0,095;;Rp63.324,25;;;
PSD2;F;Harga Satuan Pekerjaan (D+E);;;;;Rp729.895,25;2;;
;;;;;;;;;;
;Pemasangan 1 buah closet jongkok teraso;;;;;;;;;
;No;Uraian;Kode;Satuan;Koefisien;Harga Satuan;Jumlah Harga;;;
;A;TENAGA;;;;;;;;
;;Pekerja;L.01;OH;1;Rp93.000;Rp93.000,00;;;
;;Tukang Batu;L.02;OH;1,5;Rp98.000;Rp147.000,00;;;
;;Kepala tukang;L.03;OH;0,15;Rp106.000;Rp15.900,00;;;
;;Mandor;L.04;OH;0,05;Rp111.000;Rp5.550,00;;;
;;;;JUMLAH TENAGA KERJA;;;Rp261.450,00;;;
;B;BAHAN;;;;;;;;
;;Closet jongkok;M.683; Unit ;1;Rp384.100;Rp384.100,00;;;
;;Semen portland;M.11; Kg ;6;Rp1.250;Rp7.500,00;;;
;;Pasir pasang;M.48; m3 ;0,01;Rp131.100;Rp1.311,00;;;
;;Bata merah;M.07; Buah ;7;Rp700;Rp4.900,00;;;
;;;;JUMLAH HARGA BAHAN;;;Rp397.811,00;;;
;C;PERALATAN;;;;;;;;
;;;;JUMLAH HARGA ALAT;;;;;;
;D;Jumlah (A+B+C);;;;;Rp659.261,00;;;
;E;Overhead & Profit 9,5%;;;0,095;;Rp62.629,80;;;
PSD3;F;Harga Satuan Pekerjaan (D+E);;;;;Rp721.890,80;3;;
;;;;;;;;;;
;(K3) Pemasangan 1 buah urinoir;;;;;;;;;
;No;Uraian;Kode;Satuan;Koefisien;Harga Satuan;Jumlah Harga;;;
;A;TENAGA;;;;;;;;
;;Pekerja;L.01;OH;1;Rp93.000;Rp93.000,00;;;
;;Tukang Batu;L.02;OH;1;Rp98.000;Rp98.000,00;;;
;;Kepala tukang;L.03;OH;0,1;Rp106.000;Rp10.600,00;;;
;;Mandor;L.04;OH;0,05;Rp111.000;Rp5.550,00;;;
;;;;JUMLAH TENAGA KERJA;;;Rp207.150,00;;;
;B;BAHAN;;;;;;;;
;;Urinoir;M.684; Unit ;1;Rp130.200;Rp130.200,00;;;
;;Semen portland;M.11; Kg ;6;Rp1.250;Rp7.500,00;;;
;;Pasir pasang;M.48; m3 ;0,01;Rp131.100;Rp1.311,00;;;
;;Perlengkapan;;%;0,03;Rp139.011,00;Rp4.170,33;;;
;;;;JUMLAH HARGA BAHAN;;;Rp143.181,33;;;
;C;PERALATAN;;;;;;;;
;;;;JUMLAH HARGA ALAT;;;;;;
;D;Jumlah (A+B+C);;;;;Rp350.331,33;;;
;E;Overhead & Profit 9,5%;;;0,095;;Rp33.281,48;;;
PSD4;F;Harga Satuan Pekerjaan (D+E);;;;;Rp383.612,81;4;;
;;;;;;;;;;
;(K3) Pemasangan 1 buah wastafel;;;;;;;;;
;No;Uraian;Kode;Satuan;Koefisien;Harga Satuan;Jumlah Harga;;;
;A;TENAGA;;;;;;;;
;;Pekerja;L.01;OH;1,2;Rp93.000;Rp111.600,00;;;
;;Tukang Batu;L.02;OH;1,45;Rp98.000;Rp142.100,00;;;
;;Kepala tukang;L.03;OH;0,15;Rp106.000;Rp15.900,00;;;
;;Mandor;L.04;OH;0,06;Rp111.000;Rp6.660,00;;;
;;;;JUMLAH TENAGA KERJA;;;Rp276.260,00;;;
;B;BAHAN;;;;;;;;
;;Wastafel;M.685; Unit ;1,2;Rp699.700;Rp839.640,00;;;
;;Semen portland;M.11; Kg ;6;Rp1.250;Rp7.500,00;;;
;;Pasir pasang;M.48; m3 ;0,01;Rp131.100;Rp1.311,00;;;
;;Perlengkapan;;%;0,12;Rp848.451,00;Rp101.814,12;;;
;;;;JUMLAH HARGA BAHAN;;;Rp950.265,12;;;
;C;PERALATAN;;;;;;;;
;;;;JUMLAH HARGA ALAT;;;;;;
;D;Jumlah (A+B+C);;;;;Rp1.226.525,12;;;
;E;Overhead & Profit 9,5%;;;0,095;;Rp116.519,89;;;
PSD5;F;Harga Satuan Pekerjaan (D+E);;;;;Rp1.343.045,01;5;;
;;;;;;;;;;
;(K3) Pemasangan 1 buah bathcuip porselen;;;;;;;;;
;No;Uraian;Kode;Satuan;Koefisien;Harga Satuan;Jumlah Harga;;;
;A;TENAGA;;;;;;;;
;;Pekerja;L.01;OH;0,075;Rp93.000;Rp6.975,00;;;
;;Tukang Batu;L.02;OH;0,75;Rp98.000;Rp73.500,00;;;
;;Kepala tukang;L.03;OH;0,075;Rp106.000;Rp7.950,00;;;
;;Mandor;L.04;OH;0,003;Rp111.000;Rp333,00;;;
;;;;JUMLAH TENAGA KERJA;;;Rp88.758,00;;;
;B;BAHAN;;;;;;;;
;;Bathcuip;M.686; Unit ;1;Rp698.500;Rp698.500,00;;;
;;Perlengkapan;;%;0,2;Rp698.500,00;Rp139.700,00;;;
;;;;JUMLAH HARGA BAHAN;;;Rp838.200,00;;;
;C;PERALATAN;;;;;;;;
;;;;JUMLAH HARGA ALAT;;;;;;
;D;Jumlah (A+B+C);;;;;Rp926.958,00;;;
;E;Overhead & Profit 9,5%;;;0,095;;Rp88.061,01;;;
PSD6;F;Harga Satuan Pekerjaan (D+E);;;;;Rp1.015.019,01;6;;
;;;;;;;;;;
;(K3) Pemasangan 1 buah bak fibreglass vol 1 m3;;;;;;;;;
;No;Uraian;Kode;Satuan;Koefisien;Harga Satuan;Jumlah Harga;;;
;A;TENAGA;;;;;;;;
;;Pekerja;L.01;OH;3;Rp93.000;Rp279.000,00;;;
;;Tukang Batu;L.02;OH;4,5;Rp98.000;Rp441.000,00;;;
;;Kepala tukang;L.03;OH;0,05;Rp106.000;Rp5.300,00;;;
;;Mandor;L.04;OH;0,9;Rp111.000;Rp99.900,00;;;
;;;;JUMLAH TENAGA KERJA;;;Rp825.200,00;;;
;B;BAHAN;;;;;;;;
;;Bak fibreglass;M.687; Unit ;1;Rp379.600;Rp379.600,00;;;
;;Perlengkapan;;%;0,12;Rp379.600,00;Rp45.552,00;;;
;;;;JUMLAH HARGA BAHAN;;;Rp425.152,00;;;
;C;PERALATAN;;;;;;;;
;;;;JUMLAH HARGA ALAT;;;;;;
;D;Jumlah (A+B+C);;;;;Rp1.250.352,00;;;
;E;Overhead & Profit 9,5%;;;0,095;;Rp118.783,44;;;
PSD7;F;Harga Satuan Pekerjaan (D+E);;;;;Rp1.369.135,44;7;;
;;;;;;;;;;
;(K3) Pemasangan 1 buah bak mandi batu bata vol 0,30 m3;;;;;;;;;
;No;Uraian;Kode;Satuan;Koefisien;Harga Satuan;Jumlah Harga;;;
;A;TENAGA;;;;;;;;
;;Pekerja;L.01;OH;6;Rp93.000;Rp558.000,00;;;
;;Tukang Batu;L.02;OH;3;Rp98.000;Rp294.000,00;;;
;;Kepala tukang;L.03;OH;0,3;Rp106.000;Rp31.800,00;;;
;;Mandor;L.04;OH;0,03;Rp111.000;Rp3.330,00;;;
;;;;JUMLAH TENAGA KERJA;;;Rp887.130,00;;;
;B;BAHAN;;;;;;;;
;;Bata merah;M.07; Buah ;150;Rp700;Rp105.000,00;;;
;;Semen portland;M.11; Kg ;120;Rp1.250;Rp150.000,00;;;
;;Pasir pasang;M.48; m3 ;0,3;Rp131.100;Rp39.330,00;;;
;;Porselen 11x11;M.688; bh ;360;Rp1.100;Rp396.000,00;;;
;;Semen warna;M.487; Kg ;6;Rp13.300;Rp79.800,00;;;
;;;;JUMLAH HARGA BAHAN;;;Rp770.130,00;;;
;C;PERALATAN;;;;;;;;
;;;;JUMLAH HARGA ALAT;;;;;;
;D;Jumlah (A+B+C);;;;;Rp1.657.260,00;;;
;E;Overhead & Profit 9,5%;;;0,095;;Rp157.439,70;;;
PSD8;F;Harga Satuan Pekerjaan (D+E);;;;;Rp1.814.699,70;8;;
;;;;;;;;;;
;Pemasangan 1 buah bak mandi teraso vol 0,30 m3;;;;;;;;;
;No;Uraian;Kode;Satuan;Koefisien;Harga Satuan;Jumlah Harga;;;
;A;TENAGA;;;;;;;;
;;Pekerja;L.01;OH;3;Rp93.000;Rp279.000,00;;;
;;Tukang Batu;L.02;OH;4,5;Rp98.000;Rp441.000,00;;;
;;Kepala tukang;L.03;OH;0,05;Rp106.000;Rp5.300,00;;;
;;Mandor;L.04;OH;0,9;Rp111.000;Rp99.900,00;;;
;;;;JUMLAH TENAGA KERJA;;;Rp825.200,00;;;
;B;BAHAN;;;;;;;;
;;Bak fibreglass;M.687; Unit ;1;Rp379.600;Rp379.600,00;;;
;;Perlengkapan;;%;0,12;Rp379.600,00;Rp45.552,00;;;
;;;;JUMLAH HARGA BAHAN;;;Rp425.152,00;;;
;C;PERALATAN;;;;;;;;
;;;;JUMLAH HARGA ALAT;;;;;;
;D;Jumlah (A+B+C);;;;;Rp1.250.352,00;;;
;E;Overhead & Profit 9,5%;;;0,095;;Rp118.783,44;;;
PSD9;F;Harga Satuan Pekerjaan (D+E);;;;;Rp1.369.135,44;9;;
;;;;;;;;;;
;Pemasangan 1 buah bak air fibreglass vol 1 m3;;;;;;;;;
;No;Uraian;Kode;Satuan;Koefisien;Harga Satuan;Jumlah Harga;;;
;A;TENAGA;;;;;;;;
;;Pekerja;L.01;OH;0,3;Rp93.000;Rp27.900,00;;;
;;Tukang Batu;L.02;OH;0,45;Rp98.000;Rp44.100,00;;;
;;Kepala tukang;L.03;OH;0,045;Rp106.000;Rp4.770,00;;;
;;Mandor;L.04;OH;0,015;Rp111.000;Rp1.665,00;;;
;;;;JUMLAH TENAGA KERJA;;;Rp78.435,00;;;
;B;BAHAN;;;;;;;;
;;Bak fibreglass;M.687; Unit ;1;Rp379.600;Rp379.600,00;;;
;;Perlengkapan;;%;0,12;Rp379.600,00;Rp45.552,00;;;
;;;;JUMLAH HARGA BAHAN;;;Rp425.152,00;;;
;C;PERALATAN;;;;;;;;
;;;;JUMLAH HARGA ALAT;;;;;;
;D;Jumlah (A+B+C);;;;;Rp503.587,00;;;
;E;Overhead & Profit 9,5%;;;0,095;;Rp47.840,77;;;
PSD10;F;Harga Satuan Pekerjaan (D+E);;;;;Rp551.427,77;10;;
;;;;;;;;;;
;Pemasangan 1 buah bak beton volume 1 m3;;;;;;;;;
;No;Uraian;Kode;Satuan;Koefisien;Harga Satuan;Jumlah Harga;;;
;A;TENAGA;;;;;;;;
;;Pekerja;L.01;OH;3,5;Rp93.000;Rp325.500,00;;;
;;Tukang Batu;L.02;OH;4,5;Rp98.000;Rp441.000,00;;;
;;Kepala tukang;L.03;OH;0,05;Rp106.000;Rp5.300,00;;;
;;Mandor;L.04;OH;0,018;Rp111.000;Rp1.998,00;;;
;;;;JUMLAH TENAGA KERJA;;;Rp773.798,00;;;
;B;BAHAN;;;;;;;;
;;Beton 1:2:3;M.689; M3 ;0,9;Rp116.600;Rp104.940,00;;;
;;Baja tulangan;M.690; Kg ;180;Rp16.600;Rp2.988.000,00;;;
;;Kayu bekisting;M.691; M2 ;8;Rp1.921.400;Rp15.371.200,00;;;
;;Ubin porselen;M.692; Bh ;500;Rp7.300;Rp3.650.000,00;;;
;;Perlengkapan;;%;0,1;Rp22.114.140,00;Rp2.211.414,00;;;
;;;;JUMLAH HARGA BAHAN;;;Rp24.325.554,00;;;
;C;PERALATAN;;;;;;;;
;;;;JUMLAH HARGA ALAT;;;;;;
;D;Jumlah (A+B+C);;;;;Rp25.099.352,00;;;
;E;Overhead & Profit 9,5%;;;0,095;;Rp2.384.438,44;;;
PSD11;F;Harga Satuan Pekerjaan (D+E);;;;;Rp27.483.790,44;11;;
;;;;;;;;;;
;Pemasangan 1 buah bak cuci piring stainlessteel;;;;;;;;;
;No;Uraian;Kode;Satuan;Koefisien;Harga Satuan;Jumlah Harga;;;
;A;TENAGA;;;;;;;;
;;Pekerja;L.01;OH;0,03;Rp93.000;Rp2.790,00;;;
;;Tukang Batu;L.02;OH;0,3;Rp98.000;Rp29.400,00;;;
;;Kepala tukang;L.03;OH;0,03;Rp106.000;Rp3.180,00;;;
;;Mandor;L.04;OH;0,015;Rp111.000;Rp1.665,00;;;
;;;;JUMLAH TENAGA KERJA;;;Rp37.035,00;;;
;B;BAHAN;;;;;;;;
;;Bak cuci piring;M.693; Unit ;1;Rp211.400;Rp211.400,00;;;
;;Waterdrain;M.694; Bh ;1;Rp61.500;Rp61.500,00;;;
;;;;JUMLAH HARGA BAHAN;;;Rp272.900,00;;;
;C;PERALATAN;;;;;;;;
;;;;JUMLAH HARGA ALAT;;;;;;
;D;Jumlah (A+B+C);;;;;Rp309.935,00;;;
;E;Overhead & Profit 9,5%;;;0,095;;Rp29.443,83;;;
PSD12;F;Harga Satuan Pekerjaan (D+E);;;;;Rp339.378,83;12;;
;;;;;;;;;;
;Pemasangan 1 buah bak cuci piring teraso;;;;;;;;;
;No;Uraian;Kode;Satuan;Koefisien;Harga Satuan;Jumlah Harga;;;
;A;TENAGA;;;;;;;;
;;Pekerja;L.01;OH;0,05;Rp93.000;Rp4.650,00;;;
;;Tukang Batu;L.02;OH;0,5;Rp98.000;Rp49.000,00;;;
;;Kepala tukang;L.03;OH;0,05;Rp106.000;Rp5.300,00;;;
;;Mandor;L.04;OH;0,025;Rp111.000;Rp2.775,00;;;
;;;;JUMLAH TENAGA KERJA;;;Rp61.725,00;;;
;B;BAHAN;;;;;;;;
;;Bak cuci piring;M.693; Unit ;1;Rp211.400;Rp211.400,00;;;
;;Waterdrain;M.694; Bh ;1;Rp61.500;Rp61.500,00;;;
;;Semen portland;M.11; Kg ;20;Rp1.250;Rp25.000,00;;;
;;Pasir pasang;M.48; m3 ;0,05;Rp131.100;Rp6.555,00;;;
;;;;JUMLAH HARGA BAHAN;;;Rp304.455,00;;;
;C;PERALATAN;;;;;;;;
;;;;JUMLAH HARGA ALAT;;;;;;
;D;Jumlah (A+B+C);;;;;Rp366.180,00;;;
;E;Overhead & Profit 9,5%;;;0,095;;Rp34.787,10;;;
PSD13;F;Harga Satuan Pekerjaan (D+E);;;;;Rp400.967,10;13;;
;;;;;;;;;;
;Pemasangan 1 buah floor drain;;;;;;;;;
;No;Uraian;Kode;Satuan;Koefisien;Harga Satuan;Jumlah Harga;;;
;A;TENAGA;;;;;;;;
;;Pekerja;L.01;OH;0,01;Rp93.000;Rp930,00;;;
;;Tukang Batu;L.02;OH;0,1;Rp98.000;Rp9.800,00;;;
;;Kepala tukang;L.03;OH;0,01;Rp106.000;Rp1.060,00;;;
;;Mandor;L.04;OH;0,005;Rp111.000;Rp555,00;;;
;;;;JUMLAH TENAGA KERJA;;;Rp12.345,00;;;
;B;BAHAN;;;;;;;;
;;Floor drain;M.695; Unit ;1;Rp69.600;Rp69.600,00;;;
;;;;JUMLAH HARGA BAHAN;;;Rp69.600,00;;;
;C;PERALATAN;;;;;;;;
;;;;JUMLAH HARGA ALAT;;;;;;
;D;Jumlah (A+B+C);;;;;Rp81.945,00;;;
;E;Overhead & Profit 9,5%;;;0,095;;Rp7.784,78;;;
PSD14;F;Harga Satuan Pekerjaan (D+E);;;;;Rp89.729,78;14;;
;;;;;;;;;;
;Pemasangan 1 buah bak kontrol pasangan bata 30x30 tinggi 35 cm;;;;;;;;;
;No;Uraian;Kode;Satuan;Koefisien;Harga Satuan;Jumlah Harga;;;
;A;TENAGA;;;;;;;;
;;Pekerja;L.01;OH;2,16;Rp93.000;Rp200.880,00;;;
;;Tukang Batu;L.02;OH;0,72;Rp98.000;Rp70.560,00;;;
;;Kepala tukang;L.03;OH;0,072;Rp106.000;Rp7.632,00;;;
;;Mandor;L.04;OH;0,011;Rp111.000;Rp1.221,00;;;
;;;;JUMLAH TENAGA KERJA;;;Rp280.293,00;;;
;B;BAHAN;;;;;;;;
;;Bata merah;M.07; Buah ;40;Rp700;Rp28.000,00;;;
;;Semen portland;M.11; Kg ;44;Rp1.250;Rp55.000,00;;;
;;Pasir pasang;M.48; m3 ;0,07;Rp131.100;Rp9.177,00;;;
;;Pasir beton;M.46; m3 ;0,06;Rp103.800;Rp6.228,00;;;
;;Kerikil;M.44; m3 ;0,07;Rp222.500;Rp15.575,00;;;
;;Baja tulangan;M.690; Kg ;1,6;Rp16.600;Rp26.560,00;;;
;;;;JUMLAH HARGA BAHAN;;;Rp140.540,00;;;
;C;PERALATAN;;;;;;;;
;;;;JUMLAH HARGA ALAT;;;;;;
;D;Jumlah (A+B+C);;;;;Rp420.833,00;;;
;E;Overhead & Profit 9,5%;;;0,095;;Rp39.979,14;;;
PSD15;F;Harga Satuan Pekerjaan (D+E);;;;;Rp460.812,14;15;;
;;;;;;;;;;
;Pemasangan 1 buah bak kontrol pasangan bata 45cm x45cm tinggi 50 cm;;;;;;;;;
;No;Uraian;Kode;Satuan;Koefisien;Harga Satuan;Jumlah Harga;;;
;A;TENAGA;;;;;;;;
;;Pekerja;L.01;OH;3,2;Rp93.000;Rp297.600,00;;;
;;Tukang Batu;L.02;OH;1,15;Rp98.000;Rp112.700,00;;;
;;Kepala tukang;L.03;OH;0,011;Rp106.000;Rp1.166,00;;;
;;Mandor;L.04;OH;0,016;Rp111.000;Rp1.776,00;;;
;;;;JUMLAH TENAGA KERJA;;;Rp413.242,00;;;
;B;BAHAN;;;;;;;;
;;Bata merah;M.07; Buah ;70;Rp700;Rp49.000,00;;;
;;Semen portland;M.11; Kg ;77;Rp1.250;Rp96.250,00;;;
;;Pasir pasang;M.48; m3 ;0,13;Rp131.100;Rp17.043,00;;;
;;Pasir beton;M.46; m3 ;0,09;Rp103.800;Rp9.342,00;;;
;;Kerikil;M.44; m3 ;0,02;Rp222.500;Rp4.450,00;;;
;;Baja tulangan;M.690; Kg ;2,6;Rp16.600;Rp43.160,00;;;
;;;;JUMLAH HARGA BAHAN;;;Rp219.245,00;;;
;C;PERALATAN;;;;;;;;
;;;;JUMLAH HARGA ALAT;;;;;;
;D;Jumlah (A+B+C);;;;;Rp632.487,00;;;
;E;Overhead & Profit 9,5%;;;0,095;;Rp60.086,27;;;
PSD16;F;Harga Satuan Pekerjaan (D+E);;;;;Rp692.573,27;16;;
;;;;;;;;;;
;Pemasangan 1 buah bak kontrol pasangan bata 60cm x60cm tinggi 65 cm;;;;;;;;;
;No;Uraian;Kode;Satuan;Koefisien;Harga Satuan;Jumlah Harga;;;
;A;TENAGA;;;;;;;;
;;Pekerja;L.01;OH;3,2;Rp93.000;Rp297.600,00;;;
;;Tukang Batu;L.02;OH;1,15;Rp98.000;Rp112.700,00;;;
;;Kepala tukang;L.03;OH;0,011;Rp106.000;Rp1.166,00;;;
;;Mandor;L.04;OH;0,016;Rp111.000;Rp1.776,00;;;
;;;;JUMLAH TENAGA KERJA;;;Rp413.242,00;;;
;B;BAHAN;;;;;;;;
;;Bata merah;M.07; Buah ;123;Rp700;Rp86.100,00;;;
;;Semen portland;M.11; Kg ;114;Rp1.250;Rp142.500,00;;;
;;Pasir pasang;M.48; m3 ;0,184;Rp131.100;Rp24.122,40;;;
;;Pasir beton;M.46; m3 ;0,12;Rp103.800;Rp12.456,00;;;
;;Kerikil;M.44; m3 ;0,033;Rp222.500;Rp7.342,50;;;
;;Baja tulangan;M.690; Kg ;4,85;Rp16.600;Rp80.510,00;;;
;;;;JUMLAH HARGA BAHAN;;;Rp353.030,90;;;
;C;PERALATAN;;;;;;;;
;;;;JUMLAH HARGA ALAT;;;;;;
;D;Jumlah (A+B+C);;;;;Rp766.272,90;;;
;E;Overhead & Profit 9,5%;;;0,095;;Rp72.795,93;;;
PSD17;F;Harga Satuan Pekerjaan (D+E);;;;;Rp839.068,83;17;;
;;;;;;;;;;
;Pemasangan 1 m’ pipa galvanis diameter ½”;;;;;;;;;
;No;Uraian;Kode;Satuan;Koefisien;Harga Satuan;Jumlah Harga;;;
;A;TENAGA;;;;;;;;
;;Pekerja;L.01;OH;0,054;Rp93.000;Rp5.022,00;;;
;;Tukang Batu;L.02;OH;0,09;Rp98.000;Rp8.820,00;;;
;;Kepala tukang;L.03;OH;0,009;Rp106.000;Rp954,00;;;
;;Mandor;L.04;OH;0,027;Rp111.000;Rp2.997,00;;;
;;;;JUMLAH TENAGA KERJA;;;Rp17.793,00;;;
;B;BAHAN;;;;;;;;
;;Pipa galvanis ½”;M.696; M ;1,2;Rp17.100;Rp20.520,00;;;
;;Perlengkapan;;%;0,35;Rp20.520,00;Rp7.182,00;;;
;;;;JUMLAH HARGA BAHAN;;;Rp27.702,00;;;
;C;PERALATAN;;;;;;;;
;;;;JUMLAH HARGA ALAT;;;;;;
;D;Jumlah (A+B+C);;;;;Rp45.495,00;;;
;E;Overhead & Profit 9,5%;;;0,095;;Rp4.322,03;;;
PSD18;F;Harga Satuan Pekerjaan (D+E);;;;;Rp49.817,03;18;;
;;;;;;;;;;
;Pemasangan 1 buah kran diameter ½” atau 3/4”;;;;;;;;;
;No;Uraian;Kode;Satuan;Koefisien;Harga Satuan;Jumlah Harga;;;
;A;TENAGA;;;;;;;;
;;Pekerja;L.01;OH;0,01;Rp93.000;Rp930,00;;;
;;Tukang Batu;L.02;OH;0,4;Rp98.000;Rp39.200,00;;;
;;Kepala tukang;L.03;OH;0,04;Rp106.000;Rp4.240,00;;;
;;Mandor;L.04;OH;0,005;Rp111.000;Rp555,00;;;
;;;;JUMLAH TENAGA KERJA;;;Rp44.925,00;;;
;B;BAHAN;;;;;;;;
;;Kran air;M.697; M ;1;Rp37.400;Rp37.400,00;;;
;;Sealtape;M.698; Buah ;0,025;Rp6.300;Rp157,50;;;
;;;;JUMLAH HARGA BAHAN;;;Rp37.557,50;;;
;C;PERALATAN;;;;;;;;
;;;;JUMLAH HARGA ALAT;;;;;;
;D;Jumlah (A+B+C);;;;;Rp82.482,50;;;
;E;Overhead & Profit 9,5%;;;0,095;;Rp7.835,84;;;
PSD19;F;Harga Satuan Pekerjaan (D+E);;;;;Rp90.318,34;19;;
;;;;;;;;;;
;Pemasangan 1 m’ pipa galvanis diameter 3/4”;;;;;;;;;
;No;Uraian;Kode;Satuan;Koefisien;Harga Satuan;Jumlah Harga;;;
;A;TENAGA;;;;;;;;
;;Pekerja;L.01;OH;0,054;Rp93.000;Rp5.022,00;;;
;;Tukang Batu;L.02;OH;0,09;Rp98.000;Rp8.820,00;;;
;;Kepala tukang;L.03;OH;0,009;Rp106.000;Rp954,00;;;
;;Mandor;L.04;OH;0,027;Rp111.000;Rp2.997,00;;;
;;;;JUMLAH TENAGA KERJA;;;Rp17.793,00;;;
;B;BAHAN;;;;;;;;
;;Pipa galvanis 3/4”;M.699; M ;1,2;Rp21.700;Rp26.040,00;;;
;;Perlengkapan;;%;0,35;Rp26.040,00;Rp9.114,00;;;
;;;;JUMLAH HARGA BAHAN;;;Rp35.154,00;;;
;C;PERALATAN;;;;;;;;
;;;;JUMLAH HARGA ALAT;;;;;;
;D;Jumlah (A+B+C);;;;;Rp52.947,00;;;
;E;Overhead & Profit 9,5%;;;0,095;;Rp5.029,97;;;
PSD20;F;Harga Satuan Pekerjaan (D+E);;;;;Rp57.976,97;20;;
;;;;;;;;;;
;Pemasangan 1 m’ pipa galvanis diameter 1”;;;;;;;;;
;No;Uraian;Kode;Satuan;Koefisien;Harga Satuan;Jumlah Harga;;;
;A;TENAGA;;;;;;;;
;;Pekerja;L.01;OH;0,054;Rp93.000;Rp5.022,00;;;
;;Tukang Batu;L.02;OH;0,09;Rp98.000;Rp8.820,00;;;
;;Kepala tukang;L.03;OH;0,009;Rp106.000;Rp954,00;;;
;;Mandor;L.04;OH;0,027;Rp111.000;Rp2.997,00;;;
;;;;JUMLAH TENAGA KERJA;;;Rp17.793,00;;;
;B;BAHAN;;;;;;;;
;;Pipa galvanis 1”;M.700; M ;1,2;Rp33.300;Rp39.960,00;;;
;;Perlengkapan;;%;0,35;Rp39.960,00;Rp13.986,00;;;
;;;;JUMLAH HARGA BAHAN;;;Rp53.946,00;;;
;C;PERALATAN;;;;;;;;
;;;;JUMLAH HARGA ALAT;;;;;;
;D;Jumlah (A+B+C);;;;;Rp71.739,00;;;
;E;Overhead & Profit 9,5%;;;0,095;;Rp6.815,21;;;
PSD21;F;Harga Satuan Pekerjaan (D+E);;;;;Rp78.554,21;21;;
;;;;;;;;;;
;Pemasangan 1 m’ pipa galvanis diameter 1 ½”;;;;;;;;;
;No;Uraian;Kode;Satuan;Koefisien;Harga Satuan;Jumlah Harga;;;
;A;TENAGA;;;;;;;;
;;Pekerja;L.01;OH;0,108;Rp93.000;Rp10.044,00;;;
;;Tukang Batu;L.02;OH;0,18;Rp98.000;Rp17.640,00;;;
;;Kepala tukang;L.03;OH;0,018;Rp106.000;Rp1.908,00;;;
;;Mandor;L.04;OH;0,005;Rp111.000;Rp555,00;;;
;;;;JUMLAH TENAGA KERJA;;;Rp30.147,00;;;
;B;BAHAN;;;;;;;;
;;Pipa galvanis 11/2”;M.701; M ;1,2;Rp49.800;Rp59.760,00;;;
;;Perlengkapan;;%;0,35;Rp59.760,00;Rp20.916,00;;;
;;;;JUMLAH HARGA BAHAN;;;Rp80.676,00;;;
;C;PERALATAN;;;;;;;;
;;;;JUMLAH HARGA ALAT;;;;;;
;D;Jumlah (A+B+C);;;;;Rp110.823,00;;;
;E;Overhead & Profit 9,5%;;;0,095;;Rp10.528,19;;;
PSD22;F;Harga Satuan Pekerjaan (D+E);;;;;Rp121.351,19;22;;
;;;;;;;;;;
;Pemasangan 1 m’ pipa galvanis diameter 3”;;;;;;;;;
;No;Uraian;Kode;Satuan;Koefisien;Harga Satuan;Jumlah Harga;;;
;A;TENAGA;;;;;;;;
;;Pekerja;L.01;OH;0,135;Rp93.000;Rp12.555,00;;;
;;Tukang Batu;L.02;OH;0,225;Rp98.000;Rp22.050,00;;;
;;Kepala tukang;L.03;OH;0,023;Rp106.000;Rp2.438,00;;;
;;Mandor;L.04;OH;0,007;Rp111.000;Rp777,00;;;
;;;;JUMLAH TENAGA KERJA;;;Rp37.820,00;;;
;B;BAHAN;;;;;;;;
;;Pipa galvanis 3”;M.702; M ;1,2;Rp110.700;Rp132.840,00;;;
;;Perlengkapan;;%;0,35;Rp132.840,00;Rp46.494,00;;;
;;;;JUMLAH HARGA BAHAN;;;Rp179.334,00;;;
;C;PERALATAN;;;;;;;;
;;;;JUMLAH HARGA ALAT;;;;;;
;D;Jumlah (A+B+C);;;;;Rp217.154,00;;;
;E;Overhead & Profit 9,5%;;;0,095;;Rp20.629,63;;;
PSD23;F;Harga Satuan Pekerjaan (D+E);;;;;Rp237.783,63;23;;
;;;;;;;;;;
;Pemasangan 1 m’ pipa galvanis diameter 4”;;;;;;;;;
;No;Uraian;Kode;Satuan;Koefisien;Harga Satuan;Jumlah Harga;;;
;A;TENAGA;;;;;;;;
;;Pekerja;L.01;OH;0,135;Rp93.000;Rp12.555,00;;;
;;Tukang Batu;L.02;OH;0,225;Rp98.000;Rp22.050,00;;;
;;Kepala tukang;L.03;OH;0,023;Rp106.000;Rp2.438,00;;;
;;Mandor;L.04;OH;0,007;Rp111.000;Rp777,00;;;
;;;;JUMLAH TENAGA KERJA;;;Rp37.820,00;;;
;B;BAHAN;;;;;;;;
;;Pipa galvanis 4”;M.703; M ;1,2;Rp160.300;Rp192.360,00;;;
;;Perlengkapan;;%;0,35;Rp192.360,00;Rp67.326,00;;;
;;;;JUMLAH HARGA BAHAN;;;Rp259.686,00;;;
;C;PERALATAN;;;;;;;;
;;;;JUMLAH HARGA ALAT;;;;;;
;D;Jumlah (A+B+C);;;;;Rp297.506,00;;;
;E;Overhead & Profit 9,5%;;;0,095;;Rp28.263,07;;;
PSD24;F;Harga Satuan Pekerjaan (D+E);;;;;Rp325.769,07;24;;
;;;;;;;;;;
;Pemasangan 1 m’ pipa PVC tipe AW diameter 1/2”;;;;;;;;;
;No;Uraian;Kode;Satuan;Koefisien;Harga Satuan;Jumlah Harga;;;
;A;TENAGA;;;;;;;;
;;Pekerja;L.01;OH;0,036;Rp93.000;Rp3.348,00;;;
;;Tukang Batu;L.02;OH;0,06;Rp98.000;Rp5.880,00;;;
;;Kepala tukang;L.03;OH;0,006;Rp106.000;Rp636,00;;;
;;Mandor;L.04;OH;0,002;Rp111.000;Rp222,00;;;
;;;;JUMLAH TENAGA KERJA;;;Rp10.086,00;;;
;B;BAHAN;;;;;;;;
;;Pipa PVC 1/2”;M.704; M ;1,2;Rp6.600;Rp7.920,00;;;
;;Perlengkapan;;%;0,35;Rp7.920,00;Rp2.772,00;;;
;;;;JUMLAH HARGA BAHAN;;;Rp10.692,00;;;
;C;PERALATAN;;;;;;;;
;;;;JUMLAH HARGA ALAT;;;;;;
;D;Jumlah (A+B+C);;;;;Rp20.778,00;;;
;E;Overhead & Profit 9,5%;;;0,095;;Rp1.973,91;;;
PSD25;F;Harga Satuan Pekerjaan (D+E);;;;;Rp22.751,91;25;;
;;;;;;;;;;
;Pemasangan 1 m’ pipa PVC tipe AW diameter 3/4”;;;;;;;;;
;No;Uraian;Kode;Satuan;Koefisien;Harga Satuan;Jumlah Harga;;;
;A;TENAGA;;;;;;;;
;;Pekerja;L.01;OH;0,036;Rp93.000;Rp3.348,00;;;
;;Tukang Batu;L.02;OH;0,06;Rp98.000;Rp5.880,00;;;
;;Kepala tukang;L.03;OH;0,006;Rp106.000;Rp636,00;;;
;;Mandor;L.04;OH;0,002;Rp111.000;Rp222,00;;;
;;;;JUMLAH TENAGA KERJA;;;Rp10.086,00;;;
;B;BAHAN;;;;;;;;
;;Pipa PVC 3/4”;M.704; M ;1,2;Rp6.600;Rp7.920,00;;;
;;Perlengkapan;;%;0,35;Rp7.920,00;Rp2.772,00;;;
;;;;JUMLAH HARGA BAHAN;;;Rp10.692,00;;;
;C;PERALATAN;;;;;;;;
;;;;JUMLAH HARGA ALAT;;;;;;
;D;Jumlah (A+B+C);;;;;Rp20.778,00;;;
;E;Overhead & Profit 9,5%;;;0,095;;Rp1.973,91;;;
PSD26;F;Harga Satuan Pekerjaan (D+E);;;;;Rp22.751,91;26;;
;;;;;;;;;;
;Pemasangan 1 m’ pipa PVC tipe AW diameter 1”;;;;;;;;;
;No;Uraian;Kode;Satuan;Koefisien;Harga Satuan;Jumlah Harga;;;
;A;TENAGA;;;;;;;;
;;Pekerja;L.01;OH;0,036;Rp93.000;Rp3.348,00;;;
;;Tukang Batu;L.02;OH;0,06;Rp98.000;Rp5.880,00;;;
;;Kepala tukang;L.03;OH;0,006;Rp106.000;Rp636,00;;;
;;Mandor;L.04;OH;0,002;Rp111.000;Rp222,00;;;
;;;;JUMLAH TENAGA KERJA;;;Rp10.086,00;;;
;B;BAHAN;;;;;;;;
;;Pipa PVC 1”;M.705; M ;1,2;Rp8.400;Rp10.080,00;;;
;;Perlengkapan;;%;0,35;Rp10.080,00;Rp3.528,00;;;
;;;;JUMLAH HARGA BAHAN;;;Rp13.608,00;;;
;C;PERALATAN;;;;;;;;
;;;;JUMLAH HARGA ALAT;;;;;;
;D;Jumlah (A+B+C);;;;;Rp23.694,00;;;
;E;Overhead & Profit 9,5%;;;0,095;;Rp2.250,93;;;
PSD27;F;Harga Satuan Pekerjaan (D+E);;;;;Rp25.944,93;27;;
;;;;;;;;;;
;Pemasangan 1 m’ pipa PVC tipe AW diameter 11/2”;;;;;;;;;
;No;Uraian;Kode;Satuan;Koefisien;Harga Satuan;Jumlah Harga;;;
;A;TENAGA;;;;;;;;
;;Pekerja;L.01;OH;0,054;Rp93.000;Rp5.022,00;;;
;;Tukang Batu;L.02;OH;0,09;Rp98.000;Rp8.820,00;;;
;;Kepala tukang;L.03;OH;0,009;Rp106.000;Rp954,00;;;
;;Mandor;L.04;OH;0,003;Rp111.000;Rp333,00;;;
;;;;JUMLAH TENAGA KERJA;;;Rp15.129,00;;;
;B;BAHAN;;;;;;;;
;;Pipa PVC 11/2”;M.706; M ;1,2;Rp15.000;Rp18.000,00;;;
;;Perlengkapan;;%;0,35;Rp18.000,00;Rp6.300,00;;;
;;;;JUMLAH HARGA BAHAN;;;Rp24.300,00;;;
;C;PERALATAN;;;;;;;;
;;;;JUMLAH HARGA ALAT;;;;;;
;D;Jumlah (A+B+C);;;;;Rp39.429,00;;;
;E;Overhead & Profit 9,5%;;;0,095;;Rp3.745,76;;;
PSD28;F;Harga Satuan Pekerjaan (D+E);;;;;Rp43.174,76;28;;
;;;;;;;;;;
;Pemasangan 1 m’ pipa PVC tipe AW diameter 2”;;;;;;;;;
;No;Uraian;Kode;Satuan;Koefisien;Harga Satuan;Jumlah Harga;;;
;A;TENAGA;;;;;;;;
;;Pekerja;L.01;OH;0,054;Rp93.000;Rp5.022,00;;;
;;Tukang Batu;L.02;OH;0,09;Rp98.000;Rp8.820,00;;;
;;Kepala tukang;L.03;OH;0,009;Rp106.000;Rp954,00;;;
;;Mandor;L.04;OH;0,003;Rp111.000;Rp333,00;;;
;;;;JUMLAH TENAGA KERJA;;;Rp15.129,00;;;
;B;BAHAN;;;;;;;;
;;Pipa PVC 2”;M.707; M ;1,2;Rp17.800;Rp21.360,00;;;
;;Perlengkapan;;%;0,35;Rp21.360,00;Rp7.476,00;;;
;;;;JUMLAH HARGA BAHAN;;;Rp28.836,00;;;
;C;PERALATAN;;;;;;;;
;;;;JUMLAH HARGA ALAT;;;;;;
;D;Jumlah (A+B+C);;;;;Rp43.965,00;;;
;E;Overhead & Profit 9,5%;;;0,095;;Rp4.176,68;;;
PSD29;F;Harga Satuan Pekerjaan (D+E);;;;;Rp48.141,68;29;;
;;;;;;;;;;
;Pemasangan 1 m’ pipa PVC tipe AW diameter 21/2”;;;;;;;;;
;No;Uraian;Kode;Satuan;Koefisien;Harga Satuan;Jumlah Harga;;;
;A;TENAGA;;;;;;;;
;;Pekerja;L.01;OH;0,081;Rp93.000;Rp7.533,00;;;
;;Tukang Batu;L.02;OH;0,135;Rp98.000;Rp13.230,00;;;
;;Kepala tukang;L.03;OH;0,0135;Rp106.000;Rp1.431,00;;;
;;Mandor;L.04;OH;0,004;Rp111.000;Rp444,00;;;
;;;;JUMLAH TENAGA KERJA;;;Rp22.638,00;;;
;B;BAHAN;;;;;;;;
;;Pipa PVC 21/2”;M.708; M ;1,2;Rp25.700;Rp30.840,00;;;
;;Perlengkapan;;%;0,35;Rp30.840,00;Rp10.794,00;;;
;;;;JUMLAH HARGA BAHAN;;;Rp41.634,00;;;
;C;PERALATAN;;;;;;;;
;;;;JUMLAH HARGA ALAT;;;;;;
;D;Jumlah (A+B+C);;;;;Rp64.272,00;;;
;E;Overhead & Profit 9,5%;;;0,095;;Rp6.105,84;;;
PSD30;F;Harga Satuan Pekerjaan (D+E);;;;;Rp70.377,84;30;;
;;;;;;;;;;
;Pemasangan 1 m’ pipa PVC tipe AW diameter 3”;;;;;;;;;
;No;Uraian;Kode;Satuan;Koefisien;Harga Satuan;Jumlah Harga;;;
;A;TENAGA;;;;;;;;
;;Pekerja;L.01;OH;0,081;Rp93.000;Rp7.533,00;;;
;;Tukang Batu;L.02;OH;0,135;Rp98.000;Rp13.230,00;;;
;;Kepala tukang;L.03;OH;0,0135;Rp106.000;Rp1.431,00;;;
;;Mandor;L.04;OH;0,004;Rp111.000;Rp444,00;;;
;;;;JUMLAH TENAGA KERJA;;;Rp22.638,00;;;
;B;BAHAN;;;;;;;;
;;Pipa PVC 3”;M.709; M ;1,2;Rp34.000;Rp40.800,00;;;
;;Perlengkapan;;%;0,35;Rp40.800,00;Rp14.280,00;;;
;;;;JUMLAH HARGA BAHAN;;;Rp55.080,00;;;
;C;PERALATAN;;;;;;;;
;;;;JUMLAH HARGA ALAT;;;;;;
;D;Jumlah (A+B+C);;;;;Rp77.718,00;;;
;E;Overhead & Profit 9,5%;;;0,095;;Rp7.383,21;;;
PSD31;F;Harga Satuan Pekerjaan (D+E);;;;;Rp85.101,21;31;;
;;;;;;;;;;
;Pemasangan 1 m’ pipa PVC tipe AW diameter 4”;;;;;;;;;
;No;Uraian;Kode;Satuan;Koefisien;Harga Satuan;Jumlah Harga;;;
;A;TENAGA;;;;;;;;
;;Pekerja;L.01;OH;0,081;Rp93.000;Rp7.533,00;;;
;;Tukang Batu;L.02;OH;0,135;Rp98.000;Rp13.230,00;;;
;;Kepala tukang;L.03;OH;0,0135;Rp106.000;Rp1.431,00;;;
;;Mandor;L.04;OH;0,004;Rp111.000;Rp444,00;;;
;;;;JUMLAH TENAGA KERJA;;;Rp22.638,00;;;
;B;BAHAN;;;;;;;;
;;Pipa PVC 4”;M.710; M ;1,2;Rp56.800;Rp68.160,00;;;
;;Perlengkapan;;%;0,35;Rp68.160,00;Rp23.856,00;;;
;;;;JUMLAH HARGA BAHAN;;;Rp92.016,00;;;
;C;PERALATAN;;;;;;;;
;;;;JUMLAH HARGA ALAT;;;;;;
;D;Jumlah (A+B+C);;;;;Rp114.654,00;;;
;E;Overhead & Profit 9,5%;;;0,095;;Rp10.892,13;;;
PSD32;F;Harga Satuan Pekerjaan (D+E);;;;;Rp125.546,13;32;;
;;;;;;;;;;
;Pemasangan 1 m’ pipa air limbah jenis pipa tanah;;;;;;;;;
;No;Uraian;Kode;Satuan;Koefisien;Harga Satuan;Jumlah Harga;;;
;A;TENAGA;;;;;;;;
;;Pekerja;L.01;OH;0,08;Rp93.000;Rp7.440,00;;;
;;Tukang Batu;L.02;OH;0,04;Rp98.000;Rp3.920,00;;;
;;Kepala tukang;L.03;OH;0,004;Rp106.000;Rp424,00;;;
;;Mandor;L.04;OH;0,004;Rp111.000;Rp444,00;;;
;;;;JUMLAH TENAGA KERJA;;;Rp12.228,00;;;
;B;BAHAN;;;;;;;;
;;Pipa tanah;M.711; Bh ;1,6;Rp85.600;Rp136.960,00;;;
;;Semen portland;M.11; Kg ;35;Rp1.250;Rp43.750,00;;;
;;Pasir pasang;M.48; m3 ;0,014;Rp131.100;Rp1.835,40;;;
;;Pasir urug;M.52; m3 ;0,014;Rp100.300;Rp1.404,20;;;
;;;;JUMLAH HARGA BAHAN;;;Rp183.949,60;;;
;C;PERALATAN;;;;;;;;
;;;;JUMLAH HARGA ALAT;;;;;;
;D;Jumlah (A+B+C);;;;;Rp196.177,60;;;
;E;Overhead & Profit 9,5%;;;0,095;;Rp18.636,87;;;
PSD33;F;Harga Satuan Pekerjaan (D+E);;;;;Rp214.814,47;33;;
;;;;;;;;;;
;Pemasangan 1 m’ pipa air limbah jenis pipa tanah diameter 15 cm;;;;;;;;;
;No;Uraian;Kode;Satuan;Koefisien;Harga Satuan;Jumlah Harga;;;
;A;TENAGA;;;;;;;;
;;Pekerja;L.01;OH;0,06;Rp93.000;Rp5.580,00;;;
;;Tukang Batu;L.02;OH;0,03;Rp98.000;Rp2.940,00;;;
;;Kepala tukang;L.03;OH;0,003;Rp106.000;Rp318,00;;;
;;Mandor;L.04;OH;0,003;Rp111.000;Rp333,00;;;
;;;;JUMLAH TENAGA KERJA;;;Rp9.171,00;;;
;B;BAHAN;;;;;;;;
;;Pipa tanah;M.711; Bh ;1,6;Rp85.600;Rp136.960,00;;;
;;Semen portland;M.11; Kg ;0,68;Rp1.250;Rp850,00;;;
;;Pasir pasang;M.48; m3 ;0,013;Rp131.100;Rp1.704,30;;;
;;Pasir urug;M.52; m3 ;0,011;Rp100.300;Rp1.103,30;;;
;;;;JUMLAH HARGA BAHAN;;;Rp140.617,60;;;
;C;PERALATAN;;;;;;;;
;;;;JUMLAH HARGA ALAT;;;;;;
;D;Jumlah (A+B+C);;;;;Rp149.788,60;;;
;E;Overhead & Profit 9,5%;;;0,095;;Rp14.229,92;;;
PSD34;F;Harga Satuan Pekerjaan (D+E);;;;;Rp164.018,52;34;;
;;;;;;;;;;
;Pemasangan 1 m’ pipa beton diameter 15 - 20 cm;;;;;;;;;
;No;Uraian;Kode;Satuan;Koefisien;Harga Satuan;Jumlah Harga;;;
;A;TENAGA;;;;;;;;
;;Pekerja;L.01;OH;0,14;Rp93.000;Rp13.020,00;;;
;;Tukang Batu;L.02;OH;0,07;Rp98.000;Rp6.860,00;;;
;;Kepala tukang;L.03;OH;0,007;Rp106.000;Rp742,00;;;
;;Mandor;L.04;OH;0,007;Rp111.000;Rp777,00;;;
;;;;JUMLAH TENAGA KERJA;;;Rp21.399,00;;;
;B;BAHAN;;;;;;;;
;;Pipa Beton;M.712; Bh ;1,1;Rp107.400;Rp118.140,00;;;
;;Bata merah;M.07; Buah ;0,027;Rp700;Rp18,90;;;
;;Semen portland;M.11; Kg ;3,92;Rp1.250;Rp4.900,00;;;
;;Pasir pasang;M.48; m3 ;0,056;Rp131.100;Rp7.341,60;;;
;;Pasir urug;M.52; m3 ;0,024;Rp100.300;Rp2.407,20;;;
;;;;JUMLAH HARGA BAHAN;;;Rp132.807,70;;;
;C;PERALATAN;;;;;;;;
;;;;JUMLAH HARGA ALAT;;;;;;
;D;Jumlah (A+B+C);;;;;Rp154.206,70;;;
;E;Overhead & Profit 9,5%;;;0,095;;Rp14.649,64;;;
PSD35;F;Harga Satuan Pekerjaan (D+E);;;;;Rp168.856,34;35;;
;;;;;;;;;;
;Pemasangan 1 m’ pipa beton diameter 30 - 100 cm;;;;;;;;;
;No;Uraian;Kode;Satuan;Koefisien;Harga Satuan;Jumlah Harga;;;
;A;TENAGA;;;;;;;;
;;Pekerja;L.01;OH;0,38;Rp93.000;Rp35.340,00;;;
;;Tukang Batu;L.02;OH;0,19;Rp98.000;Rp18.620,00;;;
;;Kepala tukang;L.03;OH;0,019;Rp106.000;Rp2.014,00;;;
;;Mandor;L.04;OH;0,019;Rp111.000;Rp2.109,00;;;
;;;;JUMLAH TENAGA KERJA;;;Rp58.083,00;;;
;B;BAHAN;;;;;;;;
;;Pipa Beton;M.712; Bh ;1,1;Rp107.400;Rp118.140,00;;;
;;Bata merah;M.07; Buah ;0,55;Rp700;Rp385,00;;;
;;Semen portland;M.11; Kg ;10,3;Rp1.250;Rp12.875,00;;;
;;Pasir pasang;M.48; m3 ;0,061;Rp131.100;Rp7.997,10;;;
;;Pasir urug;M.52; m3 ;0,069;Rp100.300;Rp6.920,70;;;
;;;;JUMLAH HARGA BAHAN;;;Rp146.317,80;;;
;C;PERALATAN;;;;;;;;
;;;;JUMLAH HARGA ALAT;;;;;;
;D;Jumlah (A+B+C);;;;;Rp204.400,80;;;
;E;Overhead & Profit 9,5%;;;0,095;;Rp19.418,08;;;
PSD36;F;Harga Satuan Pekerjaan (D+E);;;;;Rp223.818,88;36;;
;;;;;;;;;;
;Pemasangan 1 m’ buis beton beton diameter 20 cm;;;;;;;;;
;No;Uraian;Kode;Satuan;Koefisien;Harga Satuan;Jumlah Harga;;;
;A;TENAGA;;;;;;;;
;;Pekerja;L.01;OH;0,14;Rp93.000;Rp13.020,00;;;
;;Tukang Batu;L.02;OH;0,07;Rp98.000;Rp6.860,00;;;
;;Kepala tukang;L.03;OH;0,007;Rp106.000;Rp742,00;;;
;;Mandor;L.04;OH;0,007;Rp111.000;Rp777,00;;;
;;;;JUMLAH TENAGA KERJA;;;Rp21.399,00;;;
;B;BAHAN;;;;;;;;
;;Buis Beton Grevel Ø 20 Cm Tanpa Tulang, Panjang 1 M;M.35; Buah ;1,1;Rp55.700;Rp61.270,00;;;
;;Bata merah;M.07; Buah ;0,027;Rp700;Rp18,90;;;
;;Semen portland;M.11; Kg ;3,92;Rp1.250;Rp4.900,00;;;
;;Pasir pasang;M.48; m3 ;0,056;Rp131.100;Rp7.341,60;;;
;;Pasir urug;M.52; m3 ;0,024;Rp100.300;Rp2.407,20;;;
;;;;JUMLAH HARGA BAHAN;;;Rp75.937,70;;;
;C;PERALATAN;;;;;;;;
;;;;JUMLAH HARGA ALAT;;;;;;
;D;Jumlah (A+B+C);;;;;Rp97.336,70;;;
;E;Overhead & Profit 9,5%;;;0,095;;Rp9.246,99;;;
PSD37;F;Harga Satuan Pekerjaan (D+E);;;;;Rp106.583,69;37;;
;;;;;;;;;;
;Pemasangan 1 m’ buis beton beton diameter 30 cm;;;;;;;;;
;No;Uraian;Kode;Satuan;Koefisien;Harga Satuan;Jumlah Harga;;;
;A;TENAGA;;;;;;;;
;;Pekerja;L.01;OH;0,14;Rp93.000;Rp13.020,00;;;
;;Tukang Batu;L.02;OH;0,07;Rp98.000;Rp6.860,00;;;
;;Kepala tukang;L.03;OH;0,007;Rp106.000;Rp742,00;;;
;;Mandor;L.04;OH;0,007;Rp111.000;Rp777,00;;;
;;;;JUMLAH TENAGA KERJA;;;Rp21.399,00;;;
;B;BAHAN;;;;;;;;
;;Buis Beton Grevel Ø 30 Cm Tanpa Tulang, Panjang 1 M;M.36; Buah ;1,1;Rp88.700;Rp97.570,00;;;
;;Bata merah;M.07; Buah ;0,027;Rp700;Rp18,90;;;
;;Semen portland;M.11; Kg ;3,92;Rp1.250;Rp4.900,00;;;
;;Pasir pasang;M.48; m3 ;0,056;Rp131.100;Rp7.341,60;;;
;;Pasir urug;M.52; m3 ;0,024;Rp100.300;Rp2.407,20;;;
;;;;JUMLAH HARGA BAHAN;;;Rp112.237,70;;;
;C;PERALATAN;;;;;;;;
;;;;JUMLAH HARGA ALAT;;;;;;
;D;Jumlah (A+B+C);;;;;Rp133.636,70;;;
;E;Overhead & Profit 9,5%;;;0,095;;Rp12.695,49;;;
PSD38;F;Harga Satuan Pekerjaan (D+E);;;;;Rp146.332,19;38;;
;;;;;;;;;;
;Pemasangan 1 buah roof drain;;;;;;;;;
;No;Uraian;Kode;Satuan;Koefisien;Harga Satuan;Jumlah Harga;;;
;A;TENAGA;;;;;;;;
;;Pekerja;L.01;OH;0,015;Rp93.000;Rp1.395,00;;;
;;Tukang Batu;L.02;OH;0,1;Rp98.000;Rp9.800,00;;;
;;Kepala tukang;L.03;OH;0,01;Rp106.000;Rp1.060,00;;;
;;Mandor;L.04;OH;0,005;Rp111.000;Rp555,00;;;
;;;;JUMLAH TENAGA KERJA;;;Rp12.810,00;;;
;B;BAHAN;;;;;;;;
;;Roof drain;M.695; Unit ;1;Rp69.600;Rp69.600,00;;;
;;;;JUMLAH HARGA BAHAN;;;Rp69.600,00;;;
;C;PERALATAN;;;;;;;;
;;;;JUMLAH HARGA ALAT;;;;;;
;D;Jumlah (A+B+C);;;;;Rp82.410,00;;;
;E;Overhead & Profit 9,5%;;;0,095;;Rp7.828,95;;;
PSD39;F;Harga Satuan Pekerjaan (D+E);;;;;Rp90.238,95;39;;
;;;;;;;;;;
;;;;;;;;;;
;HARGA SATUAN PEKERJAAN PEMASANGAN  PIPA;;;;;;;;;
;(K3) Pemasangan 1 m pipa PVC Ø 63 mm;;;;;;;;;
;No;Uraian;Kode;Satuan;Koefisien;Harga Satuan;Jumlah Harga;;;
;A;TENAGA;;;;;;;;
;;Pekerja;L.01;OH;0,081;Rp93.000;Rp7.533,00;;;
;;Tukang pipa;L.02;OH;0,041;Rp98.000;Rp4.018,00;;;
;;Mandor;L.04;OH;0,008;Rp111.000;Rp888,00;;;
;;;;JUMLAH TENAGA KERJA;;;Rp12.439,00;;;
;B;BAHAN;;;;;;;;
;;Pipa PVC Ø 63 mm;M.713; m ;1;Rp6.300;Rp6.300,00;;;
;;;;JUMLAH HARGA BAHAN;;;Rp6.300,00;;;
;C;PERALATAN;;;;;;;;
;;Sewa Tripot/Tackel  & handle crane 2 T;E.96;hari;0,006;Rp128.600;Rp771,60;;;
;;;;JUMLAH HARGA ALAT;;;Rp771,60;;;
;D;Jumlah (A+B+C);;;;;Rp19.510,60;;;
;E;Overhead & Profit 9,5%;;;0,095;;Rp1.853,51;;;
PPP1;F;Harga Satuan Pekerjaan (D+E);;;;;Rp21.364,11;1;;
;;;;;;;;;;
;(K3) Pemasangan 1 m pipa PVC Ø 90 mm;;;;;;;;;
;No;Uraian;Kode;Satuan;Koefisien;Harga Satuan;Jumlah Harga;;;
;A;TENAGA;;;;;;;;
;;Pekerja;L.01;OH;0,094;Rp93.000;Rp8.742,00;;;
;;Tukang pipa;L.02;OH;0,047;Rp98.000;Rp4.606,00;;;
;;Mandor;L.04;OH;0,009;Rp111.000;Rp999,00;;;
;;;;JUMLAH TENAGA KERJA;;;Rp14.347,00;;;
;B;BAHAN;;;;;;;;
;;Pipa PVC Ø 90 mm;M.714; m ;1;Rp6.600;Rp6.600,00;;;
;;;;JUMLAH HARGA BAHAN;;;Rp6.600,00;;;
;C;PERALATAN;;;;;;;;
;;Sewa Tripot/Tackel  & handle crane 2 T;E.96;hari;0,008;Rp128.600;Rp1.028,80;;;
;;;;JUMLAH HARGA ALAT;;;Rp1.028,80;;;
;D;Jumlah (A+B+C);;;;;Rp21.975,80;;;
;E;Overhead & Profit 9,5%;;;0,095;;Rp2.087,70;;;
PPP2;F;Harga Satuan Pekerjaan (D+E);;;;;Rp24.063,50;2;;
;;;;;;;;;;
;(K3) Pemasangan 1 m pipa PVC Ø 110 mm;;;;;;;;;
;No;Uraian;Kode;Satuan;Koefisien;Harga Satuan;Jumlah Harga;;;
;A;TENAGA;;;;;;;;
;;Pekerja;L.01;OH;0,105;Rp93.000;Rp9.765,00;;;
;;Tukang pipa;L.02;OH;0,053;Rp98.000;Rp5.194,00;;;
;;Mandor;L.04;OH;0,011;Rp111.000;Rp1.221,00;;;
;;;;JUMLAH TENAGA KERJA;;;Rp16.180,00;;;
;B;BAHAN;;;;;;;;
;;Pipa PVC Ø 110 mm;M.715; m ;1;Rp6.800;Rp6.800,00;;;
;;;;JUMLAH HARGA BAHAN;;;Rp6.800,00;;;
;C;PERALATAN;;;;;;;;
;;Sewa Tripot/Tackel  & handle crane 2 T;E.96;hari;0,01;Rp128.600;Rp1.286,00;;;
;;;;JUMLAH HARGA ALAT;;;Rp1.286,00;;;
;D;Jumlah (A+B+C);;;;;Rp24.266,00;;;
;E;Overhead & Profit 9,5%;;;0,095;;Rp2.305,27;;;
PPP3;F;Harga Satuan Pekerjaan (D+E);;;;;Rp26.571,27;3;;
;;;;;;;;;;
;(K3) Pemasangan 1 m pipa PVC Ø 150 mm;;;;;;;;;
;No;Uraian;Kode;Satuan;Koefisien;Harga Satuan;Jumlah Harga;;;
;A;TENAGA;;;;;;;;
;;Pekerja;L.01;OH;0,118;Rp93.000;Rp10.974,00;;;
;;Tukang pipa;L.02;OH;0,059;Rp98.000;Rp5.782,00;;;
;;Mandor;L.04;OH;0,012;Rp111.000;Rp1.332,00;;;
;;;;JUMLAH TENAGA KERJA;;;Rp18.088,00;;;
;B;BAHAN;;;;;;;;
;;Pipa PVC Ø 150 mm;M.716; m ;1;Rp8.100;Rp8.100,00;;;
;;;;JUMLAH HARGA BAHAN;;;Rp8.100,00;;;
;C;PERALATAN;;;;;;;;
;;Sewa Tripot/Tackel  & handle crane 2 T;E.96;hari;0,012;Rp128.600;Rp1.543,20;;;
;;;;JUMLAH HARGA ALAT;;;Rp1.543,20;;;
;D;Jumlah (A+B+C);;;;;Rp27.731,20;;;
;E;Overhead & Profit 9,5%;;;0,095;;Rp2.634,46;;;
PPP4;F;Harga Satuan Pekerjaan (D+E);;;;;Rp30.365,66;4;;
;;;;;;;;;;
;(K3) Pemasngan 1 m pipa PVC Ø 200 mm;;;;;;;;;
;No;Uraian;Kode;Satuan;Koefisien;Harga Satuan;Jumlah Harga;;;
;A;TENAGA;;;;;;;;
;;Pekerja;L.01;OH;0,189;Rp93.000;Rp17.577,00;;;
;;Tukang pipa;L.02;OH;0,095;Rp98.000;Rp9.310,00;;;
;;Mandor;L.04;OH;0,019;Rp111.000;Rp2.109,00;;;
;;;;JUMLAH TENAGA KERJA;;;Rp28.996,00;;;
;B;BAHAN;;;;;;;;
;;Pipa PVC Ø 200 mm;M.717; m ;1;Rp10.700;Rp10.700,00;;;
;;;;JUMLAH HARGA BAHAN;;;Rp10.700,00;;;
;C;PERALATAN;;;;;;;;
;;Sewa Tripot/Tackel  & handle crane 2 T;E.96;hari;0,024;Rp128.600;Rp3.086,40;;;
;;;;JUMLAH HARGA ALAT;;;Rp3.086,40;;;
;D;Jumlah (A+B+C);;;;;Rp42.782,40;;;
;E;Overhead & Profit 9,5%;;;0,095;;Rp4.064,33;;;
PPP5;F;Harga Satuan Pekerjaan (D+E);;;;;Rp46.846,73;5;;
;;;;;;;;;;
;(K3) Pemasangan 1 m pipa PVC Ø 250 mm;;;;;;;;;
;No;Uraian;Kode;Satuan;Koefisien;Harga Satuan;Jumlah Harga;;;
;A;TENAGA;;;;;;;;
;;Pekerja;L.01;OH;0,256;Rp93.000;Rp23.808,00;;;
;;Tukang pipa;L.02;OH;0,128;Rp98.000;Rp12.544,00;;;
;;Mandor;L.04;OH;0,026;Rp111.000;Rp2.886,00;;;
;;;;JUMLAH TENAGA KERJA;;;Rp39.238,00;;;
;B;BAHAN;;;;;;;;
;;Pipa PVC Ø 250 mm;M.718; m ;1;Rp14.800;Rp14.800,00;;;
;;;;JUMLAH HARGA BAHAN;;;Rp14.800,00;;;
;C;PERALATAN;;;;;;;;
;;Sewa Tripot/Tackel  & handle crane 2 T;E.96;hari;0,034;Rp128.600;Rp4.372,40;;;
;;;;JUMLAH HARGA ALAT;;;Rp4.372,40;;;
;D;Jumlah (A+B+C);;;;;Rp58.410,40;;;
;E;Overhead & Profit 9,5%;;;0,095;;Rp5.548,99;;;
PPP6;F;Harga Satuan Pekerjaan (D+E);;;;;Rp63.959,39;6;;
;;;;;;;;;;
;(K3) Pemasangan 1 m pipa PVC Ø 300 mm;;;;;;;;;
;No;Uraian;Kode;Satuan;Koefisien;Harga Satuan;Jumlah Harga;;;
;A;TENAGA;;;;;;;;
;;Pekerja;L.01;OH;0,294;Rp93.000;Rp27.342,00;;;
;;Tukang pipa;L.02;OH;0,147;Rp98.000;Rp14.406,00;;;
;;Mandor;L.04;OH;0,029;Rp111.000;Rp3.219,00;;;
;;;;JUMLAH TENAGA KERJA;;;Rp44.967,00;;;
;B;BAHAN;;;;;;;;
;;Pipa PVC Ø 300 mm;M.719; m ;1;Rp19.900;Rp19.900,00;;;
;;;;JUMLAH HARGA BAHAN;;;Rp19.900,00;;;
;C;PERALATAN;;;;;;;;
;;Sewa Tripot/Tackel  & handle crane 2 T;E.96;hari;0,04;Rp128.600;Rp5.144,00;;;
;;;;JUMLAH HARGA ALAT;;;Rp5.144,00;;;
;D;Jumlah (A+B+C);;;;;Rp70.011,00;;;
;E;Overhead & Profit 9,5%;;;0,095;;Rp6.651,05;;;
PPP7;F;Harga Satuan Pekerjaan (D+E);;;;;Rp76.662,05;7;;
;;;;;;;;;;
;(K3) Pemasangan 1 m pipa PVC Ø 400 mm;;;;;;;;;
;No;Uraian;Kode;Satuan;Koefisien;Harga Satuan;Jumlah Harga;;;
;A;TENAGA;;;;;;;;
;;Pekerja;L.01;OH;0,544;Rp93.000;Rp50.592,00;;;
;;Tukang pipa;L.02;OH;0,272;Rp98.000;Rp26.656,00;;;
;;Mandor;L.04;OH;0,054;Rp111.000;Rp5.994,00;;;
;;;;JUMLAH TENAGA KERJA;;;Rp83.242,00;;;
;B;BAHAN;;;;;;;;
;;Pipa PVC Ø 400 mm;M.720; m ;1;Rp26.800;Rp26.800,00;;;
;;;;JUMLAH HARGA BAHAN;;;Rp26.800,00;;;
;C;PERALATAN;;;;;;;;
;;Sewa Tripot/Tackel  & handle crane 2 T;E.96;hari;0,08;Rp128.600;Rp10.288,00;;;
;;;;JUMLAH HARGA ALAT;;;Rp10.288,00;;;
;D;Jumlah (A+B+C);;;;;Rp120.330,00;;;
;E;Overhead & Profit 9,5%;;;0,095;;Rp11.431,35;;;
PPP8;F;Harga Satuan Pekerjaan (D+E);;;;;Rp131.761,35;8;;
;;;;;;;;;;
;(K3) Pemasangan 1 m pipa PVC Ø 450 mm;;;;;;;;;
;No;Uraian;Kode;Satuan;Koefisien;Harga Satuan;Jumlah Harga;;;
;A;TENAGA;;;;;;;;
;;Pekerja;L.01;OH;0,669;Rp93.000;Rp62.217,00;;;
;;Tukang pipa;L.02;OH;0,335;Rp98.000;Rp32.830,00;;;
;;Mandor;L.04;OH;0,067;Rp111.000;Rp7.437,00;;;
;;;;JUMLAH TENAGA KERJA;;;Rp102.484,00;;;
;B;BAHAN;;;;;;;;
;;Pipa PVC Ø 450 mm;M.721; m ;1;Rp32.100;Rp32.100,00;;;
;;;;JUMLAH HARGA BAHAN;;;Rp32.100,00;;;
;C;PERALATAN;;;;;;;;
;;Sewa Tripot/Tackel  & handle crane 2 T;E.96;hari;0,1;Rp128.600;Rp12.860,00;;;
;;;;JUMLAH HARGA ALAT;;;Rp12.860,00;;;
;D;Jumlah (A+B+C);;;;;Rp147.444,00;;;
;E;Overhead & Profit 9,5%;;;0,095;;Rp14.007,18;;;
PPP9;F;Harga Satuan Pekerjaan (D+E);;;;;Rp161.451,18;9;;
;;;;;;;;;;
;(K3) Pemasangan 1 m pipa PVC Ø 500 mm;;;;;;;;;
;No;Uraian;Kode;Satuan;Koefisien;Harga Satuan;Jumlah Harga;;;
;A;TENAGA;;;;;;;;
;;Pekerja;L.01;OH;0,809;Rp93.000;Rp75.237,00;;;
;;Tukang pipa;L.02;OH;0,405;Rp98.000;Rp39.690,00;;;
;;Mandor;L.04;OH;0,081;Rp111.000;Rp8.991,00;;;
;;;;JUMLAH TENAGA KERJA;;;Rp123.918,00;;;
;B;BAHAN;;;;;;;;
;;Pipa PVC Ø 500 mm;M.722; m ;1;Rp43.000;Rp43.000,00;;;
;;;;JUMLAH HARGA BAHAN;;;Rp43.000,00;;;
;C;PERALATAN;;;;;;;;
;;Sewa Tripot/Tackel  & handle crane 2 T;E.96;hari;0,122;Rp128.600;Rp15.689,20;;;
;;;;JUMLAH HARGA ALAT;;;Rp15.689,20;;;
;D;Jumlah (A+B+C);;;;;Rp182.607,20;;;
;E;Overhead & Profit 9,5%;;;0,095;;Rp17.347,68;;;
PPP10;F;Harga Satuan Pekerjaan (D+E);;;;;Rp199.954,88;10;;
;;;;;;;;;;
;(K3) Pemasangan 1 m pipa PVC Ø 600 mm;;;;;;;;;
;No;Uraian;Kode;Satuan;Koefisien;Harga Satuan;Jumlah Harga;;;
;A;TENAGA;;;;;;;;
;;Pekerja;L.01;OH;0,957;Rp93.000;Rp89.001,00;;;
;;Tukang pipa;L.02;OH;0,479;Rp98.000;Rp46.942,00;;;
;;Mandor;L.04;OH;0,096;Rp111.000;Rp10.656,00;;;
;;;;JUMLAH TENAGA KERJA;;;Rp146.599,00;;;
;B;BAHAN;;;;;;;;
;;Pipa PVC Ø 600 mm;M.723; m ;1;Rp50.700;Rp50.700,00;;;
;;;;JUMLAH HARGA BAHAN;;;Rp50.700,00;;;
;C;PERALATAN;;;;;;;;
;;Sewa Tripot/Tackel  & handle crane 2 T;E.96;hari;0,145;Rp128.600;Rp18.647,00;;;
;;;;JUMLAH HARGA ALAT;;;Rp18.647,00;;;
;D;Jumlah (A+B+C);;;;;Rp215.946,00;;;
;E;Overhead & Profit 9,5%;;;0,095;;Rp20.514,87;;;
PPP11;F;Harga Satuan Pekerjaan (D+E);;;;;Rp236.460,87;11;;
;;;;;;;;;;
;(K3) Pemasangan 1 m pipa PVC Ø 800 mm;;;;;;;;;
;No;Uraian;Kode;Satuan;Koefisien;Harga Satuan;Jumlah Harga;;;
;A;TENAGA;;;;;;;;
;;Pekerja;L.01;OH;1,618;Rp93.000;Rp150.474,00;;;
;;Tukang pipa;L.02;OH;0,809;Rp98.000;Rp79.282,00;;;
;;Mandor;L.04;OH;0,162;Rp111.000;Rp17.982,00;;;
;;;;JUMLAH TENAGA KERJA;;;Rp247.738,00;;;
;B;BAHAN;;;;;;;;
;;Pipa PVC Ø 800 mm;M.724; m ;1;Rp67.700;Rp67.700,00;;;
;;;;JUMLAH HARGA BAHAN;;;Rp67.700,00;;;
;C;PERALATAN;;;;;;;;
;;Sewa Tripot/Tackel  & handle crane 2 T;E.96;hari;0,25;Rp128.600;Rp32.150,00;;;
;;;;JUMLAH HARGA ALAT;;;Rp32.150,00;;;
;D;Jumlah (A+B+C);;;;;Rp347.588,00;;;
;E;Overhead & Profit 9,5%;;;0,095;;Rp33.020,86;;;
PPP12;F;Harga Satuan Pekerjaan (D+E);;;;;Rp380.608,86;12;;
;;;;;;;;;;
;(K3) Pemasangan 1 m pipa PVC Ø 900 mm;;;;;;;;;
;No;Uraian;Kode;Satuan;Koefisien;Harga Satuan;Jumlah Harga;;;
;A;TENAGA;;;;;;;;
;;Pekerja;L.01;OH;1,691;Rp93.000;Rp157.263,00;;;
;;Tukang pipa;L.02;OH;0,846;Rp98.000;Rp82.908,00;;;
;;Mandor;L.04;OH;0,169;Rp111.000;Rp18.759,00;;;
;;;;JUMLAH TENAGA KERJA;;;Rp258.930,00;;;
;B;BAHAN;;;;;;;;
;;Pipa PVC Ø 900 mm;M.725; m ;1;Rp76.000;Rp76.000,00;;;
;;;;JUMLAH HARGA BAHAN;;;Rp76.000,00;;;
;C;PERALATAN;;;;;;;;
;;Sewa Tripot/Tackel  & handle crane 2 T;E.96;hari;0,262;Rp128.600;Rp33.693,20;;;
;;;;JUMLAH HARGA ALAT;;;Rp33.693,20;;;
;D;Jumlah (A+B+C);;;;;Rp368.623,20;;;
;E;Overhead & Profit 9,5%;;;0,095;;Rp35.019,20;;;
PPP13;F;Harga Satuan Pekerjaan (D+E);;;;;Rp403.642,40;13;;
;;;;;;;;;;
;(K3) Pemasangan 1 m pipa PVC Ø 1000 mm;;;;;;;;;
;No;Uraian;Kode;Satuan;Koefisien;Harga Satuan;Jumlah Harga;;;
;A;TENAGA;;;;;;;;
;;Pekerja;L.01;OH;1,895;Rp93.000;Rp176.235,00;;;
;;Tukang pipa;L.02;OH;0,948;Rp98.000;Rp92.904,00;;;
;;Mandor;L.04;OH;0,19;Rp111.000;Rp21.090,00;;;
;;;;JUMLAH TENAGA KERJA;;;Rp290.229,00;;;
;B;BAHAN;;;;;;;;
;;Pipa PVC Ø 1000 mm;M.726; m ;1;Rp83.700;Rp83.700,00;;;
;;;;JUMLAH HARGA BAHAN;;;Rp83.700,00;;;
;C;PERALATAN;;;;;;;;
;;Sewa Tripot/Tackel  & handle crane 2 T;E.96;hari;0,294;Rp128.600;Rp37.808,40;;;
;;;;JUMLAH HARGA ALAT;;;Rp37.808,40;;;
;D;Jumlah (A+B+C);;;;;Rp411.737,40;;;
;E;Overhead & Profit 9,5%;;;0,095;;Rp39.115,05;;;
PPP14;F;Harga Satuan Pekerjaan (D+E);;;;;Rp450.852,45;14;;
;;;;;;;;;;
;(K3) Pemasangan 1 m pipa PVC Ø 1100 mm;;;;;;;;;
;No;Uraian;Kode;Satuan;Koefisien;Harga Satuan;Jumlah Harga;;;
;A;TENAGA;;;;;;;;
;;Pekerja;L.01;OH;2,099;Rp93.000;Rp195.207,00;;;
;;Tukang pipa;L.02;OH;1,05;Rp98.000;Rp102.900,00;;;
;;Mandor;L.04;OH;0,21;Rp111.000;Rp23.310,00;;;
;;;;JUMLAH TENAGA KERJA;;;Rp321.417,00;;;
;B;BAHAN;;;;;;;;
;;Pipa PVC Ø 1100 mm;M.727; m ;1;Rp105.000;Rp105.000,00;;;
;;;;JUMLAH HARGA BAHAN;;;Rp105.000,00;;;
;C;PERALATAN;;;;;;;;
;;Sewa Tripot/Tackel  & handle crane 2 T;E.96;hari;0,327;Rp128.600;Rp42.052,20;;;
;;;;JUMLAH HARGA ALAT;;;Rp42.052,20;;;
;D;Jumlah (A+B+C);;;;;Rp468.469,20;;;
;E;Overhead & Profit 9,5%;;;0,095;;Rp44.504,57;;;
PPP15;F;Harga Satuan Pekerjaan (D+E);;;;;Rp512.973,77;15;;
;;;;;;;;;;
;(K3) Pemasangan 1 m pipa PVC Ø 1200 mm;;;;;;;;;
;No;Uraian;Kode;Satuan;Koefisien;Harga Satuan;Jumlah Harga;;;
;A;TENAGA;;;;;;;;
;;Pekerja;L.01;OH;2,303;Rp93.000;Rp214.179,00;;;
;;Tukang pipa;L.02;OH;1,152;Rp98.000;Rp112.896,00;;;
;;Mandor;L.04;OH;0,23;Rp111.000;Rp25.530,00;;;
;;;;JUMLAH TENAGA KERJA;;;Rp352.605,00;;;
;B;BAHAN;;;;;;;;
;;Pipa PVC Ø 1200 mm;M.728; m ;1;Rp109.800;Rp109.800,00;;;
;;;;JUMLAH HARGA BAHAN;;;Rp109.800,00;;;
;C;PERALATAN;;;;;;;;
;;Sewa Tripot/Tackel  & handle crane 2 T;E.96;hari;0,359;Rp128.600;Rp46.167,40;;;
;;;;JUMLAH HARGA ALAT;;;Rp46.167,40;;;
;D;Jumlah (A+B+C);;;;;Rp508.572,40;;;
;E;Overhead & Profit 9,5%;;;0,095;;Rp48.314,38;;;
PPP16;F;Harga Satuan Pekerjaan (D+E);;;;;Rp556.886,78;16;;
;;;;;;;;;;
;(K3) Pemasangan 1 m pipa HDPE Ø 63 mm;;;;;;;;;
;No;Uraian;Kode;Satuan;Koefisien;Harga Satuan;Jumlah Harga;;;
;A;TENAGA;;;;;;;;
;;Pekerja;L.01;OH;0,035;Rp93.000;Rp3.255,00;;;
;;Tukang pipa;L.02;OH;0,017;Rp98.000;Rp1.666,00;;;
;;Mandor;L.04;OH;0,003;Rp111.000;Rp333,00;;;
;;;;JUMLAH TENAGA KERJA;;;Rp5.254,00;;;
;B;BAHAN;;;;;;;;
;;Pipa HDPE Ø 63 mm;M.802; m ;1;Rp15.900;Rp15.900,00;;;
;;;;JUMLAH HARGA BAHAN;;;Rp15.900,00;;;
;C;PERALATAN;;;;;;;;
;;Sewa Tripot/Tackel  & handle crane 2 T;E.96;hari;0,019;Rp128.600;Rp2.443,40;;;
;;;;JUMLAH HARGA ALAT;;;Rp2.443,40;;;
;D;Jumlah (A+B+C);;;;;Rp23.597,40;;;
;E;Overhead & Profit 9,5%;;;0,095;;Rp2.241,75;;;
PPP17;F;Harga Satuan Pekerjaan (D+E);;;;;Rp25.839,15;17;;
;;;;;;;;;;
;(K3) Pemasangan 1 m pipa HDPE Ø 100 mm;;;;;;;;;
;No;Uraian;Kode;Satuan;Koefisien;Harga Satuan;Jumlah Harga;;;
;A;TENAGA;;;;;;;;
;;Pekerja;L.01;OH;0,04;Rp93.000;Rp3.720,00;;;
;;Tukang pipa;L.02;OH;0,02;Rp98.000;Rp1.960,00;;;
;;Mandor;L.04;OH;0,004;Rp111.000;Rp444,00;;;
;;;;JUMLAH TENAGA KERJA;;;Rp6.124,00;;;
;B;BAHAN;;;;;;;;
;;Pipa HDPE Ø 100 mm;M.788; m ;1;Rp28.500;Rp28.500,00;;;
;;;;JUMLAH HARGA BAHAN;;;Rp28.500,00;;;
;C;PERALATAN;;;;;;;;
;;Sewa Tripot/Tackel  & handle crane 2 T;E.96;hari;0,019;Rp128.600;Rp2.443,40;;;
;;;;JUMLAH HARGA ALAT;;;Rp2.443,40;;;
;D;Jumlah (A+B+C);;;;;Rp37.067,40;;;
;E;Overhead & Profit 9,5%;;;0,095;;Rp3.521,40;;;
PPP18;F;Harga Satuan Pekerjaan (D+E);;;;;Rp40.588,80;18;;
;;;;;;;;;;
;(K3) Pemasangan 1 m pipa HDPE Ø 125 mm;;;;;;;;;
;No;Uraian;Kode;Satuan;Koefisien;Harga Satuan;Jumlah Harga;;;
;A;TENAGA;;;;;;;;
;;Pekerja;L.01;OH;0,045;Rp93.000;Rp4.185,00;;;
;;Tukang pipa;L.02;OH;0,023;Rp98.000;Rp2.254,00;;;
;;Mandor;L.04;OH;0,005;Rp111.000;Rp555,00;;;
;;;;JUMLAH TENAGA KERJA;;;Rp6.994,00;;;
;B;BAHAN;;;;;;;;
;;Pipa HDPE Ø 125 mm;M.793; bh ;1;Rp37.400;Rp37.400,00;;;
;;;;JUMLAH HARGA BAHAN;;;Rp37.400,00;;;
;C;PERALATAN;;;;;;;;
;;Sewa Tripot/Tackel  & handle crane 2 T;E.96;hari;0,019;Rp128.600;Rp2.443,40;;;
;;;;JUMLAH HARGA ALAT;;;Rp2.443,40;;;
;D;Jumlah (A+B+C);;;;;Rp46.837,40;;;
;E;Overhead & Profit 9,5%;;;0,095;;Rp4.449,55;;;
PPP19;F;Harga Satuan Pekerjaan (D+E);;;;;Rp51.286,95;19;;
;;;;;;;;;;
;(K3) Pemasangan 1 m pipa HDPE Ø 150 mm;;;;;;;;;
;No;Uraian;Kode;Satuan;Koefisien;Harga Satuan;Jumlah Harga;;;
;A;TENAGA;;;;;;;;
;;Pekerja;L.01;OH;0,062;Rp93.000;Rp5.766,00;;;
;;Tukang pipa;L.02;OH;0,031;Rp98.000;Rp3.038,00;;;
;;Mandor;L.04;OH;0,006;Rp111.000;Rp666,00;;;
;;;;JUMLAH TENAGA KERJA;;;Rp9.470,00;;;
;B;BAHAN;;;;;;;;
;;Pipa HDPE Ø 150 mm;M.794; m ;1;Rp60.400;Rp60.400,00;;;
;;;;JUMLAH HARGA BAHAN;;;Rp60.400,00;;;
;C;PERALATAN;;;;;;;;
;;Sewa Tripot/Tackel  & handle crane 2 T;E.96;hari;0,019;Rp128.600;Rp2.443,40;;;
;;;;JUMLAH HARGA ALAT;;;Rp2.443,40;;;
;D;Jumlah (A+B+C);;;;;Rp72.313,40;;;
;E;Overhead & Profit 9,5%;;;0,095;;Rp6.869,77;;;
PPP20;F;Harga Satuan Pekerjaan (D+E);;;;;Rp79.183,17;20;;
;;;;;;;;;;
;(K3) Pemasangan 1 m pipa HDPE Ø 200 mm;;;;;;;;;
;No;Uraian;Kode;Satuan;Koefisien;Harga Satuan;Jumlah Harga;;;
;A;TENAGA;;;;;;;;
;;Pekerja;L.01;OH;0,102;Rp93.000;Rp9.486,00;;;
;;Tukang pipa;L.02;OH;0,051;Rp98.000;Rp4.998,00;;;
;;Mandor;L.04;OH;0,01;Rp111.000;Rp1.110,00;;;
;;;;JUMLAH TENAGA KERJA;;;Rp15.594,00;;;
;B;BAHAN;;;;;;;;
;;Pipa HDPE Ø 200 mm;M.795; m ;1;Rp93.000;Rp93.000,00;;;
;;;;JUMLAH HARGA BAHAN;;;Rp93.000,00;;;
;C;PERALATAN;;;;;;;;
;;Sewa Tripot/Tackel  & handle crane 2 T;E.96;hari;0,019;Rp128.600;Rp2.443,40;;;
;;;;JUMLAH HARGA ALAT;;;Rp2.443,40;;;
;D;Jumlah (A+B+C);;;;;Rp111.037,40;;;
;E;Overhead & Profit 9,5%;;;0,095;;Rp10.548,55;;;
PPP21;F;Harga Satuan Pekerjaan (D+E);;;;;Rp121.585,95;21;;
;;;;;;;;;;
;(K3) Pemasangan 1 m pipa HDPE Ø 250 mm;;;;;;;;;
;No;Uraian;Kode;Satuan;Koefisien;Harga Satuan;Jumlah Harga;;;
;A;TENAGA;;;;;;;;
;;Pekerja;L.01;OH;0,133;Rp93.000;Rp12.369,00;;;
;;Tukang pipa;L.02;OH;0,067;Rp98.000;Rp6.566,00;;;
;;Mandor;L.04;OH;0,013;Rp111.000;Rp1.443,00;;;
;;;;JUMLAH TENAGA KERJA;;;Rp20.378,00;;;
;B;BAHAN;;;;;;;;
;;Pipa HDPE Ø 250 mm;M.796; m ;1;Rp144.200;Rp144.200,00;;;
;;;;JUMLAH HARGA BAHAN;;;Rp144.200,00;;;
;C;PERALATAN;;;;;;;;
;;Sewa Tripot/Tackel  & handle crane 2 T;E.96;hari;0,042;Rp128.600;Rp5.401,20;;;
;;;;JUMLAH HARGA ALAT;;;Rp5.401,20;;;
;D;Jumlah (A+B+C);;;;;Rp169.979,20;;;
;E;Overhead & Profit 9,5%;;;0,095;;Rp16.148,02;;;
PPP22;F;Harga Satuan Pekerjaan (D+E);;;;;Rp186.127,22;22;;
;;;;;;;;;;
;(K3) Pemasangan 1 m pipa HDPE Ø 300 mm;;;;;;;;;
;No;Uraian;Kode;Satuan;Koefisien;Harga Satuan;Jumlah Harga;;;
;A;TENAGA;;;;;;;;
;;Pekerja;L.01;OH;0,17;Rp93.000;Rp15.810,00;;;
;;Tukang pipa;L.02;OH;0,085;Rp98.000;Rp8.330,00;;;
;;Mandor;L.04;OH;0,017;Rp111.000;Rp1.887,00;;;
;;;;JUMLAH TENAGA KERJA;;;Rp26.027,00;;;
;B;BAHAN;;;;;;;;
;;Pipa HDPE Ø 300 mm;M.797; m ;1;Rp231.900;Rp231.900,00;;;
;;;;JUMLAH HARGA BAHAN;;;Rp231.900,00;;;
;C;PERALATAN;;;;;;;;
;;Sewa Tripot/Tackel  & handle crane 2 T;E.96;hari;0,065;Rp128.600;Rp8.359,00;;;
;;;;JUMLAH HARGA ALAT;;;Rp8.359,00;;;
;D;Jumlah (A+B+C);;;;;Rp266.286,00;;;
;E;Overhead & Profit 9,5%;;;0,095;;Rp25.297,17;;;
PPP23;F;Harga Satuan Pekerjaan (D+E);;;;;Rp291.583,17;23;;
;;;;;;;;;;
;(K3) Pemasangan 1 m pipa HDPE Ø 400 mm;;;;;;;;;
;No;Uraian;Kode;Satuan;Koefisien;Harga Satuan;Jumlah Harga;;;
;A;TENAGA;;;;;;;;
;;Pekerja;L.01;OH;0,29;Rp93.000;Rp26.970,00;;;
;;Tukang pipa;L.02;OH;0,145;Rp98.000;Rp14.210,00;;;
;;Mandor;L.04;OH;0,029;Rp111.000;Rp3.219,00;;;
;;;;JUMLAH TENAGA KERJA;;;Rp44.399,00;;;
;B;BAHAN;;;;;;;;
;;Pipa HDPE Ø 400 mm;M.798; m ;1;Rp364.600;Rp364.600,00;;;
;;;;JUMLAH HARGA BAHAN;;;Rp364.600,00;;;
;C;PERALATAN;;;;;;;;
;;Sewa Tripot/Tackel  & handle crane 2 T;E.96;hari;0,152;Rp128.600;Rp19.547,20;;;
;;;;JUMLAH HARGA ALAT;;;Rp19.547,20;;;
;D;Jumlah (A+B+C);;;;;Rp428.546,20;;;
;E;Overhead & Profit 9,5%;;;0,095;;Rp40.711,89;;;
PPP24;F;Harga Satuan Pekerjaan (D+E);;;;;Rp469.258,09;24;;
;;;;;;;;;;
;(K3) Pemasangan 1 m pipa HDPE Ø 450 mm;;;;;;;;;
;No;Uraian;Kode;Satuan;Koefisien;Harga Satuan;Jumlah Harga;;;
;A;TENAGA;;;;;;;;
;;Pekerja;L.01;OH;0,359;Rp93.000;Rp33.387,00;;;
;;Tukang pipa;L.02;OH;0,18;Rp98.000;Rp17.640,00;;;
;;Mandor;L.04;OH;0,036;Rp111.000;Rp3.996,00;;;
;;;;JUMLAH TENAGA KERJA;;;Rp55.023,00;;;
;B;BAHAN;;;;;;;;
;;Pipa HDPE Ø 450 mm;M.799; m ;1;Rp464.700;Rp464.700,00;;;
;;;;JUMLAH HARGA BAHAN;;;Rp464.700,00;;;
;C;PERALATAN;;;;;;;;
;;Sewa Tripot/Tackel  & handle crane 2 T;E.96;hari;0,2;Rp128.600;Rp25.720,00;;;
;;;;JUMLAH HARGA ALAT;;;Rp25.720,00;;;
;D;Jumlah (A+B+C);;;;;Rp545.443,00;;;
;E;Overhead & Profit 9,5%;;;0,095;;Rp51.817,09;;;
PPP25;F;Harga Satuan Pekerjaan (D+E);;;;;Rp597.260,09;25;;
;;;;;;;;;;
;(K3) Pemasangan 1 m pipa HDPE Ø 500 mm;;;;;;;;;
;No;Uraian;Kode;Satuan;Koefisien;Harga Satuan;Jumlah Harga;;;
;A;TENAGA;;;;;;;;
;;Pekerja;L.01;OH;0,433;Rp93.000;Rp40.269,00;;;
;;Tukang pipa;L.02;OH;0,216;Rp98.000;Rp21.168,00;;;
;;Mandor;L.04;OH;0,043;Rp111.000;Rp4.773,00;;;
;;;;JUMLAH TENAGA KERJA;;;Rp66.210,00;;;
;B;BAHAN;;;;;;;;
;;Pipa HDPE Ø 500 mm;M.800; m ;1;Rp578.600;Rp578.600,00;;;
;;;;JUMLAH HARGA BAHAN;;;Rp578.600,00;;;
;C;PERALATAN;;;;;;;;
;;Sewa Tripot/Tackel  & handle crane 2 T;E.96;hari;0,251;Rp128.600;Rp32.278,60;;;
;;;;JUMLAH HARGA ALAT;;;Rp32.278,60;;;
;D;Jumlah (A+B+C);;;;;Rp677.088,60;;;
;E;Overhead & Profit 9,5%;;;0,095;;Rp64.323,42;;;
PPP26;F;Harga Satuan Pekerjaan (D+E);;;;;Rp741.412,02;26;;
;;;;;;;;;;
;(K3) Pemasangan 1 m pipa HDPE Ø 600 mm;;;;;;;;;
;No;Uraian;Kode;Satuan;Koefisien;Harga Satuan;Jumlah Harga;;;
;A;TENAGA;;;;;;;;
;;Pekerja;L.01;OH;0,512;Rp93.000;Rp47.616,00;;;
;;Tukang pipa;L.02;OH;0,256;Rp98.000;Rp25.088,00;;;
;;Mandor;L.04;OH;0,051;Rp111.000;Rp5.661,00;;;
;;;;JUMLAH TENAGA KERJA;;;Rp78.365,00;;;
;B;BAHAN;;;;;;;;
;;Pipa HDPE Ø 600 mm;M.801; m ;1;Rp927.000;Rp927.000,00;;;
;;;;JUMLAH HARGA BAHAN;;;Rp927.000,00;;;
;C;PERALATAN;;;;;;;;
;;Sewa Tripot/Tackel  & handle crane 2 T;E.96;hari;0,307;Rp128.600;Rp39.480,20;;;
;;;;JUMLAH HARGA ALAT;;;Rp39.480,20;;;
;D;Jumlah (A+B+C);;;;;Rp1.044.845,20;;;
;E;Overhead & Profit 9,5%;;;0,095;;Rp99.260,29;;;
PPP27;F;Harga Satuan Pekerjaan (D+E);;;;;Rp1.144.105,49;27;;
;;;;;;;;;;
;(K3) Pemasangan 1 m pipa HDPE Ø 800 mm;;;;;;;;;
;No;Uraian;Kode;Satuan;Koefisien;Harga Satuan;Jumlah Harga;;;
;A;TENAGA;;;;;;;;
;;Pekerja;L.01;OH;0,893;Rp93.000;Rp83.049,00;;;
;;Tukang pipa;L.02;OH;0,446;Rp98.000;Rp43.708,00;;;
;;Mandor;L.04;OH;0,089;Rp111.000;Rp9.879,00;;;
;;;;JUMLAH TENAGA KERJA;;;Rp136.636,00;;;
;B;BAHAN;;;;;;;;
;;Pipa HDPE Ø 800 mm;M.803; bh ;1;Rp1.576.000;Rp1.576.000,00;;;
;;;;JUMLAH HARGA BAHAN;;;Rp1.576.000,00;;;
;C;PERALATAN;;;;;;;;
;;Sewa Tripot/Tackel  & handle crane 2 T;E.96;hari;0,573;Rp128.600;Rp73.687,80;;;
;;;;JUMLAH HARGA ALAT;;;Rp73.687,80;;;
;D;Jumlah (A+B+C);;;;;Rp1.786.323,80;;;
;E;Overhead & Profit 9,5%;;;0,095;;Rp169.700,76;;;
PPP28;F;Harga Satuan Pekerjaan (D+E);;;;;Rp1.956.024,56;28;;
;;;;;;;;;;
;(K3) Pemasangan 1 m pipa HDPE Ø 900 mm;;;;;;;;;
;No;Uraian;Kode;Satuan;Koefisien;Harga Satuan;Jumlah Harga;;;
;A;TENAGA;;;;;;;;
;;Pekerja;L.01;OH;1,353;Rp93.000;Rp125.829,00;;;
;;Tukang pipa;L.02;OH;0,677;Rp98.000;Rp66.346,00;;;
;;Mandor;L.04;OH;0,135;Rp111.000;Rp14.985,00;;;
;;;;JUMLAH TENAGA KERJA;;;Rp207.160,00;;;
;B;BAHAN;;;;;;;;
;;Pipa HDPE Ø 900 mm;M.804; m ;1;Rp2.034.800;Rp2.034.800,00;;;
;;;;JUMLAH HARGA BAHAN;;;Rp2.034.800,00;;;
;C;PERALATAN;;;;;;;;
;;Sewa Tripot/Tackel  & handle crane 2 T;E.96;hari;0,883;Rp128.600;Rp113.553,80;;;
;;;;JUMLAH HARGA ALAT;;;Rp113.553,80;;;
;D;Jumlah (A+B+C);;;;;Rp2.355.513,80;;;
;E;Overhead & Profit 9,5%;;;0,095;;Rp223.773,81;;;
PPP29;F;Harga Satuan Pekerjaan (D+E);;;;;Rp2.579.287,61;29;;
;;;;;;;;;;
;(K3) Pemasangan 1 m pipa HDPE Ø 1000 mm;;;;;;;;;
;No;Uraian;Kode;Satuan;Koefisien;Harga Satuan;Jumlah Harga;;;
;A;TENAGA;;;;;;;;
;;Pekerja;L.01;OH;1,659;Rp93.000;Rp154.287,00;;;
;;Tukang pipa;L.02;OH;0,83;Rp98.000;Rp81.340,00;;;
;;Mandor;L.04;OH;0,166;Rp111.000;Rp18.426,00;;;
;;;;JUMLAH TENAGA KERJA;;;Rp254.053,00;;;
;B;BAHAN;;;;;;;;
;;Pipa HDPE Ø 1000 mm;M.790; m ;1;Rp2.479.900;Rp2.479.900,00;;;
;;;;JUMLAH HARGA BAHAN;;;Rp2.479.900,00;;;
;C;PERALATAN;;;;;;;;
;;Sewa Tripot/Tackel  & handle crane 2 T;E.96;hari;1,093;Rp128.600;Rp140.559,80;;;
;;;;JUMLAH HARGA ALAT;;;Rp140.559,80;;;
;D;Jumlah (A+B+C);;;;;Rp2.874.512,80;;;
;E;Overhead & Profit 9,5%;;;0,095;;Rp273.078,72;;;
PPP30;F;Harga Satuan Pekerjaan (D+E);;;;;Rp3.147.591,52;30;;
;;;;;;;;;;
;(K3) Pemasangan 1 m pipa HDPE Ø 1100 mm;;;;;;;;;
;No;Uraian;Kode;Satuan;Koefisien;Harga Satuan;Jumlah Harga;;;
;A;TENAGA;;;;;;;;
;;Pekerja;L.01;OH;1,818;Rp93.000;Rp169.074,00;;;
;;Tukang pipa;L.02;OH;0,909;Rp98.000;Rp89.082,00;;;
;;Mandor;L.04;OH;0,182;Rp111.000;Rp20.202,00;;;
;;;;JUMLAH TENAGA KERJA;;;Rp278.358,00;;;
;B;BAHAN;;;;;;;;
;;Pipa HDPE Ø 1100 mm;M.791; bh ;1;Rp2.722.100;Rp2.722.100,00;;;
;;;;JUMLAH HARGA BAHAN;;;Rp2.722.100,00;;;
;C;PERALATAN;;;;;;;;
;;Sewa Tripot/Tackel  & handle crane 2 T;E.96;hari;1,205;Rp128.600;Rp154.963,00;;;
;;;;JUMLAH HARGA ALAT;;;Rp154.963,00;;;
;D;Jumlah (A+B+C);;;;;Rp3.155.421,00;;;
;E;Overhead & Profit 9,5%;;;0,095;;Rp299.765,00;;;
PPP31;F;Harga Satuan Pekerjaan (D+E);;;;;Rp3.455.186,00;31;;
;;;;;;;;;;
;(K3) Pemasangan 1 m pipa HDPE Ø 1200 mm;;;;;;;;;
;No;Uraian;Kode;Satuan;Koefisien;Harga Satuan;Jumlah Harga;;;
;A;TENAGA;;;;;;;;
;;Pekerja;L.01;OH;2,37;Rp93.000;Rp220.410,00;;;
;;Tukang pipa;L.02;OH;1,185;Rp98.000;Rp116.130,00;;;
;;Mandor;L.04;OH;0,237;Rp111.000;Rp26.307,00;;;
;;;;JUMLAH TENAGA KERJA;;;Rp362.847,00;;;
;B;BAHAN;;;;;;;;
;;Pipa HDPE Ø 1200 mm;M.792; bh ;1;Rp3.031.200;Rp3.031.200,00;;;
;;;;JUMLAH HARGA BAHAN;;;Rp3.031.200,00;;;
;C;PERALATAN;;;;;;;;
;;Sewa Tripot/Tackel  & handle crane 2 T;E.96;hari;1,584;Rp128.600;Rp203.702,40;;;
;;;;JUMLAH HARGA ALAT;;;Rp203.702,40;;;
;D;Jumlah (A+B+C);;;;;Rp3.597.749,40;;;
;E;Overhead & Profit 9,5%;;;0,095;;Rp341.786,19;;;
PPP32;F;Harga Satuan Pekerjaan (D+E);;;;;Rp3.939.535,59;32;;
;;;;;;;;;;
;(K3) Pemasangan 1 m pipa GIP Ø 63 mm;;;;;;;;;
;No;Uraian;Kode;Satuan;Koefisien;Harga Satuan;Jumlah Harga;;;
;A;TENAGA;;;;;;;;
;;Pekerja;L.01;OH;0,345;Rp93.000;Rp32.085,00;;;
;;Tukang pipa;L.02;OH;0,172;Rp98.000;Rp16.856,00;;;
;;Mandor;L.04;OH;0,034;Rp111.000;Rp3.774,00;;;
;;;;JUMLAH TENAGA KERJA;;;Rp52.715,00;;;
;B;BAHAN;;;;;;;;
;;Pipa GIP Ø 63 mm;M.785; m ;1;Rp21.200;Rp21.200,00;;;
;;;;JUMLAH HARGA BAHAN;;;Rp21.200,00;;;
;C;PERALATAN;;;;;;;;
;;Sewa Tripot/Tackel  & handle crane 2 T;E.96;hari;0,038;Rp128.600;Rp4.886,80;;;
;;;;JUMLAH HARGA ALAT;;;Rp4.886,80;;;
;D;Jumlah (A+B+C);;;;;Rp78.801,80;;;
;E;Overhead & Profit 9,5%;;;0,095;;Rp7.486,17;;;
PPP33;F;Harga Satuan Pekerjaan (D+E);;;;;Rp86.287,97;33;;
;;;;;;;;;;
;(K3) Pemasangan 1 m pipa GIP Ø 100 mm;;;;;;;;;
;No;Uraian;Kode;Satuan;Koefisien;Harga Satuan;Jumlah Harga;;;
;A;TENAGA;;;;;;;;
;;Pekerja;L.01;OH;0,4;Rp93.000;Rp37.200,00;;;
;;Tukang pipa;L.02;OH;0,2;Rp98.000;Rp19.600,00;;;
;;Mandor;L.04;OH;0,04;Rp111.000;Rp4.440,00;;;
;;;;JUMLAH TENAGA KERJA;;;Rp61.240,00;;;
;B;BAHAN;;;;;;;;
;;Pipa GIP Ø 100 mm;M.772; bh ;1;Rp24.600;Rp24.600,00;;;
;;;;JUMLAH HARGA BAHAN;;;Rp24.600,00;;;
;C;PERALATAN;;;;;;;;
;;Sewa Tripot/Tackel  & handle crane 2 T;E.96;hari;0,038;Rp128.600;Rp4.886,80;;;
;;;;JUMLAH HARGA ALAT;;;Rp4.886,80;;;
;D;Jumlah (A+B+C);;;;;Rp90.726,80;;;
;E;Overhead & Profit 9,5%;;;0,095;;Rp8.619,05;;;
PPP34;F;Harga Satuan Pekerjaan (D+E);;;;;Rp99.345,85;34;;
;;;;;;;;;;
;(K3) Pemasangan 1 m pipa GIP Ø 125 mm;;;;;;;;;
;No;Uraian;Kode;Satuan;Koefisien;Harga Satuan;Jumlah Harga;;;
;A;TENAGA;;;;;;;;
;;Pekerja;L.01;OH;0,448;Rp93.000;Rp41.664,00;;;
;;Tukang pipa;L.02;OH;0,224;Rp98.000;Rp21.952,00;;;
;;Mandor;L.04;OH;0,045;Rp111.000;Rp4.995,00;;;
;;;;JUMLAH TENAGA KERJA;;;Rp68.611,00;;;
;B;BAHAN;;;;;;;;
;;Pipa GIP Ø 125 mm;M.776; m ;1;Rp35.200;Rp35.200,00;;;
;;;;JUMLAH HARGA BAHAN;;;Rp35.200,00;;;
;C;PERALATAN;;;;;;;;
;;Sewa Tripot/Tackel  & handle crane 2 T;E.96;hari;0,038;Rp128.600;Rp4.886,80;;;
;;;;JUMLAH HARGA ALAT;;;Rp4.886,80;;;
;D;Jumlah (A+B+C);;;;;Rp108.697,80;;;
;E;Overhead & Profit 9,5%;;;0,095;;Rp10.326,29;;;
PPP35;F;Harga Satuan Pekerjaan (D+E);;;;;Rp119.024,09;35;;
;;;;;;;;;;
;(K3) Pemasangan 1 m pipa GIP Ø 150 mm;;;;;;;;;
;No;Uraian;Kode;Satuan;Koefisien;Harga Satuan;Jumlah Harga;;;
;A;TENAGA;;;;;;;;
;;Pekerja;L.01;OH;0,506;Rp93.000;Rp47.058,00;;;
;;Tukang pipa;L.02;OH;0,253;Rp98.000;Rp24.794,00;;;
;;Mandor;L.04;OH;0,051;Rp111.000;Rp5.661,00;;;
;;;;JUMLAH TENAGA KERJA;;;Rp77.513,00;;;
;B;BAHAN;;;;;;;;
;;Pipa GIP Ø 150 mm;M.777; m ;1;Rp54.800;Rp54.800,00;;;
;;;;JUMLAH HARGA BAHAN;;;Rp54.800,00;;;
;C;PERALATAN;;;;;;;;
;;Sewa Tripot/Tackel  & handle crane 2 T;E.96;hari;0,042;Rp128.600;Rp5.401,20;;;
;;;;JUMLAH HARGA ALAT;;;Rp5.401,20;;;
;D;Jumlah (A+B+C);;;;;Rp137.714,20;;;
;E;Overhead & Profit 9,5%;;;0,095;;Rp13.082,85;;;
PPP36;F;Harga Satuan Pekerjaan (D+E);;;;;Rp150.797,05;36;;
;;;;;;;;;;
;(K3) Pemasangan 1 m pipa GIP Ø 200 mm;;;;;;;;;
;No;Uraian;Kode;Satuan;Koefisien;Harga Satuan;Jumlah Harga;;;
;A;TENAGA;;;;;;;;
;;Pekerja;L.01;OH;0,796;Rp93.000;Rp74.028,00;;;
;;Tukang pipa;L.02;OH;0,398;Rp98.000;Rp39.004,00;;;
;;Mandor;L.04;OH;0,08;Rp111.000;Rp8.880,00;;;
;;;;JUMLAH TENAGA KERJA;;;Rp121.912,00;;;
;B;BAHAN;;;;;;;;
;;Pipa GIP Ø 200 mm;M.778; m ;1;Rp84.600;Rp84.600,00;;;
;;;;JUMLAH HARGA BAHAN;;;Rp84.600,00;;;
;C;PERALATAN;;;;;;;;
;;Sewa Tripot/Tackel  & handle crane 2 T;E.96;hari;0,042;Rp128.600;Rp5.401,20;;;
;;;;JUMLAH HARGA ALAT;;;Rp5.401,20;;;
;D;Jumlah (A+B+C);;;;;Rp211.913,20;;;
;E;Overhead & Profit 9,5%;;;0,095;;Rp20.131,75;;;
PPP37;F;Harga Satuan Pekerjaan (D+E);;;;;Rp232.044,95;37;;
;;;;;;;;;;
;(K3) Pemasangan 1 m pipa GIP Ø 250 mm;;;;;;;;;
;No;Uraian;Kode;Satuan;Koefisien;Harga Satuan;Jumlah Harga;;;
;A;TENAGA;;;;;;;;
;;Pekerja;L.01;OH;0,949;Rp93.000;Rp88.257,00;;;
;;Tukang pipa;L.02;OH;0,475;Rp98.000;Rp46.550,00;;;
;;Mandor;L.04;OH;0,095;Rp111.000;Rp10.545,00;;;
;;;;JUMLAH TENAGA KERJA;;;Rp145.352,00;;;
;B;BAHAN;;;;;;;;
;;Pipa GIP Ø 250 mm;M.779; m ;1;Rp132.400;Rp132.400,00;;;
;;;;JUMLAH HARGA BAHAN;;;Rp132.400,00;;;
;C;PERALATAN;;;;;;;;
;;Sewa Tripot/Tackel  & handle crane 2 T;E.96;hari;0,042;Rp128.600;Rp5.401,20;;;
;;;;JUMLAH HARGA ALAT;;;Rp5.401,20;;;
;D;Jumlah (A+B+C);;;;;Rp283.153,20;;;
;E;Overhead & Profit 9,5%;;;0,095;;Rp26.899,55;;;
PPP38;F;Harga Satuan Pekerjaan (D+E);;;;;Rp310.052,75;38;;
;;;;;;;;;;
;(K3) Pemasangan 1 m pipa GIP Ø 300 mm;;;;;;;;;
;No;Uraian;Kode;Satuan;Koefisien;Harga Satuan;Jumlah Harga;;;
;A;TENAGA;;;;;;;;
;;Pekerja;L.01;OH;0,958;Rp93.000;Rp89.094,00;;;
;;Tukang pipa;L.02;OH;0,479;Rp98.000;Rp46.942,00;;;
;;Mandor;L.04;OH;0,096;Rp111.000;Rp10.656,00;;;
;;;;JUMLAH TENAGA KERJA;;;Rp146.692,00;;;
;B;BAHAN;;;;;;;;
;;Pipa GIP Ø 300 mm;M.780; m ;1;Rp200.400;Rp200.400,00;;;
;;;;JUMLAH HARGA BAHAN;;;Rp200.400,00;;;
;C;PERALATAN;;;;;;;;
;;Sewa Tripot/Tackel  & handle crane 2 T;E.96;hari;0,042;Rp128.600;Rp5.401,20;;;
;;;;JUMLAH HARGA ALAT;;;Rp5.401,20;;;
;D;Jumlah (A+B+C);;;;;Rp352.493,20;;;
;E;Overhead & Profit 9,5%;;;0,095;;Rp33.486,85;;;
PPP39;F;Harga Satuan Pekerjaan (D+E);;;;;Rp385.980,05;39;;
;;;;;;;;;;
;(K3) Pemasangan 1 m pipa GIP Ø 400 mm;;;;;;;;;
;No;Uraian;Kode;Satuan;Koefisien;Harga Satuan;Jumlah Harga;;;
;A;TENAGA;;;;;;;;
;;Pekerja;L.01;OH;1,212;Rp93.000;Rp112.716,00;;;
;;Tukang pipa;L.02;OH;0,606;Rp98.000;Rp59.388,00;;;
;;Mandor;L.04;OH;0,121;Rp111.000;Rp13.431,00;;;
;;;;JUMLAH TENAGA KERJA;;;Rp185.535,00;;;
;B;BAHAN;;;;;;;;
;;Pipa GIP Ø 400 mm;M.781; m ;1;Rp348.100;Rp348.100,00;;;
;;;;JUMLAH HARGA BAHAN;;;Rp348.100,00;;;
;C;PERALATAN;;;;;;;;
;;Sewa Tripot/Tackel  & handle crane 2 T;E.96;hari;0,0575;Rp128.600;Rp7.394,50;;;
;;;;JUMLAH HARGA ALAT;;;Rp7.394,50;;;
;D;Jumlah (A+B+C);;;;;Rp541.029,50;;;
;E;Overhead & Profit 9,5%;;;0,095;;Rp51.397,80;;;
PPP40;F;Harga Satuan Pekerjaan (D+E);;;;;Rp592.427,30;40;;
;;;;;;;;;;
;(K3) Pemasangan 1 m pipa GIP Ø 450 mm;;;;;;;;;
;No;Uraian;Kode;Satuan;Koefisien;Harga Satuan;Jumlah Harga;;;
;A;TENAGA;;;;;;;;
;;Pekerja;L.01;OH;1,353;Rp93.000;Rp125.829,00;;;
;;Tukang pipa;L.02;OH;0,676;Rp98.000;Rp66.248,00;;;
;;Mandor;L.04;OH;0,135;Rp111.000;Rp14.985,00;;;
;;;;JUMLAH TENAGA KERJA;;;Rp207.062,00;;;
;B;BAHAN;;;;;;;;
;;Pipa GIP Ø 450 mm;M.782; m ;1;Rp441.000;Rp441.000,00;;;
;;;;JUMLAH HARGA BAHAN;;;Rp441.000,00;;;
;C;PERALATAN;;;;;;;;
;;Sewa Tripot/Tackel  & handle crane 2 T;E.96;hari;0,0575;Rp128.600;Rp7.394,50;;;
;;;;JUMLAH HARGA ALAT;;;Rp7.394,50;;;
;D;Jumlah (A+B+C);;;;;Rp655.456,50;;;
;E;Overhead & Profit 9,5%;;;0,095;;Rp62.268,37;;;
PPP41;F;Harga Satuan Pekerjaan (D+E);;;;;Rp717.724,87;41;;
;;;;;;;;;;
;(K3) Pemasangan 1 m pipa GIP Ø 500 mm;;;;;;;;;
;No;Uraian;Kode;Satuan;Koefisien;Harga Satuan;Jumlah Harga;;;
;A;TENAGA;;;;;;;;
;;Pekerja;L.01;OH;1,469;Rp93.000;Rp136.617,00;;;
;;Tukang pipa;L.02;OH;0,735;Rp98.000;Rp72.030,00;;;
;;Mandor;L.04;OH;0,147;Rp111.000;Rp16.317,00;;;
;;;;JUMLAH TENAGA KERJA;;;Rp224.964,00;;;
;B;BAHAN;;;;;;;;
;;Pipa GIP Ø 500 mm;M.783; m ;1;Rp526.000;Rp526.000,00;;;
;;;;JUMLAH HARGA BAHAN;;;Rp526.000,00;;;
;C;PERALATAN;;;;;;;;
;;Sewa Tripot/Tackel  & handle crane 2 T;E.96;hari;0,0767;Rp128.600;Rp9.863,62;;;
;;;;JUMLAH HARGA ALAT;;;Rp9.863,62;;;
;D;Jumlah (A+B+C);;;;;Rp760.827,62;;;
;E;Overhead & Profit 9,5%;;;0,095;;Rp72.278,62;;;
PPP42;F;Harga Satuan Pekerjaan (D+E);;;;;Rp833.106,24;42;;
;;;;;;;;;;
;(K3) Pemasangan 1 m pipa GIP Ø 600 mm;;;;;;;;;
;No;Uraian;Kode;Satuan;Koefisien;Harga Satuan;Jumlah Harga;;;
;A;TENAGA;;;;;;;;
;;Pekerja;L.01;OH;1,327;Rp93.000;Rp123.411,00;;;
;;Tukang pipa;L.02;OH;0,664;Rp98.000;Rp65.072,00;;;
;;Mandor;L.04;OH;0,133;Rp111.000;Rp14.763,00;;;
;;;;JUMLAH TENAGA KERJA;;;Rp203.246,00;;;
;B;BAHAN;;;;;;;;
;;Pipa GIP Ø 600 mm;M.784; m ;1;Rp654.000;Rp654.000,00;;;
;;;;JUMLAH HARGA BAHAN;;;Rp654.000,00;;;
;C;PERALATAN;;;;;;;;
;;Sewa Tripot/Tackel  & handle crane 2 T;E.96;hari;0,0767;Rp128.600;Rp9.863,62;;;
;;;;JUMLAH HARGA ALAT;;;Rp9.863,62;;;
;D;Jumlah (A+B+C);;;;;Rp867.109,62;;;
;E;Overhead & Profit 9,5%;;;0,095;;Rp82.375,41;;;
PPP43;F;Harga Satuan Pekerjaan (D+E);;;;;Rp949.485,03;43;;
;;;;;;;;;;
;(K3) Pemasangan 1 m pipa GIP Ø 800 mm;;;;;;;;;
;No;Uraian;Kode;Satuan;Koefisien;Harga Satuan;Jumlah Harga;;;
;A;TENAGA;;;;;;;;
;;Pekerja;L.01;OH;2,327;Rp93.000;Rp216.411,00;;;
;;Tukang pipa;L.02;OH;1,163;Rp98.000;Rp113.974,00;;;
;;Mandor;L.04;OH;0,233;Rp111.000;Rp25.863,00;;;
;;;;JUMLAH TENAGA KERJA;;;Rp356.248,00;;;
;B;BAHAN;;;;;;;;
;;Pipa GIP Ø 800 mm;M.786; m ;1;Rp870.000;Rp870.000,00;;;
;;;;JUMLAH HARGA BAHAN;;;Rp870.000,00;;;
;C;PERALATAN;;;;;;;;
;;Sewa Tripot/Tackel  & handle crane 2 T;E.96;hari;0,0863;Rp128.600;Rp11.098,18;;;
;;;;JUMLAH HARGA ALAT;;;Rp11.098,18;;;
;D;Jumlah (A+B+C);;;;;Rp1.237.346,18;;;
;E;Overhead & Profit 9,5%;;;0,095;;Rp117.547,89;;;
PPP44;F;Harga Satuan Pekerjaan (D+E);;;;;Rp1.354.894,07;44;;
;;;;;;;;;;
;(K3) Pemasangan 1 m pipa GIP Ø 900 mm;;;;;;;;;
;No;Uraian;Kode;Satuan;Koefisien;Harga Satuan;Jumlah Harga;;;
;A;TENAGA;;;;;;;;
;;Pekerja;L.01;OH;2,623;Rp93.000;Rp243.939,00;;;
;;Tukang pipa;L.02;OH;1,312;Rp98.000;Rp128.576,00;;;
;;Mandor;L.04;OH;0,262;Rp111.000;Rp29.082,00;;;
;;;;JUMLAH TENAGA KERJA;;;Rp401.597,00;;;
;B;BAHAN;;;;;;;;
;;Pipa GIP Ø 900 mm;M.787; m ;1;Rp1.016.000;Rp1.016.000,00;;;
;;;;JUMLAH HARGA BAHAN;;;Rp1.016.000,00;;;
;C;PERALATAN;;;;;;;;
;;Sewa Tripot/Tackel  & handle crane 2 T;E.96;hari;0,0863;Rp128.600;Rp11.098,18;;;
;;;;JUMLAH HARGA ALAT;;;Rp11.098,18;;;
;D;Jumlah (A+B+C);;;;;Rp1.428.695,18;;;
;E;Overhead & Profit 9,5%;;;0,095;;Rp135.726,04;;;
PPP45;F;Harga Satuan Pekerjaan (D+E);;;;;Rp1.564.421,22;45;;
;;;;;;;;;;
;(K3) Pemasangan 1 m pipa GIP Ø 1000 mm;;;;;;;;;
;No;Uraian;Kode;Satuan;Koefisien;Harga Satuan;Jumlah Harga;;;
;A;TENAGA;;;;;;;;
;;Pekerja;L.01;OH;2,911;Rp93.000;Rp270.723,00;;;
;;Tukang pipa;L.02;OH;1,456;Rp98.000;Rp142.688,00;;;
;;Mandor;L.04;OH;0,291;Rp111.000;Rp32.301,00;;;
;;;;JUMLAH TENAGA KERJA;;;Rp445.712,00;;;
;B;BAHAN;;;;;;;;
;;Pipa GIP Ø 1000 mm;M.773; m ;1;Rp1.087.400;Rp1.087.400,00;;;
;;;;JUMLAH HARGA BAHAN;;;Rp1.087.400,00;;;
;C;PERALATAN;;;;;;;;
;;Sewa Tripot/Tackel  & handle crane 2 T;E.96;hari;0,0863;Rp128.600;Rp11.098,18;;;
;;;;JUMLAH HARGA ALAT;;;Rp11.098,18;;;
;D;Jumlah (A+B+C);;;;;Rp1.544.210,18;;;
;E;Overhead & Profit 9,5%;;;0,095;;Rp146.699,97;;;
PPP46;F;Harga Satuan Pekerjaan (D+E);;;;;Rp1.690.910,15;46;;
;;;;;;;;;;
;(K3) Pemasangan 1 m pipa GIP Ø 1100 mm;;;;;;;;;
;No;Uraian;Kode;Satuan;Koefisien;Harga Satuan;Jumlah Harga;;;
;A;TENAGA;;;;;;;;
;;Pekerja;L.01;OH;3,2;Rp93.000;Rp297.600,00;;;
;;Tukang pipa;L.02;OH;1,6;Rp98.000;Rp156.800,00;;;
;;Mandor;L.04;OH;0,32;Rp111.000;Rp35.520,00;;;
;;;;JUMLAH TENAGA KERJA;;;Rp489.920,00;;;
;B;BAHAN;;;;;;;;
;;Pipa GIP Ø 1100 mm;M.774; bh ;1;Rp1.399.100;Rp1.399.100,00;;;
;;;;JUMLAH HARGA BAHAN;;;Rp1.399.100,00;;;
;C;PERALATAN;;;;;;;;
;;Sewa Tripot/Tackel  & handle crane 2 T;E.96;hari;0,0863;Rp128.600;Rp11.098,18;;;
;;;;JUMLAH HARGA ALAT;;;Rp11.098,18;;;
;D;Jumlah (A+B+C);;;;;Rp1.900.118,18;;;
;E;Overhead & Profit 9,5%;;;0,095;;Rp180.511,23;;;
PPP47;F;Harga Satuan Pekerjaan (D+E);;;;;Rp2.080.629,41;47;;
;;;;;;;;;;
;(K3) Pemasangan 1 m pipa GIP Ø 1200 mm;;;;;;;;;
;No;Uraian;Kode;Satuan;Koefisien;Harga Satuan;Jumlah Harga;;;
;A;TENAGA;;;;;;;;
;;Pekerja;L.01;OH;0,3488;Rp93.000;Rp32.438,40;;;
;;Tukang pipa;L.02;OH;1,744;Rp98.000;Rp170.912,00;;;
;;Mandor;L.04;OH;0,349;Rp111.000;Rp38.739,00;;;
;;;;JUMLAH TENAGA KERJA;;;Rp242.089,40;;;
;B;BAHAN;;;;;;;;
;;Pipa GIP Ø 1200 mm;M.775; m ;1;Rp1.528.200;Rp1.528.200,00;;;
;;;;JUMLAH HARGA BAHAN;;;Rp1.528.200,00;;;
;C;PERALATAN;;;;;;;;
;;Sewa Tripot/Tackel  & handle crane 2 T;E.96;hari;0,0863;Rp128.600;Rp11.098,18;;;
;;;;JUMLAH HARGA ALAT;;;Rp11.098,18;;;
;D;Jumlah (A+B+C);;;;;Rp1.781.387,58;;;
;E;Overhead & Profit 9,5%;;;0,095;;Rp169.231,82;;;
PPP48;F;Harga Satuan Pekerjaan (D+E);;;;;Rp1.950.619,40;48;;
;;;;;;;;;;
;(K3) Pemasangan 1 m pipa DCI Ø 100 mm;;;;;;;;;
;No;Uraian;Kode;Satuan;Koefisien;Harga Satuan;Jumlah Harga;;;
;A;TENAGA;;;;;;;;
;;Pekerja;L.01;OH;0,489;Rp93.000;Rp45.477,00;;;
;;Tukang pipa;L.02;OH;0,098;Rp98.000;Rp9.604,00;;;
;;Mandor;L.04;OH;0,049;Rp111.000;Rp5.439,00;;;
;;;;JUMLAH TENAGA KERJA;;;Rp60.520,00;;;
;B;BAHAN;;;;;;;;
;;Pipa DCI Ø 100 mm;M.757; m ;1;Rp23.500;Rp23.500,00;;;
;;;;JUMLAH HARGA BAHAN;;;Rp23.500,00;;;
;C;PERALATAN;;;;;;;;
;;Sewa Tripot/Tackel  & handle crane 2 T;E.96;hari;0,38;Rp128.600;Rp48.868,00;;;
;;;;JUMLAH HARGA ALAT;;;Rp48.868,00;;;
;D;Jumlah (A+B+C);;;;;Rp132.888,00;;;
;E;Overhead & Profit 9,5%;;;0,095;;Rp12.624,36;;;
PPP49;F;Harga Satuan Pekerjaan (D+E);;;;;Rp145.512,36;49;;
;;;;;;;;;;
;(K3) Pemasangan 1 m pipa DCI Ø 125 mm;;;;;;;;;
;No;Uraian;Kode;Satuan;Koefisien;Harga Satuan;Jumlah Harga;;;
;A;TENAGA;;;;;;;;
;;Pekerja;L.01;OH;0,547;Rp93.000;Rp50.871,00;;;
;;Tukang pipa;L.02;OH;0,109;Rp98.000;Rp10.682,00;;;
;;Mandor;L.04;OH;0,055;Rp111.000;Rp6.105,00;;;
;;;;JUMLAH TENAGA KERJA;;;Rp67.658,00;;;
;B;BAHAN;;;;;;;;
;;Pipa DCI Ø 125 mm;M.761; m ;1;Rp26.000;Rp26.000,00;;;
;;;;JUMLAH HARGA BAHAN;;;Rp26.000,00;;;
;C;PERALATAN;;;;;;;;
;;Sewa Tripot/Tackel  & handle crane 2 T;E.96;hari;0,38;Rp128.600;Rp48.868,00;;;
;;;;JUMLAH HARGA ALAT;;;Rp48.868,00;;;
;D;Jumlah (A+B+C);;;;;Rp142.526,00;;;
;E;Overhead & Profit 9,5%;;;0,095;;Rp13.539,97;;;
PPP50;F;Harga Satuan Pekerjaan (D+E);;;;;Rp156.065,97;50;;
;;;;;;;;;;
;(K3) Pemasangan 1 m pipa DCI Ø 150 mm;;;;;;;;;
;No;Uraian;Kode;Satuan;Koefisien;Harga Satuan;Jumlah Harga;;;
;A;TENAGA;;;;;;;;
;;Pekerja;L.01;OH;0,613;Rp93.000;Rp57.009,00;;;
;;Tukang pipa;L.02;OH;0,123;Rp98.000;Rp12.054,00;;;
;;Mandor;L.04;OH;0,061;Rp111.000;Rp6.771,00;;;
;;;;JUMLAH TENAGA KERJA;;;Rp75.834,00;;;
;B;BAHAN;;;;;;;;
;;Pipa DCI Ø 150 mm;M.762; bh ;1;Rp56.100;Rp56.100,00;;;
;;;;JUMLAH HARGA BAHAN;;;Rp56.100,00;;;
;C;PERALATAN;;;;;;;;
;;Sewa Tripot/Tackel  & handle crane 2 T;E.96;hari;0,38;Rp128.600;Rp48.868,00;;;
;;;;JUMLAH HARGA ALAT;;;Rp48.868,00;;;
;D;Jumlah (A+B+C);;;;;Rp180.802,00;;;
;E;Overhead & Profit 9,5%;;;0,095;;Rp17.176,19;;;
PPP51;F;Harga Satuan Pekerjaan (D+E);;;;;Rp197.978,19;51;;
;;;;;;;;;;
;(K3) Pemasangan 1 m pipa DCI Ø 200 mm;;;;;;;;;
;No;Uraian;Kode;Satuan;Koefisien;Harga Satuan;Jumlah Harga;;;
;A;TENAGA;;;;;;;;
;;Pekerja;L.01;OH;0,855;Rp93.000;Rp79.515,00;;;
;;Tukang pipa;L.02;OH;0,171;Rp98.000;Rp16.758,00;;;
;;Mandor;L.04;OH;0,085;Rp111.000;Rp9.435,00;;;
;;;;JUMLAH TENAGA KERJA;;;Rp105.708,00;;;
;B;BAHAN;;;;;;;;
;;Pipa DCI Ø 200 mm;M.763; M ;1;Rp66.300;Rp66.300,00;;;
;;;;JUMLAH HARGA BAHAN;;;Rp66.300,00;;;
;C;PERALATAN;;;;;;;;
;;Sewa Tripot/Tackel  & handle crane 2 T;E.96;hari;0,38;Rp128.600;Rp48.868,00;;;
;;;;JUMLAH HARGA ALAT;;;Rp48.868,00;;;
;D;Jumlah (A+B+C);;;;;Rp220.876,00;;;
;E;Overhead & Profit 9,5%;;;0,095;;Rp20.983,22;;;
PPP52;F;Harga Satuan Pekerjaan (D+E);;;;;Rp241.859,22;52;;
;;;;;;;;;;
;(K3) Pemasangan 1 m pipa DCI Ø 250 mm;;;;;;;;;
;No;Uraian;Kode;Satuan;Koefisien;Harga Satuan;Jumlah Harga;;;
;A;TENAGA;;;;;;;;
;;Pekerja;L.01;OH;0,951;Rp93.000;Rp88.443,00;;;
;;Tukang pipa;L.02;OH;0,19;Rp98.000;Rp18.620,00;;;
;;Mandor;L.04;OH;0,095;Rp111.000;Rp10.545,00;;;
;;;;JUMLAH TENAGA KERJA;;;Rp117.608,00;;;
;B;BAHAN;;;;;;;;
;;Pipa DCI Ø 250 mm;M.764; M ;1;Rp73.800;Rp73.800,00;;;
;;;;JUMLAH HARGA BAHAN;;;Rp73.800,00;;;
;C;PERALATAN;;;;;;;;
;;Sewa Tripot/Tackel  & handle crane 2 T;E.96;hari;0,05;Rp128.600;Rp6.430,00;;;
;;;;JUMLAH HARGA ALAT;;;Rp6.430,00;;;
;D;Jumlah (A+B+C);;;;;Rp197.838,00;;;
;E;Overhead & Profit 9,5%;;;0,095;;Rp18.794,61;;;
PPP53;F;Harga Satuan Pekerjaan (D+E);;;;;Rp216.632,61;53;;
;;;;;;;;;;
;(K3) Pemasangan 1 m pipa DCI Ø 300 mm;;;;;;;;;
;No;Uraian;Kode;Satuan;Koefisien;Harga Satuan;Jumlah Harga;;;
;A;TENAGA;;;;;;;;
;;Pekerja;L.01;OH;0,973;Rp93.000;Rp90.489,00;;;
;;Tukang pipa;L.02;OH;0,195;Rp98.000;Rp19.110,00;;;
;;Mandor;L.04;OH;0,097;Rp111.000;Rp10.767,00;;;
;;;;JUMLAH TENAGA KERJA;;;Rp120.366,00;;;
;B;BAHAN;;;;;;;;
;;Pipa DCI Ø 300 mm;M.765; bh ;1;Rp79.400;Rp79.400,00;;;
;;;;JUMLAH HARGA BAHAN;;;Rp79.400,00;;;
;C;PERALATAN;;;;;;;;
;;Sewa Tripot/Tackel  & handle crane 2 T;E.96;hari;0,071;Rp128.600;Rp9.130,60;;;
;;;;JUMLAH HARGA ALAT;;;Rp9.130,60;;;
;D;Jumlah (A+B+C);;;;;Rp208.896,60;;;
;E;Overhead & Profit 9,5%;;;0,095;;Rp19.845,18;;;
PPP54;F;Harga Satuan Pekerjaan (D+E);;;;;Rp228.741,78;54;;
;;;;;;;;;;
;(K3) Pemasangan 1 m pipa DCI Ø 400 mm;;;;;;;;;
;No;Uraian;Kode;Satuan;Koefisien;Harga Satuan;Jumlah Harga;;;
;A;TENAGA;;;;;;;;
;;Pekerja;L.01;OH;1,545;Rp93.000;Rp143.685,00;;;
;;Tukang pipa;L.02;OH;0,309;Rp98.000;Rp30.282,00;;;
;;Operator alat berat;L.05;OH;0,093;Rp158.700;Rp14.759,10;;;
;;Mandor;L.04;OH;0,154;Rp111.000;Rp17.094,00;;;
;;;;JUMLAH TENAGA KERJA;;;Rp205.820,10;;;
;B;BAHAN;;;;;;;;
;;Pipa DCI Ø 400 mm;M.766; bh ;1;Rp122.500;Rp122.500,00;;;
;;;;JUMLAH HARGA BAHAN;;;Rp122.500,00;;;
;C;PERALATAN;;;;;;;;
;;Sewa excavator type 225 kap 0,5 -1,0 m3;E.31;hari;0,023;Rp322.400;Rp7.415,20;;;
;;Sewa Tripot/Tackel  & handle crane 2 T;E.96;hari;0,031;Rp128.600;Rp3.986,60;;;
;;;;JUMLAH HARGA ALAT;;;Rp11.401,80;;;
;D;Jumlah (A+B+C);;;;;Rp339.721,90;;;
;E;Overhead & Profit 9,5%;;;0,095;;Rp32.273,58;;;
PPP55;F;Harga Satuan Pekerjaan (D+E);;;;;Rp371.995,48;55;;
;;;;;;;;;;
;(K3) Pemasangan 1 m pipa DCI Ø 450 mm;;;;;;;;;
;No;Uraian;Kode;Satuan;Koefisien;Harga Satuan;Jumlah Harga;;;
;A;TENAGA;;;;;;;;
;;Pekerja;L.01;OH;1,813;Rp93.000;Rp168.609,00;;;
;;Tukang pipa;L.02;OH;0,363;Rp98.000;Rp35.574,00;;;
;;Operator alat berat;L.05;OH;0,143;Rp158.700;Rp22.694,10;;;
;;Mandor;L.04;OH;0,181;Rp111.000;Rp20.091,00;;;
;;;;JUMLAH TENAGA KERJA;;;Rp246.968,10;;;
;B;BAHAN;;;;;;;;
;;Pipa DCI Ø 450 mm;M.767; m ;1;Rp184.600;Rp184.600,00;;;
;;;;JUMLAH HARGA BAHAN;;;Rp184.600,00;;;
;C;PERALATAN;;;;;;;;
;;Sewa excavator type 225 kap 0,5 -1,0 m3;E.31;hari;0,029;Rp322.400;Rp9.349,60;;;
;;Sewa Tripot/Tackel  & handle crane 2 T;E.96;hari;0,039;Rp128.600;Rp5.015,40;;;
;;;;JUMLAH HARGA ALAT;;;Rp14.365,00;;;
;D;Jumlah (A+B+C);;;;;Rp445.933,10;;;
;E;Overhead & Profit 9,5%;;;0,095;;Rp42.363,64;;;
PPP56;F;Harga Satuan Pekerjaan (D+E);;;;;Rp488.296,74;56;;
;;;;;;;;;;
;(K3) Pemasangan 1 m pipa DCI Ø 500 mm;;;;;;;;;
;No;Uraian;Kode;Satuan;Koefisien;Harga Satuan;Jumlah Harga;;;
;A;TENAGA;;;;;;;;
;;Pekerja;L.01;OH;2,047;Rp93.000;Rp190.371,00;;;
;;Tukang pipa;L.02;OH;0,409;Rp98.000;Rp40.082,00;;;
;;Operator alat berat;L.05;OH;0,193;Rp158.700;Rp30.629,10;;;
;;Mandor;L.04;OH;0,205;Rp111.000;Rp22.755,00;;;
;;;;JUMLAH TENAGA KERJA;;;Rp283.837,10;;;
;B;BAHAN;;;;;;;;
;;Pipa DCI Ø 500 mm;M.768; m ;1;Rp320.600;Rp320.600,00;;;
;;;;JUMLAH HARGA BAHAN;;;Rp320.600,00;;;
;C;PERALATAN;;;;;;;;
;;Sewa excavator type 225 kap 0,5 -1,0 m3;E.31;hari;0,034;Rp322.400;Rp10.961,60;;;
;;Sewa Tripot/Tackel  & handle crane 2 T;E.96;hari;0,045;Rp128.600;Rp5.787,00;;;
;;;;JUMLAH HARGA ALAT;;;Rp16.748,60;;;
;D;Jumlah (A+B+C);;;;;Rp621.185,70;;;
;E;Overhead & Profit 9,5%;;;0,095;;Rp59.012,64;;;
PPP57;F;Harga Satuan Pekerjaan (D+E);;;;;Rp680.198,34;57;;
;;;;;;;;;;
;(K3) Pemasangan 1 m Pipa DCI Ø 600 mm;;;;;;;;;
;No;Uraian;Kode;Satuan;Koefisien;Harga Satuan;Jumlah Harga;;;
;A;TENAGA;;;;;;;;
;;Pekerja;L.01;OH;2,011;Rp93.000;Rp187.023,00;;;
;;Tukang pipa;L.02;OH;0,402;Rp98.000;Rp39.396,00;;;
;;Operator alat berat;L.05;OH;0,293;Rp158.700;Rp46.499,10;;;
;;Mandor;L.04;OH;0,201;Rp111.000;Rp22.311,00;;;
;;;;JUMLAH TENAGA KERJA;;;Rp295.229,10;;;
;B;BAHAN;;;;;;;;
;;Pipa DCI Ø 600 mm;M.769; m ;1;Rp404.600;Rp404.600,00;;;
;;;;JUMLAH HARGA BAHAN;;;Rp404.600,00;;;
;C;PERALATAN;;;;;;;;
;;Sewa excavator type 225 kap 0,5 -1,0 m3;E.31;hari;0,058;Rp322.400;Rp18.699,20;;;
;;Sewa Tripot/Tackel  & handle crane 2 T;E.96;hari;0,077;Rp128.600;Rp9.902,20;;;
;;;;JUMLAH HARGA ALAT;;;Rp28.601,40;;;
;D;Jumlah (A+B+C);;;;;Rp728.430,50;;;
;E;Overhead & Profit 9,5%;;;0,095;;Rp69.200,90;;;
PPP58;F;Harga Satuan Pekerjaan (D+E);;;;;Rp797.631,40;58;;
;;;;;;;;;;
;(K3) Pemasangan 1 m pipa DCI Ø800 mm;;;;;;;;;
;No;Uraian;Kode;Satuan;Koefisien;Harga Satuan;Jumlah Harga;;;
;A;TENAGA;;;;;;;;
;;Pekerja;L.01;OH;3,859;Rp93.000;Rp358.887,00;;;
;;Tukang pipa;L.02;OH;0,772;Rp98.000;Rp75.656,00;;;
;;Operator alat berat;L.05;OH;0,493;Rp158.700;Rp78.239,10;;;
;;Mandor;L.04;OH;0,386;Rp111.000;Rp42.846,00;;;
;;;;JUMLAH TENAGA KERJA;;;Rp555.628,10;;;
;B;BAHAN;;;;;;;;
;;Pipa DCI Ø 800 mm;M.770; m ;1;Rp495.800;Rp495.800,00;;;
;;;;JUMLAH HARGA BAHAN;;;Rp495.800,00;;;
;C;PERALATAN;;;;;;;;
;;Sewa excavator type 225 kap 0,5 -1,0 m3;E.31;hari;0,084;Rp322.400;Rp27.081,60;;;
;;Sewa Tripot/Tackel  & handle crane 2 T;E.96;hari;0,225;Rp128.600;Rp28.935,00;;;
;;;;JUMLAH HARGA ALAT;;;Rp56.016,60;;;
;D;Jumlah (A+B+C);;;;;Rp1.107.444,70;;;
;E;Overhead & Profit 9,5%;;;0,095;;Rp105.207,25;;;
PPP59;F;Harga Satuan Pekerjaan (D+E);;;;;Rp1.212.651,95;59;;
;;;;;;;;;;
;(K3) Pemasangan 1 m pipa DCI Ø900 mm;;;;;;;;;
;No;Uraian;Kode;Satuan;Koefisien;Harga Satuan;Jumlah Harga;;;
;A;TENAGA;;;;;;;;
;;Pekerja;L.01;OH;4,995;Rp93.000;Rp464.535,00;;;
;;Tukang pipa;L.02;OH;0,999;Rp98.000;Rp97.902,00;;;
;;Operator alat berat;L.05;OH;0,593;Rp158.700;Rp94.109,10;;;
;;Mandor;L.04;OH;0,499;Rp111.000;Rp55.389,00;;;
;;;;JUMLAH TENAGA KERJA;;;Rp711.935,10;;;
;B;BAHAN;;;;;;;;
;;Pipa DCI Ø 900 mm;M.771; m ;1;Rp630.000;Rp630.000,00;;;
;;;;JUMLAH HARGA BAHAN;;;Rp630.000,00;;;
;C;PERALATAN;;;;;;;;
;;Sewa excavator type 225 kap 0,5 -1,0 m3;E.31;hari;0,093;Rp322.400;Rp29.983,20;;;
;;Sewa Tripot/Tackel  & handle crane 2 T;E.96;hari;0,248;Rp128.600;Rp31.892,80;;;
;;;;JUMLAH HARGA ALAT;;;Rp61.876,00;;;
;D;Jumlah (A+B+C);;;;;Rp1.403.811,10;;;
;E;Overhead & Profit 9,5%;;;0,095;;Rp133.362,05;;;
PPP60;F;Harga Satuan Pekerjaan (D+E);;;;;Rp1.537.173,15;60;;
;;;;;;;;;;
;(K3) Pemasangan 1 m pipa DCI Ø1000 mm;;;;;;;;;
;No;Uraian;Kode;Satuan;Koefisien;Harga Satuan;Jumlah Harga;;;
;A;TENAGA;;;;;;;;
;;Pekerja;L.01;OH;5,931;Rp93.000;Rp551.583,00;;;
;;Tukang pipa;L.02;OH;1,186;Rp98.000;Rp116.228,00;;;
;;Operator alat berat;L.05;OH;0,793;Rp158.700;Rp125.849,10;;;
;;Mandor;L.04;OH;0,693;Rp111.000;Rp76.923,00;;;
;;;;JUMLAH TENAGA KERJA;;;Rp870.583,10;;;
;B;BAHAN;;;;;;;;
;;Pipa DCI Ø 1000 mm;M.758; m ;1;Rp820.900;Rp820.900,00;;;
;;;;JUMLAH HARGA BAHAN;;;Rp820.900,00;;;
;C;PERALATAN;;;;;;;;
;;Sewa excavator type 225 kap 0,5 -1,0 m3;E.31;hari;0,112;Rp322.400;Rp36.108,80;;;
;;Sewa Tripot/Tackel  & handle crane 2 T;E.96;hari;0,298;Rp128.600;Rp38.322,80;;;
;;;;JUMLAH HARGA ALAT;;;Rp74.431,60;;;
;D;Jumlah (A+B+C);;;;;Rp1.765.914,70;;;
;E;Overhead & Profit 9,5%;;;0,095;;Rp167.761,90;;;
PPP61;F;Harga Satuan Pekerjaan (D+E);;;;;Rp1.933.676,60;61;;
;;;;;;;;;;
;(K3) Pemasangan 1 m pipa DCI Ø1100 mm;;;;;;;;;
;No;Uraian;Kode;Satuan;Koefisien;Harga Satuan;Jumlah Harga;;;
;A;TENAGA;;;;;;;;
;;Pekerja;L.01;OH;6,949;Rp93.000;Rp646.257,00;;;
;;Tukang pipa;L.02;OH;1,39;Rp98.000;Rp136.220,00;;;
;;Operator alat berat;L.05;OH;0,793;Rp158.700;Rp125.849,10;;;
;;Mandor;L.04;OH;0,695;Rp111.000;Rp77.145,00;;;
;;;;JUMLAH TENAGA KERJA;;;Rp985.471,10;;;
;B;BAHAN;;;;;;;;
;;Pipa DCI Ø 1100 mm;M.759; bh ;1;Rp1.060.200;Rp1.060.200,00;;;
;;;;JUMLAH HARGA BAHAN;;;Rp1.060.200,00;;;
;C;PERALATAN;;;;;;;;
;;Sewa excavator type 225 kap 0,5 -1,0 m3;E.31;hari;0,152;Rp322.400;Rp49.004,80;;;
;;Sewa Tripot/Tackel  & handle crane 2 T;E.96;hari;0,304;Rp128.600;Rp39.094,40;;;
;;;;JUMLAH HARGA ALAT;;;Rp88.099,20;;;
;D;Jumlah (A+B+C);;;;;Rp2.133.770,30;;;
;E;Overhead & Profit 9,5%;;;0,095;;Rp202.708,18;;;
PPP62;F;Harga Satuan Pekerjaan (D+E);;;;;Rp2.336.478,48;62;;
;;;;;;;;;;
;(K3) Pemasangan 1 m pipa DCI Ø1200 mm;;;;;;;;;
;No;Uraian;Kode;Satuan;Koefisien;Harga Satuan;Jumlah Harga;;;
;A;TENAGA;;;;;;;;
;;Pekerja;L.01;OH;8,056;Rp93.000;Rp749.208,00;;;
;;Tukang pipa;L.02;OH;1,611;Rp98.000;Rp157.878,00;;;
;;Operator alat berat;L.05;OH;0,893;Rp158.700;Rp141.719,10;;;
;;Mandor;L.04;OH;0,806;Rp111.000;Rp89.466,00;;;
;;;;JUMLAH TENAGA KERJA;;;Rp1.138.271,10;;;
;B;BAHAN;;;;;;;;
;;Pipa DCI Ø 1200 mm;M.760; bh ;1;Rp1.178.500;Rp1.178.500,00;;;
;;;;JUMLAH HARGA BAHAN;;;Rp1.178.500,00;;;
;C;PERALATAN;;;;;;;;
;;Sewa excavator type 225 kap 0,5 -1,0 m3;E.31;hari;0,18;Rp322.400;Rp58.032,00;;;
;;Sewa Tripot/Tackel  & handle crane 2 T;E.96;hari;0,36;Rp128.600;Rp46.296,00;;;
;;;;JUMLAH HARGA ALAT;;;Rp104.328,00;;;
;D;Jumlah (A+B+C);;;;;Rp2.421.099,10;;;
;E;Overhead & Profit 9,5%;;;0,095;;Rp230.004,41;;;
PPP63;F;Harga Satuan Pekerjaan (D+E);;;;;Rp2.651.103,51;63;;
;;;;;;;;;;
;(K3) Pemasangan 1 m pipa baja Ø 63 mm;;;;;;;;;
;No;Uraian;Kode;Satuan;Koefisien;Harga Satuan;Jumlah Harga;;;
;A;TENAGA;;;;;;;;
;;Pekerja;L.01;OH;0,499;Rp93.000;Rp46.407,00;;;
;;Tukang pipa;L.02;OH;0,1;Rp98.000;Rp9.800,00;;;
;;Mandor;L.04;OH;0,05;Rp111.000;Rp5.550,00;;;
;;;;JUMLAH TENAGA KERJA;;;Rp61.757,00;;;
;B;BAHAN;;;;;;;;
;;Pipa Baja Ø 63 mm;M.753; bh ;1;Rp57.600;Rp57.600,00;;;
;;;;JUMLAH HARGA BAHAN;;;Rp57.600,00;;;
;C;PERALATAN;;;;;;;;
;;Sewa Tripot/Tackel  & handle crane 2 T;E.96;hari;0,004;Rp128.600;Rp514,40;;;
;;;;JUMLAH HARGA ALAT;;;Rp514,40;;;
;D;Jumlah (A+B+C);;;;;Rp119.871,40;;;
;E;Overhead & Profit 9,5%;;;0,095;;Rp11.387,78;;;
PPP64;F;Harga Satuan Pekerjaan (D+E);;;;;Rp131.259,18;64;;
;;;;;;;;;;
;(K3) Pemasangan 1 m pipa baja Ø 100 mm;;;;;;;;;
;No;Uraian;Kode;Satuan;Koefisien;Harga Satuan;Jumlah Harga;;;
;A;TENAGA;;;;;;;;
;;Pekerja;L.01;OH;0,579;Rp93.000;Rp53.847,00;;;
;;Tukang pipa;L.02;OH;0,116;Rp98.000;Rp11.368,00;;;
;;Mandor;L.04;OH;0,058;Rp111.000;Rp6.438,00;;;
;;;;JUMLAH TENAGA KERJA;;;Rp71.653,00;;;
;B;BAHAN;;;;;;;;
;;Pipa Baja Ø 100 mm;M.739; m ;1;Rp78.300;Rp78.300,00;;;
;;;;JUMLAH HARGA BAHAN;;;Rp78.300,00;;;
;C;PERALATAN;;;;;;;;
;;Sewa Tripot/Tackel  & handle crane 2 T;E.96;hari;0,004;Rp128.600;Rp514,40;;;
;;;;JUMLAH HARGA ALAT;;;Rp514,40;;;
;D;Jumlah (A+B+C);;;;;Rp150.467,40;;;
;E;Overhead & Profit 9,5%;;;0,095;;Rp14.294,40;;;
PPP65;F;Harga Satuan Pekerjaan (D+E);;;;;Rp164.761,80;65;;
;;;;;;;;;;
;(K3) Pemasangan 1 m pipa baja Ø 125 mm;;;;;;;;;
;No;Uraian;Kode;Satuan;Koefisien;Harga Satuan;Jumlah Harga;;;
;A;TENAGA;;;;;;;;
;;Pekerja;L.01;OH;0,648;Rp93.000;Rp60.264,00;;;
;;Tukang pipa;L.02;OH;0,13;Rp98.000;Rp12.740,00;;;
;;Mandor;L.04;OH;0,065;Rp111.000;Rp7.215,00;;;
;;;;JUMLAH TENAGA KERJA;;;Rp80.219,00;;;
;B;BAHAN;;;;;;;;
;;Pipa Baja Ø 125 mm;M.743; m ;1;Rp218.400;Rp218.400,00;;;
;;;;JUMLAH HARGA BAHAN;;;Rp218.400,00;;;
;C;PERALATAN;;;;;;;;
;;Sewa Tripot/Tackel  & handle crane 2 T;E.96;hari;0,004;Rp128.600;Rp514,40;;;
;;;;JUMLAH HARGA ALAT;;;Rp514,40;;;
;D;Jumlah (A+B+C);;;;;Rp299.133,40;;;
;E;Overhead & Profit 9,5%;;;0,095;;Rp28.417,67;;;
PPP66;F;Harga Satuan Pekerjaan (D+E);;;;;Rp327.551,07;66;;
;;;;;;;;;;
;(K3) Pemasangan 1 m pipa baja Ø 150 mm;;;;;;;;;
;No;Uraian;Kode;Satuan;Koefisien;Harga Satuan;Jumlah Harga;;;
;A;TENAGA;;;;;;;;
;;Pekerja;L.01;OH;0,708;Rp93.000;Rp65.844,00;;;
;;Tukang pipa;L.02;OH;0,142;Rp98.000;Rp13.916,00;;;
;;Mandor;L.04;OH;0,071;Rp111.000;Rp7.881,00;;;
;;;;JUMLAH TENAGA KERJA;;;Rp87.641,00;;;
;B;BAHAN;;;;;;;;
;;Pipa Baja Ø 150 mm;M.744; m ;1;Rp348.000;Rp348.000,00;;;
;;;;JUMLAH HARGA BAHAN;;;Rp348.000,00;;;
;C;PERALATAN;;;;;;;;
;;Sewa Tripot/Tackel  & handle crane 2 T;E.96;hari;0,004;Rp128.600;Rp514,40;;;
;;;;JUMLAH HARGA ALAT;;;Rp514,40;;;
;D;Jumlah (A+B+C);;;;;Rp436.155,40;;;
;E;Overhead & Profit 9,5%;;;0,095;;Rp41.434,76;;;
PPP67;F;Harga Satuan Pekerjaan (D+E);;;;;Rp477.590,16;67;;
;;;;;;;;;;
;(K3) Pemasangan 1 m pipa baja Ø 200 mm;;;;;;;;;
;No;Uraian;Kode;Satuan;Koefisien;Harga Satuan;Jumlah Harga;;;
;A;TENAGA;;;;;;;;
;;Pekerja;L.01;OH;1,113;Rp93.000;Rp103.509,00;;;
;;Tukang pipa;L.02;OH;0,223;Rp98.000;Rp21.854,00;;;
;;Mandor;L.04;OH;0,111;Rp111.000;Rp12.321,00;;;
;;;;JUMLAH TENAGA KERJA;;;Rp137.684,00;;;
;B;BAHAN;;;;;;;;
;;Pipa Baja Ø 200 mm;M.745; m ;1;Rp529.400;Rp529.400,00;;;
;;;;JUMLAH HARGA BAHAN;;;Rp529.400,00;;;
;C;PERALATAN;;;;;;;;
;;Sewa Tripot/Tackel  & handle crane 2 T;E.96;hari;0,004;Rp128.600;Rp514,40;;;
;;;;JUMLAH HARGA ALAT;;;Rp514,40;;;
;D;Jumlah (A+B+C);;;;;Rp667.598,40;;;
;E;Overhead & Profit 9,5%;;;0,095;;Rp63.421,85;;;
PPP68;F;Harga Satuan Pekerjaan (D+E);;;;;Rp731.020,25;68;;
;;;;;;;;;;
;(K3) Pemasangan 1 m' pipa baja Ø 250 mm;;;;;;;;;
;No;Uraian;Kode;Satuan;Koefisien;Harga Satuan;Jumlah Harga;;;
;A;TENAGA;;;;;;;;
;;Pekerja;L.01;OH;1,325;Rp93.000;Rp123.225,00;;;
;;Tukang pipa;L.02;OH;0,265;Rp98.000;Rp25.970,00;;;
;;Mandor;L.04;OH;0,133;Rp111.000;Rp14.763,00;;;
;;;;JUMLAH TENAGA KERJA;;;Rp163.958,00;;;
;B;BAHAN;;;;;;;;
;;Pipa Baja Ø 250 mm;M.746; m ;1;Rp812.200;Rp812.200,00;;;
;;;;JUMLAH HARGA BAHAN;;;Rp812.200,00;;;
;C;PERALATAN;;;;;;;;
;;Sewa Tripot/Tackel  & handle crane 2 T;E.96;hari;0,004;Rp128.600;Rp514,40;;;
;;;;JUMLAH HARGA ALAT;;;Rp514,40;;;
;D;Jumlah (A+B+C);;;;;Rp976.672,40;;;
;E;Overhead & Profit 9,5%;;;0,095;;Rp92.783,88;;;
PPP69;F;Harga Satuan Pekerjaan (D+E);;;;;Rp1.069.456,28;69;;
;;;;;;;;;;
;(K3) Pemasangan 1 m pipa baja Ø 300 mm;;;;;;;;;
;No;Uraian;Kode;Satuan;Koefisien;Harga Satuan;Jumlah Harga;;;
;A;TENAGA;;;;;;;;
;;Pekerja;L.01;OH;1,415;Rp93.000;Rp131.595,00;;;
;;Tukang pipa;L.02;OH;0,283;Rp98.000;Rp27.734,00;;;
;;Mandor;L.04;OH;0,141;Rp111.000;Rp15.651,00;;;
;;;;JUMLAH TENAGA KERJA;;;Rp174.980,00;;;
;B;BAHAN;;;;;;;;
;;Pipa Baja Ø 300 mm;M.747; m ;1;Rp1.212.600;Rp1.212.600,00;;;
;;;;JUMLAH HARGA BAHAN;;;Rp1.212.600,00;;;
;C;PERALATAN;;;;;;;;
;;Sewa Tripot/Tackel  & handle crane 2 T;E.96;hari;0,004;Rp128.600;Rp514,40;;;
;;;;JUMLAH HARGA ALAT;;;Rp514,40;;;
;D;Jumlah (A+B+C);;;;;Rp1.388.094,40;;;
;E;Overhead & Profit 9,5%;;;0,095;;Rp131.868,97;;;
PPP70;F;Harga Satuan Pekerjaan (D+E);;;;;Rp1.519.963,37;70;;
;;;;;;;;;;
;(K3) Pemasangan 1 m pipa baja Ø 400 mm;;;;;;;;;
;No;Uraian;Kode;Satuan;Koefisien;Harga Satuan;Jumlah Harga;;;
;A;TENAGA;;;;;;;;
;;Pekerja;L.01;OH;2,366;Rp93.000;Rp220.038,00;;;
;;Tukang pipa;L.02;OH;0,473;Rp98.000;Rp46.354,00;;;
;;Mandor;L.04;OH;0,237;Rp111.000;Rp26.307,00;;;
;;;;JUMLAH TENAGA KERJA;;;Rp292.699,00;;;
;B;BAHAN;;;;;;;;
;;Pipa Baja Ø 400 mm;M.748; m ;1;Rp2.142.200;Rp2.142.200,00;;;
;;;;JUMLAH HARGA BAHAN;;;Rp2.142.200,00;;;
;C;PERALATAN;;;;;;;;
;;Sewa excavator type 225 kap 0,5 -1,0 m3;E.31;hari;0,027;Rp322.400;Rp8.704,80;;;
;;Sewa Tripot/Tackel  & handle crane 2 T;E.96;hari;0,039;Rp128.600;Rp5.015,40;;;
;;;;JUMLAH HARGA ALAT;;;Rp13.720,20;;;
;D;Jumlah (A+B+C);;;;;Rp2.448.619,20;;;
;E;Overhead & Profit 9,5%;;;0,095;;Rp232.618,82;;;
PPP71;F;Harga Satuan Pekerjaan (D+E);;;;;Rp2.681.238,02;71;;
;;;;;;;;;;
;(K3) Pemasangan 1 m pipa baja Ø 450 mm;;;;;;;;;
;No;Uraian;Kode;Satuan;Koefisien;Harga Satuan;Jumlah Harga;;;
;A;TENAGA;;;;;;;;
;;Pekerja;L.01;OH;2,231;Rp93.000;Rp207.483,00;;;
;;Tukang pipa;L.02;OH;0,446;Rp98.000;Rp43.708,00;;;
;;Mandor;L.04;OH;0,223;Rp111.000;Rp24.753,00;;;
;;;;JUMLAH TENAGA KERJA;;;Rp275.944,00;;;
;B;BAHAN;;;;;;;;
;;Pipa Baja Ø 450 mm;M.749; m ;1;Rp2.661.900;Rp2.661.900,00;;;
;;;;JUMLAH HARGA BAHAN;;;Rp2.661.900,00;;;
;C;PERALATAN;;;;;;;;
;;Sewa excavator type 225 kap 0,5 -1,0 m3;E.31;hari;0,026;Rp322.400;Rp8.382,40;;;
;;Sewa Tripot/Tackel  & handle crane 2 T;E.96;hari;0,037;Rp128.600;Rp4.758,20;;;
;;;;JUMLAH HARGA ALAT;;;Rp13.140,60;;;
;D;Jumlah (A+B+C);;;;;Rp2.950.984,60;;;
;E;Overhead & Profit 9,5%;;;0,095;;Rp280.343,54;;;
PPP72;F;Harga Satuan Pekerjaan (D+E);;;;;Rp3.231.328,14;72;;
;;;;;;;;;;
;(K3) Pemasangan 1 m pipa baja Ø 500 mm;;;;;;;;;
;No;Uraian;Kode;Satuan;Koefisien;Harga Satuan;Jumlah Harga;;;
;A;TENAGA;;;;;;;;
;;Pekerja;L.01;OH;2,432;Rp93.000;Rp226.176,00;;;
;;Tukang pipa;L.02;OH;0,486;Rp98.000;Rp47.628,00;;;
;;Mandor;L.04;OH;0,243;Rp111.000;Rp26.973,00;;;
;;;;JUMLAH TENAGA KERJA;;;Rp300.777,00;;;
;B;BAHAN;;;;;;;;
;;Pipa Baja Ø 500 mm;M.751; m ;1;Rp3.272.100;Rp3.272.100,00;;;
;;;;JUMLAH HARGA BAHAN;;;Rp3.272.100,00;;;
;C;PERALATAN;;;;;;;;
;;Sewa excavator type 225 kap 0,5 -1,0 m3;E.31;hari;0,029;Rp322.400;Rp9.349,60;;;
;;Sewa Tripot/Tackel  & handle crane 2 T;E.96;hari;0,045;Rp128.600;Rp5.787,00;;;
;;;;JUMLAH HARGA ALAT;;;Rp15.136,60;;;
;D;Jumlah (A+B+C);;;;;Rp3.588.013,60;;;
;E;Overhead & Profit 9,5%;;;0,095;;Rp340.861,29;;;
PPP73;F;Harga Satuan Pekerjaan (D+E);;;;;Rp3.928.874,89;73;;
;;;;;;;;;;
;(K3) Pemasangan 1 m pipa baja Ø 600 mm;;;;;;;;;
;No;Uraian;Kode;Satuan;Koefisien;Harga Satuan;Jumlah Harga;;;
;A;TENAGA;;;;;;;;
;;Pekerja;L.01;OH;2,208;Rp93.000;Rp205.344,00;;;
;;Tukang pipa;L.02;OH;0,442;Rp98.000;Rp43.316,00;;;
;;Mandor;L.04;OH;0,221;Rp111.000;Rp24.531,00;;;
;;;;JUMLAH TENAGA KERJA;;;Rp273.191,00;;;
;B;BAHAN;;;;;;;;
;;Pipa Baja Ø 600 mm;M.752; m ;1;Rp4.345.600;Rp4.345.600,00;;;
;;;;JUMLAH HARGA BAHAN;;;Rp4.345.600,00;;;
;C;PERALATAN;;;;;;;;
;;Sewa excavator type 225 kap 0,5 -1,0 m3;E.31;hari;0,027;Rp322.400;Rp8.704,80;;;
;;Sewa Tripot/Tackel  & handle crane 2 T;E.96;hari;0,039;Rp128.600;Rp5.015,40;;;
;;;;JUMLAH HARGA ALAT;;;Rp13.720,20;;;
;D;Jumlah (A+B+C);;;;;Rp4.632.511,20;;;
;E;Overhead & Profit 9,5%;;;0,095;;Rp440.088,56;;;
PPP74;F;Harga Satuan Pekerjaan (D+E);;;;;Rp5.072.599,76;74;;
;;;;;;;;;;
;(K3) Pemasangan 1 m pipa baja Ø 800 mm;;;;;;;;;
;No;Uraian;Kode;Satuan;Koefisien;Harga Satuan;Jumlah Harga;;;
;A;TENAGA;;;;;;;;
;;Pekerja;L.01;OH;3,897;Rp93.000;Rp362.421,00;;;
;;Tukang pipa;L.02;OH;0,779;Rp98.000;Rp76.342,00;;;
;;Mandor;L.04;OH;0,39;Rp111.000;Rp43.290,00;;;
;;;;JUMLAH TENAGA KERJA;;;Rp482.053,00;;;
;B;BAHAN;;;;;;;;
;;Pipa Baja Ø 800 mm;M.754; m ;1;Rp6.006.500;Rp6.006.500,00;;;
;;;;JUMLAH HARGA BAHAN;;;Rp6.006.500,00;;;
;C;PERALATAN;;;;;;;;
;;Sewa excavator type 225 kap 0,5 -1,0 m3;E.31;hari;0,046;Rp322.400;Rp14.830,40;;;
;;Sewa Tripot/Tackel  & handle crane 2 T;E.96;hari;0,098;Rp128.600;Rp12.602,80;;;
;;;;JUMLAH HARGA ALAT;;;Rp27.433,20;;;
;D;Jumlah (A+B+C);;;;;Rp6.515.986,20;;;
;E;Overhead & Profit 9,5%;;;0,095;;Rp619.018,69;;;
PPP75;F;Harga Satuan Pekerjaan (D+E);;;;;Rp7.135.004,89;75;;
;;;;;;;;;;
;(K3) Pemasangan 1 m pipa baja Ø 900 mm;;;;;;;;;
;No;Uraian;Kode;Satuan;Koefisien;Harga Satuan;Jumlah Harga;;;
;A;TENAGA;;;;;;;;
;;Pekerja;L.01;OH;4,403;Rp93.000;Rp409.479,00;;;
;;Tukang pipa;L.02;OH;0,081;Rp98.000;Rp7.938,00;;;
;;Mandor;L.04;OH;0,44;Rp111.000;Rp48.840,00;;;
;;;;JUMLAH TENAGA KERJA;;;Rp466.257,00;;;
;B;BAHAN;;;;;;;;
;;Pipa Baja Ø 900 mm;M.755; bh ;1;Rp7.125.200;Rp7.125.200,00;;;
;;;;JUMLAH HARGA BAHAN;;;Rp7.125.200,00;;;
;C;PERALATAN;;;;;;;;
;;Sewa excavator type 225 kap 0,5 -1,0 m3;E.31;hari;0,052;Rp322.400;Rp16.764,80;;;
;;Sewa Tripot/Tackel  & handle crane 2 T;E.96;hari;0,115;Rp128.600;Rp14.789,00;;;
;;;;JUMLAH HARGA ALAT;;;Rp31.553,80;;;
;D;Jumlah (A+B+C);;;;;Rp7.623.010,80;;;
;E;Overhead & Profit 9,5%;;;0,095;;Rp724.186,03;;;
PPP76;F;Harga Satuan Pekerjaan (D+E);;;;;Rp8.347.196,83;76;;
;;;;;;;;;;
;(K3) Pemasangan 1 m pipa baja Ø 1000 mm;;;;;;;;;
;No;Uraian;Kode;Satuan;Koefisien;Harga Satuan;Jumlah Harga;;;
;A;TENAGA;;;;;;;;
;;Pekerja;L.01;OH;4,895;Rp93.000;Rp455.235,00;;;
;;Tukang pipa;L.02;OH;0,979;Rp98.000;Rp95.942,00;;;
;;Mandor;L.04;OH;0,489;Rp111.000;Rp54.279,00;;;
;;;;JUMLAH TENAGA KERJA;;;Rp605.456,00;;;
;B;BAHAN;;;;;;;;
;;Pipa Baja Ø 1000 mm;M.740; m ;1;Rp7.757.500;Rp7.757.500,00;;;
;;;;JUMLAH HARGA BAHAN;;;Rp7.757.500,00;;;
;C;PERALATAN;;;;;;;;
;;Sewa excavator type 225 kap 0,5 -1,0 m3;E.31;hari;0,058;Rp322.400;Rp18.699,20;;;
;;Sewa Tripot/Tackel  & handle crane 2 T;E.96;hari;0,133;Rp128.600;Rp17.103,80;;;
;;;;JUMLAH HARGA ALAT;;;Rp35.803,00;;;
;D;Jumlah (A+B+C);;;;;Rp8.398.759,00;;;
;E;Overhead & Profit 9,5%;;;0,095;;Rp797.882,11;;;
PPP77;F;Harga Satuan Pekerjaan (D+E);;;;;Rp9.196.641,11;77;;
;;;;;;;;;;
;(K3) Pemasangan 1 m pipa baja Ø 1100 mm;;;;;;;;;
;No;Uraian;Kode;Satuan;Koefisien;Harga Satuan;Jumlah Harga;;;
;A;TENAGA;;;;;;;;
;;Pekerja;L.01;OH;5,387;Rp93.000;Rp500.991,00;;;
;;Tukang pipa;L.02;OH;1,077;Rp98.000;Rp105.546,00;;;
;;Mandor;L.04;OH;0,539;Rp111.000;Rp59.829,00;;;
;;;;JUMLAH TENAGA KERJA;;;Rp666.366,00;;;
;B;BAHAN;;;;;;;;
;;Pipa Baja Ø 1100 mm;M.741; m ;1;Rp8.891.000;Rp8.891.000,00;;;
;;;;JUMLAH HARGA BAHAN;;;Rp8.891.000,00;;;
;C;PERALATAN;;;;;;;;
;;Sewa excavator type 225 kap 0,5 -1,0 m3;E.31;hari;0,064;Rp322.400;Rp20.633,60;;;
;;Sewa Tripot/Tackel  & handle crane 2 T;E.96;hari;0,15;Rp128.600;Rp19.290,00;;;
;;;;JUMLAH HARGA ALAT;;;Rp39.923,60;;;
;D;Jumlah (A+B+C);;;;;Rp9.597.289,60;;;
;E;Overhead & Profit 9,5%;;;0,095;;Rp911.742,51;;;
PPP78;F;Harga Satuan Pekerjaan (D+E);;;;;Rp10.509.032,11;78;;
;;;;;;;;;;
;(K3) Pemasangan 1 m pipa baja Ø 1200 mm;;;;;;;;;
;No;Uraian;Kode;Satuan;Koefisien;Harga Satuan;Jumlah Harga;;;
;A;TENAGA;;;;;;;;
;;Pekerja;L.01;OH;5,897;Rp93.000;Rp548.421,00;;;
;;Tukang pipa;L.02;OH;1,176;Rp98.000;Rp115.248,00;;;
;;Mandor;L.04;OH;0,588;Rp111.000;Rp65.268,00;;;
;;;;JUMLAH TENAGA KERJA;;;Rp728.937,00;;;
;B;BAHAN;;;;;;;;
;;Pipa Baja Ø 1200 mm;M.742; bh ;1;Rp9.670.500;Rp9.670.500,00;;;
;;;;JUMLAH HARGA BAHAN;;;Rp9.670.500,00;;;
;C;PERALATAN;;;;;;;;
;;Sewa excavator type 225 kap 0,5 -1,0 m3;E.31;hari;0,07;Rp322.400;Rp22.568,00;;;
;;Sewa Tripot/Tackel  & handle crane 2 T;E.96;hari;0,167;Rp128.600;Rp21.476,20;;;
;;;;JUMLAH HARGA ALAT;;;Rp44.044,20;;;
;D;Jumlah (A+B+C);;;;;Rp10.443.481,20;;;
;E;Overhead & Profit 9,5%;;;0,095;;Rp992.130,71;;;
PPP79;F;Harga Satuan Pekerjaan (D+E);;;;;Rp11.435.611,91;79;;
;;;;;;;;;;
;HARGA SATUAN PEKERJAAN PEMOTONGAN  PIPA;;;;;;;;;
;(K3) Pemotongan 1 buah pipa PVC Ø 63 mm;;;;;;;;;
;No;Uraian;Kode;Satuan;Koefisien;Harga Satuan;Jumlah Harga;;;
;A;TENAGA;;;;;;;;
;;Pekerja;L.01;OH;0,005;Rp93.000;Rp465,00;;;
;;Tukang pipa;L.02;OH;0,002;Rp98.000;Rp196,00;;;
;;Mandor;L.04;OH;0,0005;Rp111.000;Rp55,50;;;
;;;;JUMLAH TENAGA KERJA;;;Rp716,50;;;
;B;BAHAN;;;;;;;;
;;Pipa PVC Ø 63 mm;M.713; m ;1;Rp6.300;Rp6.300,00;;;
;;;;JUMLAH HARGA BAHAN;;;Rp6.300,00;;;
;C;PERALATAN;;;;;;;;
;;Peralatan potong pipa T1/manual (gergaji) /s;E.149;hari;0,003;Rp43.400;Rp130,20;;;
;;;;JUMLAH HARGA ALAT;;;Rp130,20;;;
;D;Jumlah (A+B+C);;;;;Rp7.146,70;;;
;E;Overhead & Profit 9,5%;;;0,095;;Rp678,94;;;
PTP1;F;Harga Satuan Pekerjaan (D+E);;;;;Rp7.825,64;1;;
;;;;;;;;;;
;(K3) Pemotongan 1 buah pipa PVC Ø 90 mm;;;;;;;;;
;No;Uraian;Kode;Satuan;Koefisien;Harga Satuan;Jumlah Harga;;;
;A;TENAGA;;;;;;;;
;;Pekerja;L.01;OH;0,014;Rp93.000;Rp1.302,00;;;
;;Tukang pipa;L.02;OH;0,007;Rp98.000;Rp686,00;;;
;;Mandor;L.04;OH;0,001;Rp111.000;Rp111,00;;;
;;;;JUMLAH TENAGA KERJA;;;Rp2.099,00;;;
;B;BAHAN;;;;;;;;
;;Pipa PVC Ø 90 mm;M.714; m ;1;Rp6.600;Rp6.600,00;;;
;;;;JUMLAH HARGA BAHAN;;;Rp6.600,00;;;
;C;PERALATAN;;;;;;;;
;;Peralatan potong pipa T1/manual (gergaji) /s;E.149;hari;0,003;Rp43.400;Rp130,20;;;
;;;;JUMLAH HARGA ALAT;;;Rp130,20;;;
;D;Jumlah (A+B+C);;;;;Rp8.829,20;;;
;E;Overhead & Profit 9,5%;;;0,095;;Rp838,77;;;
PTP2;F;Harga Satuan Pekerjaan (D+E);;;;;Rp9.667,97;2;;
;;;;;;;;;;
;(K3) Pemotongan 1 buah pipa PVC Ø 110 mm;;;;;;;;;
;No;Uraian;Kode;Satuan;Koefisien;Harga Satuan;Jumlah Harga;;;
;A;TENAGA;;;;;;;;
;;Pekerja;L.01;OH;0,022;Rp93.000;Rp2.046,00;;;
;;Tukang pipa;L.02;OH;0,011;Rp98.000;Rp1.078,00;;;
;;Mandor;L.04;OH;0,002;Rp111.000;Rp222,00;;;
;;;;JUMLAH TENAGA KERJA;;;Rp3.346,00;;;
;B;BAHAN;;;;;;;;
;;Pipa PVC Ø 110 mm;M.715; m ;1;Rp6.800;Rp6.800,00;;;
;;;;JUMLAH HARGA BAHAN;;;Rp6.800,00;;;
;C;PERALATAN;;;;;;;;
;;Peralatan potong pipa T1/manual (gergaji) /s;E.149;hari;0,003;Rp43.400;Rp130,20;;;
;;;;JUMLAH HARGA ALAT;;;Rp130,20;;;
;D;Jumlah (A+B+C);;;;;Rp10.276,20;;;
;E;Overhead & Profit 9,5%;;;0,095;;Rp976,24;;;
PTP3;F;Harga Satuan Pekerjaan (D+E);;;;;Rp11.252,44;3;;
;;;;;;;;;;
;(K3) Pemotongan 1 buah pipa PVC Ø 150 mm;;;;;;;;;
;No;Uraian;Kode;Satuan;Koefisien;Harga Satuan;Jumlah Harga;;;
;A;TENAGA;;;;;;;;
;;Pekerja;L.01;OH;0,031;Rp93.000;Rp2.883,00;;;
;;Tukang pipa;L.02;OH;0,015;Rp98.000;Rp1.470,00;;;
;;Mandor;L.04;OH;0,003;Rp111.000;Rp333,00;;;
;;;;JUMLAH TENAGA KERJA;;;Rp4.686,00;;;
;B;BAHAN;;;;;;;;
;;Pipa PVC Ø 150 mm;M.716; m ;1;Rp8.100;Rp8.100,00;;;
;;;;JUMLAH HARGA BAHAN;;;Rp8.100,00;;;
;C;PERALATAN;;;;;;;;
;;Peralatan potong pipa T1/manual (gergaji) /s;E.149;hari;0,003;Rp43.400;Rp130,20;;;
;;;;JUMLAH HARGA ALAT;;;Rp130,20;;;
;D;Jumlah (A+B+C);;;;;Rp12.916,20;;;
;E;Overhead & Profit 9,5%;;;0,095;;Rp1.227,04;;;
PTP4;F;Harga Satuan Pekerjaan (D+E);;;;;Rp14.143,24;4;;
;;;;;;;;;;
;(K3) Pemotongan 1 buah pipa PVC Ø 200 mm;;;;;;;;;
;No;Uraian;Kode;Satuan;Koefisien;Harga Satuan;Jumlah Harga;;;
;A;TENAGA;;;;;;;;
;;Pekerja;L.01;OH;0,081;Rp93.000;Rp7.533,00;;;
;;Tukang pipa;L.02;OH;0,04;Rp98.000;Rp3.920,00;;;
;;Mandor;L.04;OH;0,008;Rp111.000;Rp888,00;;;
;;;;JUMLAH TENAGA KERJA;;;Rp12.341,00;;;
;B;BAHAN;;;;;;;;
;;Pipa PVC Ø 200 mm;M.717; m ;1;Rp10.700;Rp10.700,00;;;
;;;;JUMLAH HARGA BAHAN;;;Rp10.700,00;;;
;C;PERALATAN;;;;;;;;
;;Peralatan potong pipa T1/manual (gergaji) /s;E.149;hari;0,017;Rp43.400;Rp737,80;;;
;;;;JUMLAH HARGA ALAT;;;Rp737,80;;;
;D;Jumlah (A+B+C);;;;;Rp23.778,80;;;
;E;Overhead & Profit 9,5%;;;0,095;;Rp2.258,99;;;
PTP5;F;Harga Satuan Pekerjaan (D+E);;;;;Rp26.037,79;5;;
;;;;;;;;;;
;(K3) Pemotongan 1 buah pipa PVC Ø 250 mm;;;;;;;;;
;No;Uraian;Kode;Satuan;Koefisien;Harga Satuan;Jumlah Harga;;;
;A;TENAGA;;;;;;;;
;;Pekerja;L.01;OH;0,128;Rp93.000;Rp11.904,00;;;
;;Tukang pipa;L.02;OH;0,064;Rp98.000;Rp6.272,00;;;
;;Mandor;L.04;OH;0,013;Rp111.000;Rp1.443,00;;;
;;;;JUMLAH TENAGA KERJA;;;Rp19.619,00;;;
;B;BAHAN;;;;;;;;
;;Pipa PVC Ø 250 mm;M.718; m ;1;Rp14.800;Rp14.800,00;;;
;;;;JUMLAH HARGA BAHAN;;;Rp14.800,00;;;
;C;PERALATAN;;;;;;;;
;;Peralatan potong pipa T1/manual (gergaji) /s;E.149;hari;0,03;Rp43.400;Rp1.302,00;;;
;;;;JUMLAH HARGA ALAT;;;Rp1.302,00;;;
;D;Jumlah (A+B+C);;;;;Rp35.721,00;;;
;E;Overhead & Profit 9,5%;;;0,095;;Rp3.393,50;;;
PTP6;F;Harga Satuan Pekerjaan (D+E);;;;;Rp39.114,50;6;;
;;;;;;;;;;
;(K3) Pemotongan 1 buah pipa PVC Ø 300 mm;;;;;;;;;
;No;Uraian;Kode;Satuan;Koefisien;Harga Satuan;Jumlah Harga;;;
;A;TENAGA;;;;;;;;
;;Pekerja;L.01;OH;0,155;Rp93.000;Rp14.415,00;;;
;;Tukang pipa;L.02;OH;0,077;Rp98.000;Rp7.546,00;;;
;;Mandor;L.04;OH;0,015;Rp111.000;Rp1.665,00;;;
;;;;JUMLAH TENAGA KERJA;;;Rp23.626,00;;;
;B;BAHAN;;;;;;;;
;;Pipa PVC Ø 300 mm;M.719; m ;1;Rp19.900;Rp19.900,00;;;
;;;;JUMLAH HARGA BAHAN;;;Rp19.900,00;;;
;C;PERALATAN;;;;;;;;
;;Peralatan potong pipa T1/manual (gergaji) /s;E.149;hari;0,037;Rp43.400;Rp1.605,80;;;
;;;;JUMLAH HARGA ALAT;;;Rp1.605,80;;;
;D;Jumlah (A+B+C);;;;;Rp45.131,80;;;
;E;Overhead & Profit 9,5%;;;0,095;;Rp4.287,52;;;
PTP7;F;Harga Satuan Pekerjaan (D+E);;;;;Rp49.419,32;7;;
;;;;;;;;;;
;(K3) Pemotongan 1 buah pipa PVC Ø 400 mm;;;;;;;;;
;No;Uraian;Kode;Satuan;Koefisien;Harga Satuan;Jumlah Harga;;;
;A;TENAGA;;;;;;;;
;;Pekerja;L.01;OH;0,331;Rp93.000;Rp30.783,00;;;
;;Tukang pipa;L.02;OH;0,166;Rp98.000;Rp16.268,00;;;
;;Mandor;L.04;OH;0,033;Rp111.000;Rp3.663,00;;;
;;;;JUMLAH TENAGA KERJA;;;Rp50.714,00;;;
;B;BAHAN;;;;;;;;
;;Pipa PVC Ø 400 mm;M.720; m ;1;Rp26.800;Rp26.800,00;;;
;;;;JUMLAH HARGA BAHAN;;;Rp26.800,00;;;
;C;PERALATAN;;;;;;;;
;;Peralatan potong pipa T1/manual (gergaji) /s;E.149;hari;0,086;Rp43.400;Rp3.732,40;;;
;;;;JUMLAH HARGA ALAT;;;Rp3.732,40;;;
;D;Jumlah (A+B+C);;;;;Rp81.246,40;;;
;E;Overhead & Profit 9,5%;;;0,095;;Rp7.718,41;;;
PTP8;F;Harga Satuan Pekerjaan (D+E);;;;;Rp88.964,81;8;;
;;;;;;;;;;
;(K3) Pemotongan 1 buah pipa PVC Ø 450 mm;;;;;;;;;
;No;Uraian;Kode;Satuan;Koefisien;Harga Satuan;Jumlah Harga;;;
;A;TENAGA;;;;;;;;
;;Pekerja;L.01;OH;0,42;Rp93.000;Rp39.060,00;;;
;;Tukang pipa;L.02;OH;0,21;Rp98.000;Rp20.580,00;;;
;;Mandor;L.04;OH;0,042;Rp111.000;Rp4.662,00;;;
;;;;JUMLAH TENAGA KERJA;;;Rp64.302,00;;;
;B;BAHAN;;;;;;;;
;;Pipa PVC Ø 450 mm;M.721; m ;1;Rp32.100;Rp32.100,00;;;
;;;;JUMLAH HARGA BAHAN;;;Rp32.100,00;;;
;C;PERALATAN;;;;;;;;
;;Peralatan potong pipa T2/mekanik / cilinder;E.150;hari;0,054;Rp60.200;Rp3.250,80;;;
;;;;JUMLAH HARGA ALAT;;;Rp3.250,80;;;
;D;Jumlah (A+B+C);;;;;Rp99.652,80;;;
;E;Overhead & Profit 9,5%;;;0,095;;Rp9.467,02;;;
PTP9;F;Harga Satuan Pekerjaan (D+E);;;;;Rp109.119,82;9;;
;;;;;;;;;;
;(K3) Pemotongan 1 buah pipa PVC Ø 500 mm;;;;;;;;;
;No;Uraian;Kode;Satuan;Koefisien;Harga Satuan;Jumlah Harga;;;
;A;TENAGA;;;;;;;;
;;Pekerja;L.01;OH;0,518;Rp93.000;Rp48.174,00;;;
;;Tukang pipa;L.02;OH;0,259;Rp98.000;Rp25.382,00;;;
;;Mandor;L.04;OH;0,052;Rp111.000;Rp5.772,00;;;
;;;;JUMLAH TENAGA KERJA;;;Rp79.328,00;;;
;B;BAHAN;;;;;;;;
;;Pipa PVC Ø 500 mm;M.722; m ;1;Rp43.000;Rp43.000,00;;;
;;;;JUMLAH HARGA BAHAN;;;Rp43.000,00;;;
;C;PERALATAN;;;;;;;;
;;Peralatan potong pipa T2/mekanik / cilinder;E.150;hari;0,069;Rp60.200;Rp4.153,80;;;
;;;;JUMLAH HARGA ALAT;;;Rp4.153,80;;;
;D;Jumlah (A+B+C);;;;;Rp126.481,80;;;
;E;Overhead & Profit 9,5%;;;0,095;;Rp12.015,77;;;
PTP10;F;Harga Satuan Pekerjaan (D+E);;;;;Rp138.497,57;10;;
;;;;;;;;;;
;(K3) Pemotongan 1 buah pipa PVC Ø 600 mm;;;;;;;;;
;No;Uraian;Kode;Satuan;Koefisien;Harga Satuan;Jumlah Harga;;;
;A;TENAGA;;;;;;;;
;;Pekerja;L.01;OH;0,623;Rp93.000;Rp57.939,00;;;
;;Tukang pipa;L.02;OH;0,311;Rp98.000;Rp30.478,00;;;
;;Mandor;L.04;OH;0,062;Rp111.000;Rp6.882,00;;;
;;;;JUMLAH TENAGA KERJA;;;Rp95.299,00;;;
;B;BAHAN;;;;;;;;
;;Pipa PVC Ø 600 mm;M.723; m ;1;Rp50.700;Rp50.700,00;;;
;;;;JUMLAH HARGA BAHAN;;;Rp50.700,00;;;
;C;PERALATAN;;;;;;;;
;;Peralatan potong pipa T2/mekanik / cilinder;E.150;hari;0,086;Rp60.200;Rp5.177,20;;;
;;;;JUMLAH HARGA ALAT;;;Rp5.177,20;;;
;D;Jumlah (A+B+C);;;;;Rp151.176,20;;;
;E;Overhead & Profit 9,5%;;;0,095;;Rp14.361,74;;;
PTP11;F;Harga Satuan Pekerjaan (D+E);;;;;Rp165.537,94;11;;
;;;;;;;;;;
;(K3) Pemotongan 1 buah pipa PVC Ø 800 mm;;;;;;;;;
;No;Uraian;Kode;Satuan;Koefisien;Harga Satuan;Jumlah Harga;;;
;A;TENAGA;;;;;;;;
;;Pekerja;L.01;OH;1,089;Rp93.000;Rp101.277,00;;;
;;Tukang pipa;L.02;OH;0,545;Rp98.000;Rp53.410,00;;;
;;Mandor;L.04;OH;0,109;Rp111.000;Rp12.099,00;;;
;;;;JUMLAH TENAGA KERJA;;;Rp166.786,00;;;
;B;BAHAN;;;;;;;;
;;Pipa PVC Ø 800 mm;M.724; m ;1;Rp67.700;Rp67.700,00;;;
;;;;JUMLAH HARGA BAHAN;;;Rp67.700,00;;;
;C;PERALATAN;;;;;;;;
;;Peralatan potong pipa T2/mekanik / cilinder;E.150;hari;0,16;Rp60.200;Rp9.632,00;;;
;;;;JUMLAH HARGA ALAT;;;Rp9.632,00;;;
;D;Jumlah (A+B+C);;;;;Rp244.118,00;;;
;E;Overhead & Profit 9,5%;;;0,095;;Rp23.191,21;;;
PTP12;F;Harga Satuan Pekerjaan (D+E);;;;;Rp267.309,21;12;;
;;;;;;;;;;
;(K3) Pemotongan 1 buah pipa PVC Ø 900 mm;;;;;;;;;
;No;Uraian;Kode;Satuan;Koefisien;Harga Satuan;Jumlah Harga;;;
;A;TENAGA;;;;;;;;
;;Pekerja;L.01;OH;1,141;Rp93.000;Rp106.113,00;;;
;;Tukang pipa;L.02;OH;0,571;Rp98.000;Rp55.958,00;;;
;;Mandor;L.04;OH;0,114;Rp111.000;Rp12.654,00;;;
;;;;JUMLAH TENAGA KERJA;;;Rp174.725,00;;;
;B;BAHAN;;;;;;;;
;;Pipa PVC Ø 900 mm;M.725; m ;1;Rp76.000;Rp76.000,00;;;
;;;;JUMLAH HARGA BAHAN;;;Rp76.000,00;;;
;C;PERALATAN;;;;;;;;
;;Peralatan potong pipa T2/mekanik / cilinder;E.150;hari;0,168;Rp60.200;Rp10.113,60;;;
;;;;JUMLAH HARGA ALAT;;;Rp10.113,60;;;
;D;Jumlah (A+B+C);;;;;Rp260.838,60;;;
;E;Overhead & Profit 9,5%;;;0,095;;Rp24.779,67;;;
PTP13;F;Harga Satuan Pekerjaan (D+E);;;;;Rp285.618,27;13;;
;;;;;;;;;;
;(K3) Pemotongan 1 buah pipa PVC Ø 1000 mm;;;;;;;;;
;No;Uraian;Kode;Satuan;Koefisien;Harga Satuan;Jumlah Harga;;;
;A;TENAGA;;;;;;;;
;;Pekerja;L.01;OH;1,285;Rp93.000;Rp119.505,00;;;
;;Tukang pipa;L.02;OH;0,643;Rp98.000;Rp63.014,00;;;
;;Mandor;L.04;OH;0,129;Rp111.000;Rp14.319,00;;;
;;;;JUMLAH TENAGA KERJA;;;Rp196.838,00;;;
;B;BAHAN;;;;;;;;
;;Pipa PVC Ø 1000 mm;M.726; m ;1;Rp83.700;Rp83.700,00;;;
;;;;JUMLAH HARGA BAHAN;;;Rp83.700,00;;;
;C;PERALATAN;;;;;;;;
;;Peralatan potong pipa T2/mekanik / cilinder;E.150;hari;0,191;Rp60.200;Rp11.498,20;;;
;;;;JUMLAH HARGA ALAT;;;Rp11.498,20;;;
;D;Jumlah (A+B+C);;;;;Rp292.036,20;;;
;E;Overhead & Profit 9,5%;;;0,095;;Rp27.743,44;;;
PTP14;F;Harga Satuan Pekerjaan (D+E);;;;;Rp319.779,64;14;;
;;;;;;;;;;
;(K3) Pemotongan 1 buah pipa PVC Ø 1100 mm;;;;;;;;;
;No;Uraian;Kode;Satuan;Koefisien;Harga Satuan;Jumlah Harga;;;
;A;TENAGA;;;;;;;;
;;Pekerja;L.01;OH;1,429;Rp93.000;Rp132.897,00;;;
;;Tukang pipa;L.02;OH;0,715;Rp98.000;Rp70.070,00;;;
;;Mandor;L.04;OH;0,143;Rp111.000;Rp15.873,00;;;
;;;;JUMLAH TENAGA KERJA;;;Rp218.840,00;;;
;B;BAHAN;;;;;;;;
;;Pipa PVC Ø 1100 mm;M.727; m ;1;Rp105.000;Rp105.000,00;;;
;;;;JUMLAH HARGA BAHAN;;;Rp105.000,00;;;
;C;PERALATAN;;;;;;;;
;;Peralatan potong pipa T2/mekanik / cilinder;E.150;hari;0,213;Rp60.200;Rp12.822,60;;;
;;;;JUMLAH HARGA ALAT;;;Rp12.822,60;;;
;D;Jumlah (A+B+C);;;;;Rp336.662,60;;;
;E;Overhead & Profit 9,5%;;;0,095;;Rp31.982,95;;;
PTP15;F;Harga Satuan Pekerjaan (D+E);;;;;Rp368.645,55;15;;
;;;;;;;;;;
;(K3) Pemotongan 1 buah pipa PVC Ø 1200 mm;;;;;;;;;
;No;Uraian;Kode;Satuan;Koefisien;Harga Satuan;Jumlah Harga;;;
;A;TENAGA;;;;;;;;
;;Pekerja;L.01;OH;1,573;Rp93.000;Rp146.289,00;;;
;;Tukang pipa;L.02;OH;0,787;Rp98.000;Rp77.126,00;;;
;;Mandor;L.04;OH;0,157;Rp111.000;Rp17.427,00;;;
;;;;JUMLAH TENAGA KERJA;;;Rp240.842,00;;;
;B;BAHAN;;;;;;;;
;;Pipa PVC Ø 1200 mm;M.728; m ;1;Rp109.800;Rp109.800,00;;;
;;;;JUMLAH HARGA BAHAN;;;Rp109.800,00;;;
;C;PERALATAN;;;;;;;;
;;Peralatan potong pipa T2/mekanik / cilinder;E.150;hari;0,236;Rp60.200;Rp14.207,20;;;
;;;;JUMLAH HARGA ALAT;;;Rp14.207,20;;;
;D;Jumlah (A+B+C);;;;;Rp364.849,20;;;
;E;Overhead & Profit 9,5%;;;0,095;;Rp34.660,67;;;
PTP16;F;Harga Satuan Pekerjaan (D+E);;;;;Rp399.509,87;16;;
;;;;;;;;;;
;(K3) Pemotongan 1 buah pipa HDPE Ø 63 mm;;;;;;;;;
;No;Uraian;Kode;Satuan;Koefisien;Harga Satuan;Jumlah Harga;;;
;A;TENAGA;;;;;;;;
;;Pekerja;L.01;OH;0,002;Rp93.000;Rp186,00;;;
;;Tukang pipa;L.02;OH;0,001;Rp98.000;Rp98,00;;;
;;Mandor;L.04;OH;0,0002;Rp111.000;Rp22,20;;;
;;Operator Alat Pipa;L.05;OH;0,034;Rp158.700;Rp5.395,80;;;
;;;;JUMLAH TENAGA KERJA;;;Rp5.516,00;;;
;B;BAHAN;;;;;;;;
;;Pipa HDPE Ø 63 mm;M.802; m ;1;Rp15.900;Rp15.900,00;;;
;;;;JUMLAH HARGA BAHAN;;;Rp15.900,00;;;
;C;PERALATAN;;;;;;;;
;;Peralatan potong pipa T2/mekanik / cilinder;E.150;hari;0,004;Rp60.200;Rp240,80;;;
;;;;JUMLAH HARGA ALAT;;;Rp240,80;;;
;D;Jumlah (A+B+C);;;;;Rp21.656,80;;;
;E;Overhead & Profit 9,5%;;;0,095;;Rp2.057,40;;;
PTP17;F;Harga Satuan Pekerjaan (D+E);;;;;Rp23.714,20;17;;
;;;;;;;;;;
;(K3) Pemotongan 1 buah pipa HDPE Ø 100 mm;;;;;;;;;
;No;Uraian;Kode;Satuan;Koefisien;Harga Satuan;Jumlah Harga;;;
;A;TENAGA;;;;;;;;
;;Pekerja;L.01;OH;0,006;Rp93.000;Rp558,00;;;
;;Tukang pipa;L.02;OH;0,003;Rp98.000;Rp294,00;;;
;;Mandor;L.04;OH;0,001;Rp111.000;Rp111,00;;;
;;Operator Alat Pipa;L.05;OH;0,071;Rp158.700;Rp11.267,70;;;
;;;;JUMLAH TENAGA KERJA;;;Rp11.672,70;;;
;B;BAHAN;;;;;;;;
;;Pipa HDPE Ø 100 mm;M.788; m ;1;Rp28.500;Rp28.500,00;;;
;;;;JUMLAH HARGA BAHAN;;;Rp28.500,00;;;
;C;PERALATAN;;;;;;;;
;;Peralatan potong pipa T2/mekanik / cilinder;E.150;hari;0,005;Rp60.200;Rp301,00;;;
;;;;JUMLAH HARGA ALAT;;;Rp301,00;;;
;D;Jumlah (A+B+C);;;;;Rp40.473,70;;;
;E;Overhead & Profit 9,5%;;;0,095;;Rp3.845,00;;;
PTP18;F;Harga Satuan Pekerjaan (D+E);;;;;Rp44.318,70;18;;
;;;;;;;;;;
;(K3) Pemotongan 1 buah pipa HDPE Ø 125 mm;;;;;;;;;
;No;Uraian;Kode;Satuan;Koefisien;Harga Satuan;Jumlah Harga;;;
;A;TENAGA;;;;;;;;
;;Pekerja;L.01;OH;0,009;Rp93.000;Rp837,00;;;
;;Tukang pipa;L.02;OH;0,005;Rp98.000;Rp490,00;;;
;;Mandor;L.04;OH;0,001;Rp111.000;Rp111,00;;;
;;Operator Alat Pipa;L.05;OH;0,096;Rp158.700;Rp15.235,20;;;
;;;;JUMLAH TENAGA KERJA;;;Rp15.836,20;;;
;B;BAHAN;;;;;;;;
;;Pipa HDPE Ø 125 mm;M.793; bh ;1;Rp37.400;Rp37.400,00;;;
;;;;JUMLAH HARGA BAHAN;;;Rp37.400,00;;;
;C;PERALATAN;;;;;;;;
;;Peralatan potong pipa T2/mekanik / cilinder;E.150;hari;0,006;Rp60.200;Rp361,20;;;
;;;;JUMLAH HARGA ALAT;;;Rp361,20;;;
;D;Jumlah (A+B+C);;;;;Rp53.597,40;;;
;E;Overhead & Profit 9,5%;;;0,095;;Rp5.091,75;;;
PTP19;F;Harga Satuan Pekerjaan (D+E);;;;;Rp58.689,15;19;;
;;;;;;;;;;
;(K3) Pemotongan 1 buah pipa HDPE Ø 150 mm;;;;;;;;;
;No;Uraian;Kode;Satuan;Koefisien;Harga Satuan;Jumlah Harga;;;
;A;TENAGA;;;;;;;;
;;Pekerja;L.01;OH;0,016;Rp93.000;Rp1.488,00;;;
;;Tukang pipa;L.02;OH;0,008;Rp98.000;Rp784,00;;;
;;Mandor;L.04;OH;0,002;Rp111.000;Rp222,00;;;
;;Operator Alat Pipa;L.05;OH;0,121;Rp158.700;Rp19.202,70;;;
;;;;JUMLAH TENAGA KERJA;;;Rp20.208,70;;;
;B;BAHAN;;;;;;;;
;;Pipa HDPE Ø 150 mm;M.794; m ;1;Rp60.400;Rp60.400,00;;;
;;;;JUMLAH HARGA BAHAN;;;Rp60.400,00;;;
;C;PERALATAN;;;;;;;;
;;Peralatan potong pipa T2/mekanik / cilinder;E.150;hari;0,009;Rp60.200;Rp541,80;;;
;;;;JUMLAH HARGA ALAT;;;Rp541,80;;;
;D;Jumlah (A+B+C);;;;;Rp81.150,50;;;
;E;Overhead & Profit 9,5%;;;0,095;;Rp7.709,30;;;
PTP20;F;Harga Satuan Pekerjaan (D+E);;;;;Rp88.859,80;20;;
;;;;;;;;;;
;(K3) Pemotongan 1 buah pipa HDPE Ø 200 mm;;;;;;;;;
;No;Uraian;Kode;Satuan;Koefisien;Harga Satuan;Jumlah Harga;;;
;A;TENAGA;;;;;;;;
;;Pekerja;L.01;OH;0,044;Rp93.000;Rp4.092,00;;;
;;Tukang pipa;L.02;OH;0,022;Rp98.000;Rp2.156,00;;;
;;Mandor;L.04;OH;0,004;Rp111.000;Rp444,00;;;
;;Operator Alat Pipa;L.05;OH;0,171;Rp158.700;Rp27.137,70;;;
;;;;JUMLAH TENAGA KERJA;;;Rp29.737,70;;;
;B;BAHAN;;;;;;;;
;;Pipa HDPE Ø 200 mm;M.795; m ;1;Rp93.000;Rp93.000,00;;;
;;;;JUMLAH HARGA BAHAN;;;Rp93.000,00;;;
;C;PERALATAN;;;;;;;;
;;Peralatan potong pipa T2/mekanik / cilinder;E.150;hari;0,017;Rp60.200;Rp1.023,40;;;
;;;;JUMLAH HARGA ALAT;;;Rp1.023,40;;;
;D;Jumlah (A+B+C);;;;;Rp123.761,10;;;
;E;Overhead & Profit 9,5%;;;0,095;;Rp11.757,30;;;
PTP21;F;Harga Satuan Pekerjaan (D+E);;;;;Rp135.518,40;21;;
;;;;;;;;;;
;(K3) Pemotongan 1 buah pipa HDPE Ø 250 mm;;;;;;;;;
;No;Uraian;Kode;Satuan;Koefisien;Harga Satuan;Jumlah Harga;;;
;A;TENAGA;;;;;;;;
;;Pekerja;L.01;OH;0,067;Rp93.000;Rp6.231,00;;;
;;Tukang pipa;L.02;OH;0,033;Rp98.000;Rp3.234,00;;;
;;Mandor;L.04;OH;0,007;Rp111.000;Rp777,00;;;
;;Operator Alat Pipa;L.05;OH;0,221;Rp158.700;Rp35.072,70;;;
;;;;JUMLAH TENAGA KERJA;;;Rp39.083,70;;;
;B;BAHAN;;;;;;;;
;;Pipa HDPE Ø 250 mm;M.796; m ;1;Rp144.200;Rp144.200,00;;;
;;;;JUMLAH HARGA BAHAN;;;Rp144.200,00;;;
;C;PERALATAN;;;;;;;;
;;Peralatan potong pipa T2/mekanik / cilinder;E.150;hari;0,023;Rp60.200;Rp1.384,60;;;
;;;;JUMLAH HARGA ALAT;;;Rp1.384,60;;;
;D;Jumlah (A+B+C);;;;;Rp184.668,30;;;
;E;Overhead & Profit 9,5%;;;0,095;;Rp17.543,49;;;
PTP22;F;Harga Satuan Pekerjaan (D+E);;;;;Rp202.211,79;22;;
;;;;;;;;;;
;(K3) Pemotongan 1 buah pipa HDPE Ø 300 mm;;;;;;;;;
;No;Uraian;Kode;Satuan;Koefisien;Harga Satuan;Jumlah Harga;;;
;A;TENAGA;;;;;;;;
;;Pekerja;L.01;OH;0,09;Rp93.000;Rp8.370,00;;;
;;Tukang pipa;L.02;OH;0,045;Rp98.000;Rp4.410,00;;;
;;Mandor;L.04;OH;0,009;Rp111.000;Rp999,00;;;
;;Operator Alat Pipa;L.05;OH;0,271;Rp158.700;Rp43.007,70;;;
;;;;JUMLAH TENAGA KERJA;;;Rp48.416,70;;;
;B;BAHAN;;;;;;;;
;;Pipa HDPE Ø 300 mm;M.797; m ;1;Rp231.900;Rp231.900,00;;;
;;;;JUMLAH HARGA BAHAN;;;Rp231.900,00;;;
;C;PERALATAN;;;;;;;;
;;Peralatan potong pipa T2/mekanik / cilinder;E.150;hari;0,03;Rp60.200;Rp1.806,00;;;
;;;;JUMLAH HARGA ALAT;;;Rp1.806,00;;;
;D;Jumlah (A+B+C);;;;;Rp282.122,70;;;
;E;Overhead & Profit 9,5%;;;0,095;;Rp26.801,66;;;
PTP23;F;Harga Satuan Pekerjaan (D+E);;;;;Rp308.924,36;23;;
;;;;;;;;;;
;(K3) Pemotongan 1 buah pipa HDPE Ø 400 mm;;;;;;;;;
;No;Uraian;Kode;Satuan;Koefisien;Harga Satuan;Jumlah Harga;;;
;A;TENAGA;;;;;;;;
;;Pekerja;L.01;OH;0,177;Rp93.000;Rp16.461,00;;;
;;Tukang pipa;L.02;OH;0,088;Rp98.000;Rp8.624,00;;;
;;Mandor;L.04;OH;0,018;Rp111.000;Rp1.998,00;;;
;;Operator Alat Pipa;L.05;OH;0,371;Rp158.700;Rp58.877,70;;;
;;;;JUMLAH TENAGA KERJA;;;Rp69.499,70;;;
;B;BAHAN;;;;;;;;
;;Pipa HDPE Ø 400 mm;M.798; m ;1;Rp364.600;Rp364.600,00;;;
;;;;JUMLAH HARGA BAHAN;;;Rp364.600,00;;;
;C;PERALATAN;;;;;;;;
;;Peralatan potong pipa T2/mekanik / cilinder;E.150;hari;0,055;Rp60.200;Rp3.311,00;;;
;;;;JUMLAH HARGA ALAT;;;Rp3.311,00;;;
;D;Jumlah (A+B+C);;;;;Rp437.410,70;;;
;E;Overhead & Profit 9,5%;;;0,095;;Rp41.554,02;;;
PTP24;F;Harga Satuan Pekerjaan (D+E);;;;;Rp478.964,72;24;;
;;;;;;;;;;
;(K3) Pemotongan 1 buah pipa HDPE Ø 450 mm;;;;;;;;;
;No;Uraian;Kode;Satuan;Koefisien;Harga Satuan;Jumlah Harga;;;
;A;TENAGA;;;;;;;;
;;Pekerja;L.01;OH;0,225;Rp93.000;Rp20.925,00;;;
;;Tukang pipa;L.02;OH;0,113;Rp98.000;Rp11.074,00;;;
;;Mandor;L.04;OH;0,023;Rp111.000;Rp2.553,00;;;
;;Operator Alat Pipa;L.05;OH;0,421;Rp158.700;Rp66.812,70;;;
;;;;JUMLAH TENAGA KERJA;;;Rp80.439,70;;;
;B;BAHAN;;;;;;;;
;;Pipa HDPE Ø 450 mm;M.799; m ;1;Rp464.700;Rp464.700,00;;;
;;;;JUMLAH HARGA BAHAN;;;Rp464.700,00;;;
;C;PERALATAN;;;;;;;;
;;Peralatan potong pipa T2/mekanik / cilinder;E.150;hari;0,07;Rp60.200;Rp4.214,00;;;
;;;;JUMLAH HARGA ALAT;;;Rp4.214,00;;;
;D;Jumlah (A+B+C);;;;;Rp549.353,70;;;
;E;Overhead & Profit 9,5%;;;0,095;;Rp52.188,60;;;
PTP25;F;Harga Satuan Pekerjaan (D+E);;;;;Rp601.542,30;25;;
;;;;;;;;;;
;(K3) Pemotongan 1 buah pipa HDPE Ø 500 mm;;;;;;;;;
;No;Uraian;Kode;Satuan;Koefisien;Harga Satuan;Jumlah Harga;;;
;A;TENAGA;;;;;;;;
;;Pekerja;L.01;OH;0,277;Rp93.000;Rp25.761,00;;;
;;Tukang pipa;L.02;OH;0,139;Rp98.000;Rp13.622,00;;;
;;Mandor;L.04;OH;0,028;Rp111.000;Rp3.108,00;;;
;;Operator Alat Pipa;L.05;OH;0,471;Rp158.700;Rp74.747,70;;;
;;;;JUMLAH TENAGA KERJA;;;Rp91.477,70;;;
;B;BAHAN;;;;;;;;
;;Pipa HDPE Ø 500 mm;M.800; m ;1;Rp578.600;Rp578.600,00;;;
;;;;JUMLAH HARGA BAHAN;;;Rp578.600,00;;;
;C;PERALATAN;;;;;;;;
;;Peralatan potong pipa T2/mekanik / cilinder;E.150;hari;0,085;Rp60.200;Rp5.117,00;;;
;;;;JUMLAH HARGA ALAT;;;Rp5.117,00;;;
;D;Jumlah (A+B+C);;;;;Rp675.194,70;;;
;E;Overhead & Profit 9,5%;;;0,095;;Rp64.143,50;;;
PTP26;F;Harga Satuan Pekerjaan (D+E);;;;;Rp739.338,20;26;;
;;;;;;;;;;
;(K3) Pemotongan 1 buah pipa HDPE Ø 600 mm;;;;;;;;;
;No;Uraian;Kode;Satuan;Koefisien;Harga Satuan;Jumlah Harga;;;
;A;TENAGA;;;;;;;;
;;Pekerja;L.01;OH;0,333;Rp93.000;Rp30.969,00;;;
;;Tukang pipa;L.02;OH;0,167;Rp98.000;Rp16.366,00;;;
;;Mandor;L.04;OH;0,033;Rp111.000;Rp3.663,00;;;
;;Operator Alat Pipa;L.05;OH;0,571;Rp158.700;Rp90.617,70;;;
;;;;JUMLAH TENAGA KERJA;;;Rp110.646,70;;;
;B;BAHAN;;;;;;;;
;;Pipa HDPE Ø 600 mm;M.801; m ;1;Rp927.000;Rp927.000,00;;;
;;;;JUMLAH HARGA BAHAN;;;Rp927.000,00;;;
;C;PERALATAN;;;;;;;;
;;Peralatan potong pipa T2/mekanik / cilinder;E.150;hari;0,101;Rp60.200;Rp6.080,20;;;
;;;;JUMLAH HARGA ALAT;;;Rp6.080,20;;;
;D;Jumlah (A+B+C);;;;;Rp1.043.726,90;;;
;E;Overhead & Profit 9,5%;;;0,095;;Rp99.154,06;;;
PTP27;F;Harga Satuan Pekerjaan (D+E);;;;;Rp1.142.880,96;27;;
;;;;;;;;;;
;(K3) Pemotongan 1 buah pipa HDPE Ø 800 mm;;;;;;;;;
;No;Uraian;Kode;Satuan;Koefisien;Harga Satuan;Jumlah Harga;;;
;A;TENAGA;;;;;;;;
;;Pekerja;L.01;OH;0,601;Rp93.000;Rp55.893,00;;;
;;Tukang pipa;L.02;OH;0,301;Rp98.000;Rp29.498,00;;;
;;Mandor;L.04;OH;0,06;Rp111.000;Rp6.660,00;;;
;;Operator Alat Pipa;L.05;OH;0,771;Rp158.700;Rp122.357,70;;;
;;;;JUMLAH TENAGA KERJA;;;Rp158.515,70;;;
;B;BAHAN;;;;;;;;
;;Pipa HDPE Ø 800 mm;M.803; bh ;1;Rp1.576.000;Rp1.576.000,00;;;
;;;;JUMLAH HARGA BAHAN;;;Rp1.576.000,00;;;
;C;PERALATAN;;;;;;;;
;;Peralatan potong pipa T2/mekanik / cilinder;E.150;hari;0,179;Rp60.200;Rp10.775,80;;;
;;;;JUMLAH HARGA ALAT;;;Rp10.775,80;;;
;D;Jumlah (A+B+C);;;;;Rp1.745.291,50;;;
;E;Overhead & Profit 9,5%;;;0,095;;Rp165.802,69;;;
PTP28;F;Harga Satuan Pekerjaan (D+E);;;;;Rp1.911.094,19;28;;
;;;;;;;;;;
;(K3) Pemotongan 1 buah pipa HDPE Ø 900 mm;;;;;;;;;
;No;Uraian;Kode;Satuan;Koefisien;Harga Satuan;Jumlah Harga;;;
;A;TENAGA;;;;;;;;
;;Pekerja;L.01;OH;0,913;Rp93.000;Rp84.909,00;;;
;;Tukang pipa;L.02;OH;0,456;Rp98.000;Rp44.688,00;;;
;;Mandor;L.04;OH;0,091;Rp111.000;Rp10.101,00;;;
;;Operator Alat Pipa;L.05;OH;0,871;Rp158.700;Rp138.227,70;;;
;;;;JUMLAH TENAGA KERJA;;;Rp193.016,70;;;
;B;BAHAN;;;;;;;;
;;Pipa HDPE Ø 900 mm;M.804; m ;1;Rp2.034.800;Rp2.034.800,00;;;
;;;;JUMLAH HARGA BAHAN;;;Rp2.034.800,00;;;
;C;PERALATAN;;;;;;;;
;;Peralatan potong pipa T2/mekanik / cilinder;E.150;hari;0,27;Rp60.200;Rp16.254,00;;;
;;;;JUMLAH HARGA ALAT;;;Rp16.254,00;;;
;D;Jumlah (A+B+C);;;;;Rp2.244.070,70;;;
;E;Overhead & Profit 9,5%;;;0,095;;Rp213.186,72;;;
PTP29;F;Harga Satuan Pekerjaan (D+E);;;;;Rp2.457.257,42;29;;
;;;;;;;;;;
;(K3) Pemotongan 1 buah pipa HDPE Ø 1000 mm;;;;;;;;;
;No;Uraian;Kode;Satuan;Koefisien;Harga Satuan;Jumlah Harga;;;
;A;TENAGA;;;;;;;;
;;Pekerja;L.01;OH;1,125;Rp93.000;Rp104.625,00;;;
;;Tukang pipa;L.02;OH;0,562;Rp98.000;Rp55.076,00;;;
;;Mandor;L.04;OH;0,112;Rp111.000;Rp12.432,00;;;
;;Operator Alat Pipa;L.05;OH;0,971;Rp158.700;Rp154.097,70;;;
;;;;JUMLAH TENAGA KERJA;;;Rp221.605,70;;;
;B;BAHAN;;;;;;;;
;;Pipa HDPE Ø 1000;M.789; bh ;1;Rp2.510.700;Rp2.510.700,00;;;
;;;;JUMLAH HARGA BAHAN;;;Rp2.510.700,00;;;
;C;PERALATAN;;;;;;;;
;;Peralatan potong pipa T2/mekanik / cilinder;E.150;hari;0,332;Rp60.200;Rp19.986,40;;;
;;;;JUMLAH HARGA ALAT;;;Rp19.986,40;;;
;D;Jumlah (A+B+C);;;;;Rp2.752.292,10;;;
;E;Overhead & Profit 9,5%;;;0,095;;Rp261.467,75;;;
PTP30;F;Harga Satuan Pekerjaan (D+E);;;;;Rp3.013.759,85;30;;
;;;;;;;;;;
;(K3) Pemotongan 1 buah pipa HDPE Ø 1100 mm;;;;;;;;;
;No;Uraian;Kode;Satuan;Koefisien;Harga Satuan;Jumlah Harga;;;
;A;TENAGA;;;;;;;;
;;Pekerja;L.01;OH;1,238;Rp93.000;Rp115.134,00;;;
;;Tukang pipa;L.02;OH;0,619;Rp98.000;Rp60.662,00;;;
;;Mandor;L.04;OH;0,124;Rp111.000;Rp13.764,00;;;
;;Operator Alat Pipa;L.05;OH;1,071;Rp158.700;Rp169.967,70;;;
;;;;JUMLAH TENAGA KERJA;;;Rp244.393,70;;;
;B;BAHAN;;;;;;;;
;;Pipa HDPE Ø 1100;M.791; bh ;1;Rp2.722.100;Rp2.722.100,00;;;
;;;;JUMLAH HARGA BAHAN;;;Rp2.722.100,00;;;
;C;PERALATAN;;;;;;;;
;;Peralatan potong pipa T2/mekanik / cilinder;E.150;hari;0,365;Rp60.200;Rp21.973,00;;;
;;;;JUMLAH HARGA ALAT;;;Rp21.973,00;;;
;D;Jumlah (A+B+C);;;;;Rp2.988.466,70;;;
;E;Overhead & Profit 9,5%;;;0,095;;Rp283.904,34;;;
PTP31;F;Harga Satuan Pekerjaan (D+E);;;;;Rp3.272.371,04;31;;
;;;;;;;;;;
;(K3) Pemotongan 1 buah pipa HDPE Ø 1200 mm;;;;;;;;;
;No;Uraian;Kode;Satuan;Koefisien;Harga Satuan;Jumlah Harga;;;
;A;TENAGA;;;;;;;;
;;Pekerja;L.01;OH;1,619;Rp93.000;Rp150.567,00;;;
;;Tukang pipa;L.02;OH;0,809;Rp98.000;Rp79.282,00;;;
;;Mandor;L.04;OH;0,162;Rp111.000;Rp17.982,00;;;
;;Operator Alat Pipa;L.05;OH;1,171;Rp158.700;Rp185.837,70;;;
;;;;JUMLAH TENAGA KERJA;;;Rp283.101,70;;;
;B;BAHAN;;;;;;;;
;;Pipa HDPE Ø 1200 mm;M.792; bh ;1;Rp3.031.200;Rp3.031.200,00;;;
;;;;JUMLAH HARGA BAHAN;;;Rp3.031.200,00;;;
;C;PERALATAN;;;;;;;;
;;Peralatan potong pipa T2/mekanik / cilinder;E.150;hari;0,477;Rp60.200;Rp28.715,40;;;
;;;;JUMLAH HARGA ALAT;;;Rp28.715,40;;;
;D;Jumlah (A+B+C);;;;;Rp3.343.017,10;;;
;E;Overhead & Profit 9,5%;;;0,095;;Rp317.586,62;;;
PTP32;F;Harga Satuan Pekerjaan (D+E);;;;;Rp3.660.603,72;32;;
;;;;;;;;;;
;(K3) Pemotongan 1 buah pipa GIP Ø 63 mm;;;;;;;;;
;No;Uraian;Kode;Satuan;Koefisien;Harga Satuan;Jumlah Harga;;;
;A;TENAGA;;;;;;;;
;;Pekerja;L.01;OH;0,019;Rp93.000;Rp1.767,00;;;
;;Tukang pipa;L.02;OH;0,01;Rp98.000;Rp980,00;;;
;;Mandor;L.04;OH;0,002;Rp111.000;Rp222,00;;;
;;;;JUMLAH TENAGA KERJA;;;Rp2.969,00;;;
;B;BAHAN;;;;;;;;
;;Pipa GIP Ø 63 mm;M.785; m ;1;Rp21.200;Rp21.200,00;;;
;;;;JUMLAH HARGA BAHAN;;;Rp21.200,00;;;
;C;PERALATAN;;;;;;;;
;;Peralatan potong pipa T2/mekanik / cilinder;E.150;hari;0,017;Rp60.200;Rp1.023,40;;;
;;;;JUMLAH HARGA ALAT;;;Rp1.023,40;;;
;D;Jumlah (A+B+C);;;;;Rp25.192,40;;;
;E;Overhead & Profit 9,5%;;;0,095;;Rp2.393,28;;;
PTP33;F;Harga Satuan Pekerjaan (D+E);;;;;Rp27.585,68;33;;
;;;;;;;;;;
;(K3) Pemotongan 1 buah pipa GIP Ø 100 mm;;;;;;;;;
;No;Uraian;Kode;Satuan;Koefisien;Harga Satuan;Jumlah Harga;;;
;A;TENAGA;;;;;;;;
;;Pekerja;L.01;OH;0,058;Rp93.000;Rp5.394,00;;;
;;Tukang pipa;L.02;OH;0,029;Rp98.000;Rp2.842,00;;;
;;Mandor;L.04;OH;0,006;Rp111.000;Rp666,00;;;
;;;;JUMLAH TENAGA KERJA;;;Rp8.902,00;;;
;B;BAHAN;;;;;;;;
;;Pipa GIP Ø 100 mm;M.772; bh ;1;Rp24.600;Rp24.600,00;;;
;;;;JUMLAH HARGA BAHAN;;;Rp24.600,00;;;
;C;PERALATAN;;;;;;;;
;;Peralatan potong pipa T2/mekanik / cilinder;E.150;hari;0,017;Rp60.200;Rp1.023,40;;;
;;;;JUMLAH HARGA ALAT;;;Rp1.023,40;;;
;D;Jumlah (A+B+C);;;;;Rp34.525,40;;;
;E;Overhead & Profit 9,5%;;;0,095;;Rp3.279,91;;;
PTP34;F;Harga Satuan Pekerjaan (D+E);;;;;Rp37.805,31;34;;
;;;;;;;;;;
;(K3) Pemotongan 1 buah pipa GIP Ø 125 mm;;;;;;;;;
;No;Uraian;Kode;Satuan;Koefisien;Harga Satuan;Jumlah Harga;;;
;A;TENAGA;;;;;;;;
;;Pekerja;L.01;OH;0,092;Rp93.000;Rp8.556,00;;;
;;Tukang pipa;L.02;OH;0,046;Rp98.000;Rp4.508,00;;;
;;Mandor;L.04;OH;0,009;Rp111.000;Rp999,00;;;
;;;;JUMLAH TENAGA KERJA;;;Rp14.063,00;;;
;B;BAHAN;;;;;;;;
;;Pipa GIP Ø 125 mm;M.776; m ;1;Rp35.200;Rp35.200,00;;;
;;;;JUMLAH HARGA BAHAN;;;Rp35.200,00;;;
;C;PERALATAN;;;;;;;;
;;Peralatan potong pipa T2/mekanik / cilinder;E.150;hari;0,034;Rp60.200;Rp2.046,80;;;
;;;;JUMLAH HARGA ALAT;;;Rp2.046,80;;;
;D;Jumlah (A+B+C);;;;;Rp51.309,80;;;
;E;Overhead & Profit 9,5%;;;0,095;;Rp4.874,43;;;
PTP35;F;Harga Satuan Pekerjaan (D+E);;;;;Rp56.184,23;35;;
;;;;;;;;;;
;(K3) Pemotongan 1 buah pipa GIP Ø 150 mm;;;;;;;;;
;No;Uraian;Kode;Satuan;Koefisien;Harga Satuan;Jumlah Harga;;;
;A;TENAGA;;;;;;;;
;;Pekerja;L.01;OH;0,131;Rp93.000;Rp12.183,00;;;
;;Tukang pipa;L.02;OH;0,066;Rp98.000;Rp6.468,00;;;
;;Mandor;L.04;OH;0,013;Rp111.000;Rp1.443,00;;;
;;;;JUMLAH TENAGA KERJA;;;Rp20.094,00;;;
;B;BAHAN;;;;;;;;
;;Pipa GIP Ø 150 mm;M.777; m ;1;Rp54.800;Rp54.800,00;;;
;;;;JUMLAH HARGA BAHAN;;;Rp54.800,00;;;
;C;PERALATAN;;;;;;;;
;;Peralatan potong pipa T2/mekanik / cilinder;E.150;hari;0,034;Rp60.200;Rp2.046,80;;;
;;;;JUMLAH HARGA ALAT;;;Rp2.046,80;;;
;D;Jumlah (A+B+C);;;;;Rp76.940,80;;;
;E;Overhead & Profit 9,5%;;;0,095;;Rp7.309,38;;;
PTP36;F;Harga Satuan Pekerjaan (D+E);;;;;Rp84.250,18;36;;
;;;;;;;;;;
;(K3) Pemotongan 1 buah pipa GIP Ø 200 mm;;;;;;;;;
;No;Uraian;Kode;Satuan;Koefisien;Harga Satuan;Jumlah Harga;;;
;A;TENAGA;;;;;;;;
;;Pekerja;L.01;OH;0,34;Rp93.000;Rp31.620,00;;;
;;Tukang pipa;L.02;OH;0,17;Rp98.000;Rp16.660,00;;;
;;Mandor;L.04;OH;0,034;Rp111.000;Rp3.774,00;;;
;;;;JUMLAH TENAGA KERJA;;;Rp52.054,00;;;
;B;BAHAN;;;;;;;;
;;Pipa GIP Ø 200 mm;M.778; m ;1;Rp84.600;Rp84.600,00;;;
;;;;JUMLAH HARGA BAHAN;;;Rp84.600,00;;;
;C;PERALATAN;;;;;;;;
;;Peralatan potong pipa T2/mekanik / cilinder;E.150;hari;0,051;Rp60.200;Rp3.070,20;;;
;;;;JUMLAH HARGA ALAT;;;Rp3.070,20;;;
;D;Jumlah (A+B+C);;;;;Rp139.724,20;;;
;E;Overhead & Profit 9,5%;;;0,095;;Rp13.273,80;;;
PTP37;F;Harga Satuan Pekerjaan (D+E);;;;;Rp152.998,00;37;;
;;;;;;;;;;
;(K3) Pemotongan 1 buah pipa GIP Ø 250 mm;;;;;;;;;
;No;Uraian;Kode;Satuan;Koefisien;Harga Satuan;Jumlah Harga;;;
;A;TENAGA;;;;;;;;
;;Pekerja;L.01;OH;0,475;Rp93.000;Rp44.175,00;;;
;;Tukang pipa;L.02;OH;0,237;Rp98.000;Rp23.226,00;;;
;;Mandor;L.04;OH;0,047;Rp111.000;Rp5.217,00;;;
;;;;JUMLAH TENAGA KERJA;;;Rp72.618,00;;;
;B;BAHAN;;;;;;;;
;;Pipa GIP Ø 250 mm;M.779; m ;1;Rp132.400;Rp132.400,00;;;
;;;;JUMLAH HARGA BAHAN;;;Rp132.400,00;;;
;C;PERALATAN;;;;;;;;
;;Peralatan potong pipa T2/mekanik / cilinder;E.150;hari;0,051;Rp60.200;Rp3.070,20;;;
;;;;JUMLAH HARGA ALAT;;;Rp3.070,20;;;
;D;Jumlah (A+B+C);;;;;Rp208.088,20;;;
;E;Overhead & Profit 9,5%;;;0,1;;Rp20.808,82;;;
PTP38;F;Harga Satuan Pekerjaan (D+E);;;;;Rp228.897,02;38;;
;;;;;;;;;;
;(K3) Pemotongan 1 buah pipa GIP Ø 300 mm;;;;;;;;;
;No;Uraian;Kode;Satuan;Koefisien;Harga Satuan;Jumlah Harga;;;
;A;TENAGA;;;;;;;;
;;Pekerja;L.01;OH;0,504;Rp93.000;Rp46.872,00;;;
;;Tukang pipa;L.02;OH;0,252;Rp98.000;Rp24.696,00;;;
;;Mandor;L.04;OH;0,05;Rp111.000;Rp5.550,00;;;
;;;;JUMLAH TENAGA KERJA;;;Rp77.118,00;;;
;B;BAHAN;;;;;;;;
;;Pipa GIP Ø 300 mm;M.780; m ;1;Rp200.400;Rp200.400,00;;;
;;;;JUMLAH HARGA BAHAN;;;Rp200.400,00;;;
;C;PERALATAN;;;;;;;;
;;Peralatan potong pipa T2/mekanik / cilinder;E.150;hari;0,051;Rp60.200;Rp3.070,20;;;
;;;;JUMLAH HARGA ALAT;;;Rp3.070,20;;;
;D;Jumlah (A+B+C);;;;;Rp280.588,20;;;
;E;Overhead & Profit 9,5%;;;0,095;;Rp26.655,88;;;
PTP39;F;Harga Satuan Pekerjaan (D+E);;;;;Rp307.244,08;39;;
;;;;;;;;;;
;(K3) Pemotongan 1 buah pipa GIP Ø 400 mm;;;;;;;;;
;No;Uraian;Kode;Satuan;Koefisien;Harga Satuan;Jumlah Harga;;;
;A;TENAGA;;;;;;;;
;;Pekerja;L.01;OH;0,738;Rp93.000;Rp68.634,00;;;
;;Tukang pipa;L.02;OH;0,369;Rp98.000;Rp36.162,00;;;
;;Mandor;L.04;OH;0,074;Rp111.000;Rp8.214,00;;;
;;;;JUMLAH TENAGA KERJA;;;Rp113.010,00;;;
;B;BAHAN;;;;;;;;
;;Pipa GIP Ø 400 mm;M.781; m ;1;Rp348.100;Rp348.100,00;;;
;;;;JUMLAH HARGA BAHAN;;;Rp348.100,00;;;
;C;PERALATAN;;;;;;;;
;;Peralatan potong pipa T2/mekanik / cilinder;E.150;hari;0,068;Rp60.200;Rp4.093,60;;;
;;;;JUMLAH HARGA ALAT;;;Rp4.093,60;;;
;D;Jumlah (A+B+C);;;;;Rp465.203,60;;;
;E;Overhead & Profit 9,5%;;;0,1;;Rp46.520,36;;;
PTP40;F;Harga Satuan Pekerjaan (D+E);;;;;Rp511.723,96;40;;
;;;;;;;;;;
;(K3) Pemotongan 1 buah pipa GIP Ø 450 mm;;;;;;;;;
;No;Uraian;Kode;Satuan;Koefisien;Harga Satuan;Jumlah Harga;;;
;A;TENAGA;;;;;;;;
;;Pekerja;L.01;OH;0,848;Rp93.000;Rp78.864,00;;;
;;Tukang pipa;L.02;OH;0,424;Rp98.000;Rp41.552,00;;;
;;Mandor;L.04;OH;0,085;Rp111.000;Rp9.435,00;;;
;;;;JUMLAH TENAGA KERJA;;;Rp129.851,00;;;
;B;BAHAN;;;;;;;;
;;Pipa GIP Ø 450 mm;M.782; m ;1;Rp441.000;Rp441.000,00;;;
;;;;JUMLAH HARGA BAHAN;;;Rp441.000,00;;;
;C;PERALATAN;;;;;;;;
;;Peralatan potong pipa T2/mekanik / cilinder;E.150;hari;0,068;Rp60.200;Rp4.093,60;;;
;;;;JUMLAH HARGA ALAT;;;Rp4.093,60;;;
;D;Jumlah (A+B+C);;;;;Rp574.944,60;;;
;E;Overhead & Profit 9,5%;;;0,095;;Rp54.619,74;;;
PTP41;F;Harga Satuan Pekerjaan (D+E);;;;;Rp629.564,34;41;;
;;;;;;;;;;
;(K3) Pemotongan 1 buah pipa GIP Ø 500 mm;;;;;;;;;
;No;Uraian;Kode;Satuan;Koefisien;Harga Satuan;Jumlah Harga;;;
;A;TENAGA;;;;;;;;
;;Pekerja;L.01;OH;0,941;Rp93.000;Rp87.513,00;;;
;;Tukang pipa;L.02;OH;0,471;Rp98.000;Rp46.158,00;;;
;;Mandor;L.04;OH;0,094;Rp111.000;Rp10.434,00;;;
;;;;JUMLAH TENAGA KERJA;;;Rp144.105,00;;;
;B;BAHAN;;;;;;;;
;;Pipa GIP Ø 500 mm;M.783; m ;1;Rp526.000;Rp526.000,00;;;
;;;;JUMLAH HARGA BAHAN;;;Rp526.000,00;;;
;C;PERALATAN;;;;;;;;
;;Peralatan potong pipa T2/mekanik / cilinder;E.150;hari;0,068;Rp60.200;Rp4.093,60;;;
;;;;JUMLAH HARGA ALAT;;;Rp4.093,60;;;
;D;Jumlah (A+B+C);;;;;Rp674.198,60;;;
;E;Overhead & Profit 9,5%;;;0,095;;Rp64.048,87;;;
PTP42;F;Harga Satuan Pekerjaan (D+E);;;;;Rp738.247,47;42;;
;;;;;;;;;;
;(K3) Pemotongan 1 buah pipa GIP Ø 600 mm;;;;;;;;;
;No;Uraian;Kode;Satuan;Koefisien;Harga Satuan;Jumlah Harga;;;
;A;TENAGA;;;;;;;;
;;Pekerja;L.01;OH;0,864;Rp93.000;Rp80.352,00;;;
;;Tukang pipa;L.02;OH;0,432;Rp98.000;Rp42.336,00;;;
;;Mandor;L.04;OH;0,086;Rp111.000;Rp9.546,00;;;
;;;;JUMLAH TENAGA KERJA;;;Rp132.234,00;;;
;B;BAHAN;;;;;;;;
;;Pipa GIP Ø 600 mm;M.784; m ;1;Rp654.000;Rp654.000,00;;;
;;;;JUMLAH HARGA BAHAN;;;Rp654.000,00;;;
;C;PERALATAN;;;;;;;;
;;Peralatan potong pipa T2/mekanik / cilinder;E.150;hari;0,085;Rp60.200;Rp5.117,00;;;
;;;;JUMLAH HARGA ALAT;;;Rp5.117,00;;;
;D;Jumlah (A+B+C);;;;;Rp791.351,00;;;
;E;Overhead & Profit 9,5%;;;0,095;;Rp75.178,35;;;
PTP43;F;Harga Satuan Pekerjaan (D+E);;;;;Rp866.529,35;43;;
;;;;;;;;;;
;(K3) Pemotongan 1 buah pipa GIP Ø 800 mm;;;;;;;;;
;No;Uraian;Kode;Satuan;Koefisien;Harga Satuan;Jumlah Harga;;;
;A;TENAGA;;;;;;;;
;;Pekerja;L.01;OH;1,567;Rp93.000;Rp145.731,00;;;
;;Tukang pipa;L.02;OH;0,783;Rp98.000;Rp76.734,00;;;
;;Mandor;L.04;OH;0,157;Rp111.000;Rp17.427,00;;;
;;;;JUMLAH TENAGA KERJA;;;Rp239.892,00;;;
;B;BAHAN;;;;;;;;
;;Pipa GIP Ø 800 mm;M.786; m ;1;Rp870.000;Rp870.000,00;;;
;;;;JUMLAH HARGA BAHAN;;;Rp870.000,00;;;
;C;PERALATAN;;;;;;;;
;;Peralatan potong pipa T2/mekanik / cilinder;E.150;hari;0,085;Rp60.200;Rp5.117,00;;;
;;;;JUMLAH HARGA ALAT;;;Rp5.117,00;;;
;D;Jumlah (A+B+C);;;;;Rp1.115.009,00;;;
;E;Overhead & Profit 9,5%;;;0,095;;Rp105.925,86;;;
PTP44;F;Harga Satuan Pekerjaan (D+E);;;;;Rp1.220.934,86;44;;
;;;;;;;;;;
;(K3) Pemotongan 1 buah pipa GIP Ø 900 mm;;;;;;;;;
;No;Uraian;Kode;Satuan;Koefisien;Harga Satuan;Jumlah Harga;;;
;A;TENAGA;;;;;;;;
;;Pekerja;L.01;OH;1,77;Rp93.000;Rp164.610,00;;;
;;Tukang pipa;L.02;OH;0,885;Rp98.000;Rp86.730,00;;;
;;Mandor;L.04;OH;0,177;Rp111.000;Rp19.647,00;;;
;;;;JUMLAH TENAGA KERJA;;;Rp270.987,00;;;
;B;BAHAN;;;;;;;;
;;Pipa GIP Ø 900 mm;M.787; m ;1;Rp1.016.000;Rp1.016.000,00;;;
;;;;JUMLAH HARGA BAHAN;;;Rp1.016.000,00;;;
;C;PERALATAN;;;;;;;;
;;Peralatan potong pipa T2/mekanik / cilinder;E.150;hari;0,085;Rp60.200;Rp5.117,00;;;
;;;;JUMLAH HARGA ALAT;;;Rp5.117,00;;;
;D;Jumlah (A+B+C);;;;;Rp1.292.104,00;;;
;E;Overhead & Profit 9,5%;;;0,095;;Rp122.749,88;;;
PTP45;F;Harga Satuan Pekerjaan (D+E);;;;;Rp1.414.853,88;45;;
;;;;;;;;;;
;(K3) Pemotongan 1 buah pipa GIP Ø 1000 mm;;;;;;;;;
;No;Uraian;Kode;Satuan;Koefisien;Harga Satuan;Jumlah Harga;;;
;A;TENAGA;;;;;;;;
;;Pekerja;L.01;OH;1,974;Rp93.000;Rp183.582,00;;;
;;Tukang pipa;L.02;OH;0,987;Rp98.000;Rp96.726,00;;;
;;Mandor;L.04;OH;0,197;Rp111.000;Rp21.867,00;;;
;;;;JUMLAH TENAGA KERJA;;;Rp302.175,00;;;
;B;BAHAN;;;;;;;;
;;Pipa GIP Ø 1000 mm;M.773; m ;1;Rp1.087.400;Rp1.087.400,00;;;
;;;;JUMLAH HARGA BAHAN;;;Rp1.087.400,00;;;
;C;PERALATAN;;;;;;;;
;;Peralatan potong pipa T2/mekanik / cilinder;E.150;hari;0,102;Rp60.200;Rp6.140,40;;;
;;;;JUMLAH HARGA ALAT;;;Rp6.140,40;;;
;D;Jumlah (A+B+C);;;;;Rp1.395.715,40;;;
;E;Overhead & Profit 9,5%;;;0,095;;Rp132.592,96;;;
PTP46;F;Harga Satuan Pekerjaan (D+E);;;;;Rp1.528.308,36;46;;
;;;;;;;;;;
;(K3) Pemotongan 1 buah pipa GIP Ø 1100 mm;;;;;;;;;
;No;Uraian;Kode;Satuan;Koefisien;Harga Satuan;Jumlah Harga;;;
;A;TENAGA;;;;;;;;
;;Pekerja;L.01;OH;2,178;Rp93.000;Rp202.554,00;;;
;;Tukang pipa;L.02;OH;1,089;Rp98.000;Rp106.722,00;;;
;;Mandor;L.04;OH;0,218;Rp111.000;Rp24.198,00;;;
;;;;JUMLAH TENAGA KERJA;;;Rp333.474,00;;;
;B;BAHAN;;;;;;;;
;;Pipa GIP Ø 1100 mm;M.774; bh ;1;Rp1.399.100;Rp1.399.100,00;;;
;;;;JUMLAH HARGA BAHAN;;;Rp1.399.100,00;;;
;C;PERALATAN;;;;;;;;
;;Peralatan potong pipa T2/mekanik / cilinder;E.150;hari;0,102;Rp60.200;Rp6.140,40;;;
;;;;JUMLAH HARGA ALAT;;;Rp6.140,40;;;
;D;Jumlah (A+B+C);;;;;Rp1.738.714,40;;;
;E;Overhead & Profit 9,5%;;;0,095;;Rp165.177,87;;;
PTP47;F;Harga Satuan Pekerjaan (D+E);;;;;Rp1.903.892,27;47;;
;;;;;;;;;;
;(K3) Pemotongan 1 buah pipa GIP Ø 1200 mm;;;;;;;;;
;No;Uraian;Kode;Satuan;Koefisien;Harga Satuan;Jumlah Harga;;;
;A;TENAGA;;;;;;;;
;;Pekerja;L.01;OH;2,382;Rp93.000;Rp221.526,00;;;
;;Tukang pipa;L.02;OH;1,191;Rp98.000;Rp116.718,00;;;
;;Mandor;L.04;OH;0,238;Rp111.000;Rp26.418,00;;;
;;;;JUMLAH TENAGA KERJA;;;Rp364.662,00;;;
;B;BAHAN;;;;;;;;
;;Pipa GIP Ø 1200 mm;M.775; m ;1;Rp1.528.200;Rp1.528.200,00;;;
;;;;JUMLAH HARGA BAHAN;;;Rp1.528.200,00;;;
;C;PERALATAN;;;;;;;;
;;Peralatan potong pipa T2/mekanik / cilinder;E.150;hari;0,102;Rp60.200;Rp6.140,40;;;
;;;;JUMLAH HARGA ALAT;;;Rp6.140,40;;;
;D;Jumlah (A+B+C);;;;;Rp1.899.002,40;;;
;E;Overhead & Profit 9,5%;;;0,095;;Rp180.405,23;;;
PTP48;F;Harga Satuan Pekerjaan (D+E);;;;;Rp2.079.407,63;48;;
;;;;;;;;;;
;(K3) Pemotongan 1 buah pipa DCI Ø 100 mm;;;;;;;;;
;No;Uraian;Kode;Satuan;Koefisien;Harga Satuan;Jumlah Harga;;;
;A;TENAGA;;;;;;;;
;;Pekerja;L.01;OH;0,071;Rp93.000;Rp6.603,00;;;
;;Tukang pipa;L.02;OH;0,014;Rp98.000;Rp1.372,00;;;
;;Mandor;L.04;OH;0,007;Rp111.000;Rp777,00;;;
;;;;JUMLAH TENAGA KERJA;;;Rp8.752,00;;;
;B;BAHAN;;;;;;;;
;;Pipa DCI Ø 100 mm;M.757; m ;1;Rp23.500;Rp23.500,00;;;
;;;;JUMLAH HARGA BAHAN;;;Rp23.500,00;;;
;C;PERALATAN;;;;;;;;
;;Sewa Tripot/Tackel  & handle crane 2 T;E.96;hari;0,003;Rp128.600;Rp385,80;;;
;;;;JUMLAH HARGA ALAT;;;Rp385,80;;;
;D;Jumlah (A+B+C);;;;;Rp32.637,80;;;
;E;Overhead & Profit 9,5%;;;0,095;;Rp3.100,59;;;
PTP49;F;Harga Satuan Pekerjaan (D+E);;;;;Rp35.738,39;49;;
;;;;;;;;;;
;(K3) Pemotongan 1 buah pipa DCI Ø 125 mm;;;;;;;;;
;No;Uraian;Kode;Satuan;Koefisien;Harga Satuan;Jumlah Harga;;;
;A;TENAGA;;;;;;;;
;;Pekerja;L.01;OH;0,112;Rp93.000;Rp10.416,00;;;
;;Tukang pipa;L.02;OH;0,022;Rp98.000;Rp2.156,00;;;
;;Mandor;L.04;OH;0,011;Rp111.000;Rp1.221,00;;;
;;;;JUMLAH TENAGA KERJA;;;Rp13.793,00;;;
;B;BAHAN;;;;;;;;
;;Pipa DCI Ø 125 mm;M.761; m ;1;Rp26.000;Rp26.000,00;;;
;;;;JUMLAH HARGA BAHAN;;;Rp26.000,00;;;
;C;PERALATAN;;;;;;;;
;;Sewa Tripot/Tackel  & handle crane 2 T;E.96;hari;0,01;Rp128.600;Rp1.286,00;;;
;;;;JUMLAH HARGA ALAT;;;Rp1.286,00;;;
;D;Jumlah (A+B+C);;;;;Rp41.079,00;;;
;E;Overhead & Profit 9,5%;;;0,095;;Rp3.902,51;;;
PTP50;F;Harga Satuan Pekerjaan (D+E);;;;;Rp44.981,51;50;;
;;;;;;;;;;
;(K3) Pemotongan 1 buah pipa DCI Ø 150 mm;;;;;;;;;
;No;Uraian;Kode;Satuan;Koefisien;Harga Satuan;Jumlah Harga;;;
;A;TENAGA;;;;;;;;
;;Pekerja;L.01;OH;0,159;Rp93.000;Rp14.787,00;;;
;;Tukang pipa;L.02;OH;0,032;Rp98.000;Rp3.136,00;;;
;;Mandor;L.04;OH;0,016;Rp111.000;Rp1.776,00;;;
;;;;JUMLAH TENAGA KERJA;;;Rp19.699,00;;;
;B;BAHAN;;;;;;;;
;;Pipa DCI Ø 150 mm;M.762; bh ;1;Rp56.100;Rp56.100,00;;;
;;;;JUMLAH HARGA BAHAN;;;Rp56.100,00;;;
;C;PERALATAN;;;;;;;;
;;Sewa Tripot/Tackel  & handle crane 2 T;E.96;hari;0,018;Rp128.600;Rp2.314,80;;;
;;;;JUMLAH HARGA ALAT;;;Rp2.314,80;;;
;D;Jumlah (A+B+C);;;;;Rp78.113,80;;;
;E;Overhead & Profit 9,5%;;;0,095;;Rp7.420,81;;;
PTP51;F;Harga Satuan Pekerjaan (D+E);;;;;Rp85.534,61;51;;
;;;;;;;;;;
;(K3) Pemotongan 1 buah pipa DCI Ø 200 mm;;;;;;;;;
;No;Uraian;Kode;Satuan;Koefisien;Harga Satuan;Jumlah Harga;;;
;A;TENAGA;;;;;;;;
;;Pekerja;L.01;OH;0,366;Rp93.000;Rp34.038,00;;;
;;Tukang pipa;L.02;OH;0,073;Rp98.000;Rp7.154,00;;;
;;Mandor;L.04;OH;0,037;Rp111.000;Rp4.107,00;;;
;;;;JUMLAH TENAGA KERJA;;;Rp45.299,00;;;
;B;BAHAN;;;;;;;;
;;Pipa DCI Ø 200 mm;M.763; M ;1;Rp66.300;Rp66.300,00;;;
;;;;JUMLAH HARGA BAHAN;;;Rp66.300,00;;;
;C;PERALATAN;;;;;;;;
;;Sewa Tripot/Tackel  & handle crane 2 T;E.96;hari;0,054;Rp128.600;Rp6.944,40;;;
;;;;JUMLAH HARGA ALAT;;;Rp6.944,40;;;
;D;Jumlah (A+B+C);;;;;Rp118.543,40;;;
;E;Overhead & Profit 9,5%;;;0,095;;Rp11.261,62;;;
PTP52;F;Harga Satuan Pekerjaan (D+E);;;;;Rp129.805,02;52;;
;;;;;;;;;;
;(K3) Pemotongan 1 buah pipa DCI Ø 250 mm;;;;;;;;;
;No;Uraian;Kode;Satuan;Koefisien;Harga Satuan;Jumlah Harga;;;
;A;TENAGA;;;;;;;;
;;Pekerja;L.01;OH;0,476;Rp93.000;Rp44.268,00;;;
;;Tukang pipa;L.02;OH;0,095;Rp98.000;Rp9.310,00;;;
;;Mandor;L.04;OH;0,048;Rp111.000;Rp5.328,00;;;
;;;;JUMLAH TENAGA KERJA;;;Rp58.906,00;;;
;B;BAHAN;;;;;;;;
;;Pipa DCI Ø 250 mm;M.764; M ;1;Rp73.800;Rp73.800,00;;;
;;;;JUMLAH HARGA BAHAN;;;Rp73.800,00;;;
;C;PERALATAN;;;;;;;;
;;Sewa Tripot/Tackel  & handle crane 2 T;E.96;hari;0,073;Rp128.600;Rp9.387,80;;;
;;;;JUMLAH HARGA ALAT;;;Rp9.387,80;;;
;D;Jumlah (A+B+C);;;;;Rp142.093,80;;;
;E;Overhead & Profit 9,5%;;;0,095;;Rp13.498,91;;;
PTP53;F;Harga Satuan Pekerjaan (D+E);;;;;Rp155.592,71;53;;
;;;;;;;;;;
;(K3) Pemotongan 1 buah pipa DCI Ø 300 mm;;;;;;;;;
;No;Uraian;Kode;Satuan;Koefisien;Harga Satuan;Jumlah Harga;;;
;A;TENAGA;;;;;;;;
;;Pekerja;L.01;OH;0,512;Rp93.000;Rp47.616,00;;;
;;Tukang pipa;L.02;OH;0,102;Rp98.000;Rp9.996,00;;;
;;Mandor;L.04;OH;0,051;Rp111.000;Rp5.661,00;;;
;;;;JUMLAH TENAGA KERJA;;;Rp63.273,00;;;
;B;BAHAN;;;;;;;;
;;Pipa DCI Ø 300 mm;M.765; bh ;1;Rp79.400;Rp79.400,00;;;
;;;;JUMLAH HARGA BAHAN;;;Rp79.400,00;;;
;C;PERALATAN;;;;;;;;
;;Sewa Tripot/Tackel  & handle crane 2 T;E.96;hari;0,079;Rp128.600;Rp10.159,40;;;
;;;;JUMLAH HARGA ALAT;;;Rp10.159,40;;;
;D;Jumlah (A+B+C);;;;;Rp152.832,40;;;
;E;Overhead & Profit 9,5%;;;0,095;;Rp14.519,08;;;
PTP54;F;Harga Satuan Pekerjaan (D+E);;;;;Rp167.351,48;54;;
;;;;;;;;;;
;(K3) Pemotongan 1 buah pipa DCI Ø 400 mm;;;;;;;;;
;No;Uraian;Kode;Satuan;Koefisien;Harga Satuan;Jumlah Harga;;;
;A;TENAGA;;;;;;;;
;;Pekerja;L.01;OH;0,941;Rp93.000;Rp87.513,00;;;
;;Tukang pipa;L.02;OH;0,188;Rp98.000;Rp18.424,00;;;
;;Mandor;L.04;OH;0,094;Rp111.000;Rp10.434,00;;;
;;;;JUMLAH TENAGA KERJA;;;Rp116.371,00;;;
;B;BAHAN;;;;;;;;
;;Pipa DCI Ø 400 mm;M.766; bh ;1;Rp122.500;Rp122.500,00;;;
;;;;JUMLAH HARGA BAHAN;;;Rp122.500,00;;;
;C;PERALATAN;;;;;;;;
;;Peralatan potong pipa T2/mekanik / cilinder;E.151; hari ;0,158;Rp59.500;Rp9.401,00;;;
;;;;JUMLAH HARGA ALAT;;;Rp9.401,00;;;
;D;Jumlah (A+B+C);;;;;Rp248.272,00;;;
;E;Overhead & Profit 9,5%;;;0,095;;Rp23.585,84;;;
PTP55;F;Harga Satuan Pekerjaan (D+E);;;;;Rp271.857,84;55;;
;;;;;;;;;;
;(K3) Pemotongan 1 buah pipa DCI Ø 450 mm;;;;;;;;;
;No;Uraian;Kode;Satuan;Koefisien;Harga Satuan;Jumlah Harga;;;
;A;TENAGA;;;;;;;;
;;Pekerja;L.01;OH;1,137;Rp93.000;Rp105.741,00;;;
;;Tukang pipa;L.02;OH;0,227;Rp98.000;Rp22.246,00;;;
;;Mandor;L.04;OH;0,114;Rp111.000;Rp12.654,00;;;
;;;;JUMLAH TENAGA KERJA;;;Rp140.641,00;;;
;B;BAHAN;;;;;;;;
;;Pipa DCI Ø 450 mm;M.767; m ;1;Rp184.600;Rp184.600,00;;;
;;;;JUMLAH HARGA BAHAN;;;Rp184.600,00;;;
;C;PERALATAN;;;;;;;;
;;Peralatan potong pipa T2/mekanik / cilinder;E.151; hari ;0,176;Rp59.500;Rp10.472,00;;;
;;;;JUMLAH HARGA ALAT;;;Rp10.472,00;;;
;D;Jumlah (A+B+C);;;;;Rp335.713,00;;;
;E;Overhead & Profit 9,5%;;;0,095;;Rp31.892,74;;;
PTP56;F;Harga Satuan Pekerjaan (D+E);;;;;Rp367.605,74;56;;
;;;;;;;;;;
;(K3) Pemotongan 1 buah pipa DCI Ø 500 mm;;;;;;;;;
;No;Uraian;Kode;Satuan;Koefisien;Harga Satuan;Jumlah Harga;;;
;A;TENAGA;;;;;;;;
;;Pekerja;L.01;OH;1,312;Rp93.000;Rp122.016,00;;;
;;Tukang pipa;L.02;OH;0,262;Rp98.000;Rp25.676,00;;;
;;Mandor;L.04;OH;0,131;Rp111.000;Rp14.541,00;;;
;;;;JUMLAH TENAGA KERJA;;;Rp162.233,00;;;
;B;BAHAN;;;;;;;;
;;Pipa DCI Ø 500 mm;M.768; m ;1;Rp320.600;Rp320.600,00;;;
;;;;JUMLAH HARGA BAHAN;;;Rp320.600,00;;;
;C;PERALATAN;;;;;;;;
;;Peralatan potong pipa T2/mekanik / cilinder;E.151; hari ;0,192;Rp59.500;Rp11.424,00;;;
;;;;JUMLAH HARGA ALAT;;;Rp11.424,00;;;
;D;Jumlah (A+B+C);;;;;Rp494.257,00;;;
;E;Overhead & Profit 9,5%;;;0,095;;Rp46.954,42;;;
PTP57;F;Harga Satuan Pekerjaan (D+E);;;;;Rp541.211,42;57;;
;;;;;;;;;;
;(K3) Pemotongan 1 buah pipa DCI Ø 600 mm;;;;;;;;;
;No;Uraian;Kode;Satuan;Koefisien;Harga Satuan;Jumlah Harga;;;
;A;TENAGA;;;;;;;;
;;Pekerja;L.01;OH;1,309;Rp93.000;Rp121.737,00;;;
;;Tukang pipa;L.02;OH;0,262;Rp98.000;Rp25.676,00;;;
;;Mandor;L.04;OH;0,131;Rp111.000;Rp14.541,00;;;
;;;;JUMLAH TENAGA KERJA;;;Rp161.954,00;;;
;B;BAHAN;;;;;;;;
;;Pipa DCI Ø 600 mm;M.769; m ;1;Rp404.600;Rp404.600,00;;;
;;;;JUMLAH HARGA BAHAN;;;Rp404.600,00;;;
;C;PERALATAN;;;;;;;;
;;Peralatan potong pipa T2/mekanik / cilinder;E.151; hari ;0,192;Rp59.500;Rp11.424,00;;;
;;;;JUMLAH HARGA ALAT;;;Rp11.424,00;;;
;D;Jumlah (A+B+C);;;;;Rp577.978,00;;;
;E;Overhead & Profit 9,5%;;;0,095;;Rp54.907,91;;;
PTP58;F;Harga Satuan Pekerjaan (D+E);;;;;Rp632.885,91;58;;
;;;;;;;;;;
;(K3) Pemotongan 1 buah pipa DCI Ø 800 mm;;;;;;;;;
;No;Uraian;Kode;Satuan;Koefisien;Harga Satuan;Jumlah Harga;;;
;A;TENAGA;;;;;;;;
;;Pekerja;L.01;OH;2,598;Rp93.000;Rp241.614,00;;;
;;Tukang pipa;L.02;OH;0,52;Rp98.000;Rp50.960,00;;;
;;Mandor;L.04;OH;0,26;Rp111.000;Rp28.860,00;;;
;;;;JUMLAH TENAGA KERJA;;;Rp321.434,00;;;
;B;BAHAN;;;;;;;;
;;Pipa DCI Ø 800 mm;M.770; m ;1;Rp495.800;Rp495.800,00;;;
;;;;JUMLAH HARGA BAHAN;;;Rp495.800,00;;;
;C;PERALATAN;;;;;;;;
;;Peralatan potong pipa T2/mekanik / cilinder;E.151; hari ;0,31;Rp59.500;Rp18.445,00;;;
;;;;JUMLAH HARGA ALAT;;;Rp18.445,00;;;
;D;Jumlah (A+B+C);;;;;Rp835.679,00;;;
;E;Overhead & Profit 9,5%;;;0,095;;Rp79.389,51;;;
PTP59;F;Harga Satuan Pekerjaan (D+E);;;;;Rp915.068,51;59;;
;;;;;;;;;;
;(K3) Pemotongan 1 buah pipa DCI Ø 900 mm;;;;;;;;;
;No;Uraian;Kode;Satuan;Koefisien;Harga Satuan;Jumlah Harga;;;
;A;TENAGA;;;;;;;;
;;Pekerja;L.01;OH;3,37;Rp93.000;Rp313.410,00;;;
;;Tukang pipa;L.02;OH;0,674;Rp98.000;Rp66.052,00;;;
;;Mandor;L.04;OH;0,337;Rp111.000;Rp37.407,00;;;
;;;;JUMLAH TENAGA KERJA;;;Rp416.869,00;;;
;B;BAHAN;;;;;;;;
;;Pipa DCI Ø 900 mm;M.771; m ;1;Rp630.000;Rp630.000,00;;;
;;;;JUMLAH HARGA BAHAN;;;Rp630.000,00;;;
;C;PERALATAN;;;;;;;;
;;Peralatan potong pipa T2/mekanik / cilinder;E.151; hari ;0,381;Rp59.500;Rp22.669,50;;;
;;;;JUMLAH HARGA ALAT;;;Rp22.669,50;;;
;D;Jumlah (A+B+C);;;;;Rp1.069.538,50;;;
;E;Overhead & Profit 9,5%;;;0,095;;Rp101.606,16;;;
PTP60;F;Harga Satuan Pekerjaan (D+E);;;;;Rp1.171.144,66;60;;
;;;;;;;;;;
;(K3) Pemotongan 1 buah pipa DCI Ø 1000 mm;;;;;;;;;
;No;Uraian;Kode;Satuan;Koefisien;Harga Satuan;Jumlah Harga;;;
;A;TENAGA;;;;;;;;
;;Pekerja;L.01;OH;4,021;Rp93.000;Rp373.953,00;;;
;;Tukang pipa;L.02;OH;0,804;Rp98.000;Rp78.792,00;;;
;;Mandor;L.04;OH;0,402;Rp111.000;Rp44.622,00;;;
;;;;JUMLAH TENAGA KERJA;;;Rp497.367,00;;;
;B;BAHAN;;;;;;;;
;;Pipa DCI Ø 1000 mm;M.758; m ;1;Rp820.900;Rp820.900,00;;;
;;;;JUMLAH HARGA BAHAN;;;Rp820.900,00;;;
;C;PERALATAN;;;;;;;;
;;Peralatan potong pipa T2/mekanik / cilinder;E.151; hari ;0,441;Rp59.500;Rp26.239,50;;;
;;;;JUMLAH HARGA ALAT;;;Rp26.239,50;;;
;D;Jumlah (A+B+C);;;;;Rp1.344.506,50;;;
;E;Overhead & Profit 9,5%;;;0,095;;Rp127.728,12;;;
PTP61;F;Harga Satuan Pekerjaan (D+E);;;;;Rp1.472.234,62;61;;
;;;;;;;;;;
;(K3) Pemotongan 1 buah pipa DCI Ø 1100 mm;;;;;;;;;
;No;Uraian;Kode;Satuan;Koefisien;Harga Satuan;Jumlah Harga;;;
;A;TENAGA;;;;;;;;
;;Pekerja;L.01;OH;4,731;Rp93.000;Rp439.983,00;;;
;;Tukang pipa;L.02;OH;0,946;Rp98.000;Rp92.708,00;;;
;;Mandor;L.04;OH;0,473;Rp111.000;Rp52.503,00;;;
;;;;JUMLAH TENAGA KERJA;;;Rp585.194,00;;;
;B;BAHAN;;;;;;;;
;;Pipa DCI Ø 1100 mm;M.759; bh ;1;Rp1.060.200;Rp1.060.200,00;;;
;;;;JUMLAH HARGA BAHAN;;;Rp1.060.200,00;;;
;C;PERALATAN;;;;;;;;
;;Peralatan potong pipa T2/mekanik / cilinder;E.151; hari ;0,506;Rp59.500;Rp30.107,00;;;
;;;;JUMLAH HARGA ALAT;;;Rp30.107,00;;;
;D;Jumlah (A+B+C);;;;;Rp1.675.501,00;;;
;E;Overhead & Profit 9,5%;;;0,095;;Rp159.172,60;;;
PTP62;F;Harga Satuan Pekerjaan (D+E);;;;;Rp1.834.673,60;62;;
;;;;;;;;;;
;(K3) Pemotongan 1 buah pipa DCI Ø 1200 mm;;;;;;;;;
;No;Uraian;Kode;Satuan;Koefisien;Harga Satuan;Jumlah Harga;;;
;A;TENAGA;;;;;;;;
;;Pekerja;L.01;OH;5,502;Rp93.000;Rp511.686,00;;;
;;Tukang pipa;L.02;OH;1,1;Rp98.000;Rp107.800,00;;;
;;Mandor;L.04;OH;0,55;Rp111.000;Rp61.050,00;;;
;;;;JUMLAH TENAGA KERJA;;;Rp680.536,00;;;
;B;BAHAN;;;;;;;;
;;Pipa DCI Ø 1200 mm;M.760; bh ;1;Rp1.178.500;Rp1.178.500,00;;;
;;;;JUMLAH HARGA BAHAN;;;Rp1.178.500,00;;;
;C;PERALATAN;;;;;;;;
;;Peralatan potong pipa T2/mekanik / cilinder;E.151; hari ;0,576;Rp59.500;Rp34.272,00;;;
;;;;JUMLAH HARGA ALAT;;;Rp34.272,00;;;
;D;Jumlah (A+B+C);;;;;Rp1.893.308,00;;;
;E;Overhead & Profit 9,5%;;;0,095;;Rp179.864,26;;;
PTP63;F;Harga Satuan Pekerjaan (D+E);;;;;Rp2.073.172,26;63;;
;;;;;;;;;;
;(K3) Pemotongan 1 buah pipa baja Ø 63 mm;;;;;;;;;
;No;Uraian;Kode;Satuan;Koefisien;Harga Satuan;Jumlah Harga;;;
;A;TENAGA;;;;;;;;
;;Pekerja;L.01;OH;0,028;Rp93.000;Rp2.604,00;;;
;;Tukang pipa;L.02;OH;0,006;Rp98.000;Rp588,00;;;
;;Mandor;L.04;OH;0,003;Rp111.000;Rp333,00;;;
;;;;JUMLAH TENAGA KERJA;;;Rp3.525,00;;;
;B;BAHAN;;;;;;;;
;;Pipa Baja Ø 63 mm;M.753; bh ;1;Rp57.600;Rp57.600,00;;;
;;;;JUMLAH HARGA BAHAN;;;Rp57.600,00;;;
;C;PERALATAN;;;;;;;;
;;Peralatan potong pipa T2/mekanik / cilinder;E.151; hari ;0,037;Rp59.500;Rp2.201,50;;;
;;;;JUMLAH HARGA ALAT;;;Rp2.201,50;;;
;D;Jumlah (A+B+C);;;;;Rp63.326,50;;;
;E;Overhead & Profit 9,5%;;;0,095;;Rp6.016,02;;;
PTP64;F;Harga Satuan Pekerjaan (D+E);;;;;Rp69.342,52;64;;
;;;;;;;;;;
;(K3) Pemotongan 1 buah pipa baja Ø 100 mm;;;;;;;;;
;No;Uraian;Kode;Satuan;Koefisien;Harga Satuan;Jumlah Harga;;;
;A;TENAGA;;;;;;;;
;;Pekerja;L.01;OH;0,085;Rp93.000;Rp7.905,00;;;
;;Tukang pipa;L.02;OH;0,017;Rp98.000;Rp1.666,00;;;
;;Mandor;L.04;OH;0,008;Rp111.000;Rp888,00;;;
;;;;JUMLAH TENAGA KERJA;;;Rp10.459,00;;;
;B;BAHAN;;;;;;;;
;;Pipa Baja Ø 100 mm;M.739; m ;1;Rp78.300;Rp78.300,00;;;
;;;;JUMLAH HARGA BAHAN;;;Rp78.300,00;;;
;C;PERALATAN;;;;;;;;
;;Peralatan potong pipa T2/mekanik / cilinder;E.151; hari ;0,04;Rp59.500;Rp2.380,00;;;
;;;;JUMLAH HARGA ALAT;;;Rp2.380,00;;;
;D;Jumlah (A+B+C);;;;;Rp91.139,00;;;
;E;Overhead & Profit 9,5%;;;0,095;;Rp8.658,21;;;
PTP65;F;Harga Satuan Pekerjaan (D+E);;;;;Rp99.797,21;65;;
;;;;;;;;;;
;(K3) Pemotongan 1 buah pipa baja Ø 125 mm;;;;;;;;;
;No;Uraian;Kode;Satuan;Koefisien;Harga Satuan;Jumlah Harga;;;
;A;TENAGA;;;;;;;;
;;Pekerja;L.01;OH;0,133;Rp93.000;Rp12.369,00;;;
;;Tukang pipa;L.02;OH;0,027;Rp98.000;Rp2.646,00;;;
;;Mandor;L.04;OH;0,013;Rp111.000;Rp1.443,00;;;
;;;;JUMLAH TENAGA KERJA;;;Rp16.458,00;;;
;B;BAHAN;;;;;;;;
;;Pipa Baja Ø 125 mm;M.743; m ;1;Rp218.400;Rp218.400,00;;;
;;;;JUMLAH HARGA BAHAN;;;Rp218.400,00;;;
;C;PERALATAN;;;;;;;;
;;Peralatan potong pipa T2/mekanik / cilinder;E.151; hari ;0,042;Rp59.500;Rp2.499,00;;;
;;;;JUMLAH HARGA ALAT;;;Rp2.499,00;;;
;D;Jumlah (A+B+C);;;;;Rp237.357,00;;;
;E;Overhead & Profit 9,5%;;;0,095;;Rp22.548,92;;;
PTP66;F;Harga Satuan Pekerjaan (D+E);;;;;Rp259.905,92;66;;
;;;;;;;;;;
;(K3) Pemotongan 1 buah pipa baja Ø 150 mm;;;;;;;;;
;No;Uraian;Kode;Satuan;Koefisien;Harga Satuan;Jumlah Harga;;;
;A;TENAGA;;;;;;;;
;;Pekerja;L.01;OH;0,184;Rp93.000;Rp17.112,00;;;
;;Tukang pipa;L.02;OH;0,037;Rp98.000;Rp3.626,00;;;
;;Mandor;L.04;OH;0,018;Rp111.000;Rp1.998,00;;;
;;;;JUMLAH TENAGA KERJA;;;Rp22.736,00;;;
;B;BAHAN;;;;;;;;
;;Pipa Baja Ø 150 mm;M.744; m ;1;Rp348.000;Rp348.000,00;;;
;;;;JUMLAH HARGA BAHAN;;;Rp348.000,00;;;
;C;PERALATAN;;;;;;;;
;;Peralatan potong pipa T2/mekanik / cilinder;E.151; hari ;0,045;Rp59.500;Rp2.677,50;;;
;;;;JUMLAH HARGA ALAT;;;Rp2.677,50;;;
;D;Jumlah (A+B+C);;;;;Rp373.413,50;;;
;E;Overhead & Profit 9,5%;;;0,095;;Rp35.474,28;;;
PTP67;F;Harga Satuan Pekerjaan (D+E);;;;;Rp408.887,78;67;;
;;;;;;;;;;
;(K3) Pemotongan 1 buah pipa baja Ø 200 mm;;;;;;;;;
;No;Uraian;Kode;Satuan;Koefisien;Harga Satuan;Jumlah Harga;;;
;A;TENAGA;;;;;;;;
;;Pekerja;L.01;OH;0,476;Rp93.000;Rp44.268,00;;;
;;Tukang pipa;L.02;OH;0,095;Rp98.000;Rp9.310,00;;;
;;Mandor;L.04;OH;0,048;Rp111.000;Rp5.328,00;;;
;;;;JUMLAH TENAGA KERJA;;;Rp58.906,00;;;
;B;BAHAN;;;;;;;;
;;Pipa Baja Ø 200 mm;M.745; m ;1;Rp529.400;Rp529.400,00;;;
;;;;JUMLAH HARGA BAHAN;;;Rp529.400,00;;;
;C;PERALATAN;;;;;;;;
;;Peralatan potong pipa T2/mekanik / cilinder;E.151; hari ;0,06;Rp59.500;Rp3.570,00;;;
;;;;JUMLAH HARGA ALAT;;;Rp3.570,00;;;
;D;Jumlah (A+B+C);;;;;Rp591.876,00;;;
;E;Overhead & Profit 9,5%;;;0,095;;Rp56.228,22;;;
PTP68;F;Harga Satuan Pekerjaan (D+E);;;;;Rp648.104,22;68;;
;;;;;;;;;;
;(K3) Pemotongan 1 buah pipa baja Ø 250 mm;;;;;;;;;
;No;Uraian;Kode;Satuan;Koefisien;Harga Satuan;Jumlah Harga;;;
;A;TENAGA;;;;;;;;
;;Pekerja;L.01;OH;0,663;Rp93.000;Rp61.659,00;;;
;;Tukang pipa;L.02;OH;0,133;Rp98.000;Rp13.034,00;;;
;;Mandor;L.04;OH;0,066;Rp111.000;Rp7.326,00;;;
;;;;JUMLAH TENAGA KERJA;;;Rp82.019,00;;;
;B;BAHAN;;;;;;;;
;;Pipa Baja Ø 250 mm;M.746; m ;1;Rp812.200;Rp812.200,00;;;
;;;;JUMLAH HARGA BAHAN;;;Rp812.200,00;;;
;C;PERALATAN;;;;;;;;
;;Peralatan potong pipa T2/mekanik / cilinder;E.151; hari ;0,068;Rp59.500;Rp4.046,00;;;
;;;;JUMLAH HARGA ALAT;;;Rp4.046,00;;;
;D;Jumlah (A+B+C);;;;;Rp898.265,00;;;
;E;Overhead & Profit 9,5%;;;0,095;;Rp85.335,18;;;
PTP69;F;Harga Satuan Pekerjaan (D+E);;;;;Rp983.600,18;69;;
;;;;;;;;;;
;(K3) Pemotongan 1 buah pipa baja Ø 300 mm;;;;;;;;;
;No;Uraian;Kode;Satuan;Koefisien;Harga Satuan;Jumlah Harga;;;
;A;TENAGA;;;;;;;;
;;Pekerja;L.01;OH;0,745;Rp93.000;Rp69.285,00;;;
;;Tukang pipa;L.02;OH;0,149;Rp98.000;Rp14.602,00;;;
;;Mandor;L.04;OH;0,074;Rp111.000;Rp8.214,00;;;
;;;;JUMLAH TENAGA KERJA;;;Rp92.101,00;;;
;B;BAHAN;;;;;;;;
;;Pipa Baja Ø 300 mm;M.747; m ;1;Rp1.212.600;Rp1.212.600,00;;;
;;;;JUMLAH HARGA BAHAN;;;Rp1.212.600,00;;;
;C;PERALATAN;;;;;;;;
;;Peralatan potong pipa T2/mekanik / cilinder;E.151; hari ;0,072;Rp59.500;Rp4.284,00;;;
;;;;JUMLAH HARGA ALAT;;;Rp4.284,00;;;
;D;Jumlah (A+B+C);;;;;Rp1.308.985,00;;;
;E;Overhead & Profit 9,5%;;;0,095;;Rp124.353,58;;;
PTP70;F;Harga Satuan Pekerjaan (D+E);;;;;Rp1.433.338,58;70;;
;;;;;;;;;;
;(K3) Pemotongan 1 buah pipa baja Ø 400 mm;;;;;;;;;
;No;Uraian;Kode;Satuan;Koefisien;Harga Satuan;Jumlah Harga;;;
;A;TENAGA;;;;;;;;
;;Pekerja;L.01;OH;1,44;Rp93.000;Rp133.920,00;;;
;;Tukang pipa;L.02;OH;0,288;Rp98.000;Rp28.224,00;;;
;;Mandor;L.04;OH;0,144;Rp111.000;Rp15.984,00;;;
;;;;JUMLAH TENAGA KERJA;;;Rp178.128,00;;;
;B;BAHAN;;;;;;;;
;;Pipa Baja Ø 400 mm;M.748; m ;1;Rp2.142.200;Rp2.142.200,00;;;
;;;;JUMLAH HARGA BAHAN;;;Rp2.142.200,00;;;
;C;PERALATAN;;;;;;;;
;;Peralatan potong pipa T2/mekanik / cilinder;E.151; hari ;0,105;Rp59.500;Rp6.247,50;;;
;;;;JUMLAH HARGA ALAT;;;Rp6.247,50;;;
;D;Jumlah (A+B+C);;;;;Rp2.326.575,50;;;
;E;Overhead & Profit 9,5%;;;0,095;;Rp221.024,67;;;
PTP71;F;Harga Satuan Pekerjaan (D+E);;;;;Rp2.547.600,17;71;;
;;;;;;;;;;
;(K3) Pemotongan 1 buah pipa baja Ø 450 mm;;;;;;;;;
;No;Uraian;Kode;Satuan;Koefisien;Harga Satuan;Jumlah Harga;;;
;A;TENAGA;;;;;;;;
;;Pekerja;L.01;OH;1,399;Rp93.000;Rp130.107,00;;;
;;Tukang pipa;L.02;OH;0,28;Rp98.000;Rp27.440,00;;;
;;Mandor;L.04;OH;0,14;Rp111.000;Rp15.540,00;;;
;;;;JUMLAH TENAGA KERJA;;;Rp173.087,00;;;
;B;BAHAN;;;;;;;;
;;Pipa Baja Ø 450 mm;M.749; m ;1;Rp2.661.900;Rp2.661.900,00;;;
;;;;JUMLAH HARGA BAHAN;;;Rp2.661.900,00;;;
;C;PERALATAN;;;;;;;;
;;Peralatan potong pipa T2/mekanik / cilinder;E.151; hari ;0,107;Rp59.500;Rp6.366,50;;;
;;;;JUMLAH HARGA ALAT;;;Rp6.366,50;;;
;D;Jumlah (A+B+C);;;;;Rp2.841.353,50;;;
;E;Overhead & Profit 9,5%;;;0,095;;Rp269.928,58;;;
PTP72;F;Harga Satuan Pekerjaan (D+E);;;;;Rp3.111.282,08;72;;
;;;;;;;;;;
;(K3) Pemotongan 1 buah pipa baja Ø 500 mm;;;;;;;;;
;No;Uraian;Kode;Satuan;Koefisien;Harga Satuan;Jumlah Harga;;;
;A;TENAGA;;;;;;;;
;;Pekerja;L.01;OH;1,558;Rp93.000;Rp144.894,00;;;
;;Tukang pipa;L.02;OH;0,312;Rp98.000;Rp30.576,00;;;
;;Mandor;L.04;OH;0,156;Rp111.000;Rp17.316,00;;;
;;;;JUMLAH TENAGA KERJA;;;Rp192.786,00;;;
;B;BAHAN;;;;;;;;
;;Pipa Baja Ø 500 mm;M.751; m ;1;Rp3.272.100;Rp3.272.100,00;;;
;;;;JUMLAH HARGA BAHAN;;;Rp3.272.100,00;;;
;C;PERALATAN;;;;;;;;
;;Peralatan potong pipa T2/mekanik / cilinder;E.151; hari ;0,107;Rp59.500;Rp6.366,50;;;
;;;;JUMLAH HARGA ALAT;;;Rp6.366,50;;;
;D;Jumlah (A+B+C);;;;;Rp3.471.252,50;;;
;E;Overhead & Profit 9,5%;;;0,095;;Rp329.768,99;;;
PTP73;F;Harga Satuan Pekerjaan (D+E);;;;;Rp3.801.021,49;73;;
;;;;;;;;;;
;(K3) Pemotongan 1 buah pipa baja Ø 600 mm;;;;;;;;;
;No;Uraian;Kode;Satuan;Koefisien;Harga Satuan;Jumlah Harga;;;
;A;TENAGA;;;;;;;;
;;Pekerja;L.01;OH;1,437;Rp93.000;Rp133.641,00;;;
;;Tukang pipa;L.02;OH;0,287;Rp98.000;Rp28.126,00;;;
;;Mandor;L.04;OH;0,144;Rp111.000;Rp15.984,00;;;
;;;;JUMLAH TENAGA KERJA;;;Rp177.751,00;;;
;B;BAHAN;;;;;;;;
;;Pipa Baja Ø 600 mm;M.752; m ;1;Rp4.345.600;Rp4.345.600,00;;;
;;;;JUMLAH HARGA BAHAN;;;Rp4.345.600,00;;;
;C;PERALATAN;;;;;;;;
;;Peralatan potong pipa T2/mekanik / cilinder;E.151; hari ;0,113;Rp59.500;Rp6.723,50;;;
;;;;JUMLAH HARGA ALAT;;;Rp6.723,50;;;
;D;Jumlah (A+B+C);;;;;Rp4.530.074,50;;;
;E;Overhead & Profit 9,5%;;;0,095;;Rp430.357,08;;;
PTP74;F;Harga Satuan Pekerjaan (D+E);;;;;Rp4.960.431,58;74;;
;;;;;;;;;;
;(K3) Pemotongan 1 buah pipa baja Ø 800 mm;;;;;;;;;
;No;Uraian;Kode;Satuan;Koefisien;Harga Satuan;Jumlah Harga;;;
;A;TENAGA;;;;;;;;
;;Pekerja;L.01;OH;2,624;Rp93.000;Rp244.032,00;;;
;;Tukang pipa;L.02;OH;0,525;Rp98.000;Rp51.450,00;;;
;;Mandor;L.04;OH;0,262;Rp111.000;Rp29.082,00;;;
;;;;JUMLAH TENAGA KERJA;;;Rp324.564,00;;;
;B;BAHAN;;;;;;;;
;;Pipa Baja Ø 800 mm;M.754; m ;1;Rp6.006.500;Rp6.006.500,00;;;
;;;;JUMLAH HARGA BAHAN;;;Rp6.006.500,00;;;
;C;PERALATAN;;;;;;;;
;;Peralatan potong pipa T2/mekanik / cilinder;E.151; hari ;0,166;Rp59.500;Rp9.877,00;;;
;;;;JUMLAH HARGA ALAT;;;Rp9.877,00;;;
;D;Jumlah (A+B+C);;;;;Rp6.340.941,00;;;
;E;Overhead & Profit 9,5%;;;0,095;;Rp602.389,40;;;
PTP75;F;Harga Satuan Pekerjaan (D+E);;;;;Rp6.943.330,40;75;;
;;;;;;;;;;
;(K3) Pemotongan 1 buah pipa baja Ø 900 mm;;;;;;;;;
;No;Uraian;Kode;Satuan;Koefisien;Harga Satuan;Jumlah Harga;;;
;A;TENAGA;;;;;;;;
;;Pekerja;L.01;OH;2,971;Rp93.000;Rp276.303,00;;;
;;Tukang pipa;L.02;OH;0,594;Rp98.000;Rp58.212,00;;;
;;Mandor;L.04;OH;0,297;Rp111.000;Rp32.967,00;;;
;;;;JUMLAH TENAGA KERJA;;;Rp367.482,00;;;
;B;BAHAN;;;;;;;;
;;Pipa Baja Ø 900 mm;M.755; bh ;1;Rp7.125.200;Rp7.125.200,00;;;
;;;;JUMLAH HARGA BAHAN;;;Rp7.125.200,00;;;
;C;PERALATAN;;;;;;;;
;;Peralatan potong pipa T2/mekanik / cilinder;E.151; hari ;0,183;Rp59.500;Rp10.888,50;;;
;;;;JUMLAH HARGA ALAT;;;Rp10.888,50;;;
;D;Jumlah (A+B+C);;;;;Rp7.503.570,50;;;
;E;Overhead & Profit 9,5%;;;0,095;;Rp712.839,20;;;
PTP76;F;Harga Satuan Pekerjaan (D+E);;;;;Rp8.216.409,70;76;;
;;;;;;;;;;
;(K3) Pemotongan 1 buah pipa baja Ø 1000 mm;;;;;;;;;
;No;Uraian;Kode;Satuan;Koefisien;Harga Satuan;Jumlah Harga;;;
;A;TENAGA;;;;;;;;
;;Pekerja;L.01;OH;3,319;Rp93.000;Rp308.667,00;;;
;;Tukang pipa;L.02;OH;0,664;Rp98.000;Rp65.072,00;;;
;;Mandor;L.04;OH;0,332;Rp111.000;Rp36.852,00;;;
;;;;JUMLAH TENAGA KERJA;;;Rp410.591,00;;;
;B;BAHAN;;;;;;;;
;;Pipa Baja Ø 1000 mm;M.740; m ;1;Rp7.757.500;Rp7.757.500,00;;;
;;;;JUMLAH HARGA BAHAN;;;Rp7.757.500,00;;;
;C;PERALATAN;;;;;;;;
;;Peralatan potong pipa T2/mekanik / cilinder;E.151; hari ;0,201;Rp59.500;Rp11.959,50;;;
;;;;JUMLAH HARGA ALAT;;;Rp11.959,50;;;
;D;Jumlah (A+B+C);;;;;Rp8.180.050,50;;;
;E;Overhead & Profit 9,5%;;;0,095;;Rp777.104,80;;;
PTP77;F;Harga Satuan Pekerjaan (D+E);;;;;Rp8.957.155,30;77;;
;;;;;;;;;;
;(K3) Pemotongan 1 buah pipa baja Ø 1100 mm;;;;;;;;;
;No;Uraian;Kode;Satuan;Koefisien;Harga Satuan;Jumlah Harga;;;
;A;TENAGA;;;;;;;;
;;Pekerja;L.01;OH;3,667;Rp93.000;Rp341.031,00;;;
;;Tukang pipa;L.02;OH;0,733;Rp98.000;Rp71.834,00;;;
;;Mandor;L.04;OH;0,367;Rp111.000;Rp40.737,00;;;
;;;;JUMLAH TENAGA KERJA;;;Rp453.602,00;;;
;B;BAHAN;;;;;;;;
;;Pipa Baja Ø 1100 mm;M.741; m ;1;Rp8.891.000;Rp8.891.000,00;;;
;;;;JUMLAH HARGA BAHAN;;;Rp8.891.000,00;;;
;C;PERALATAN;;;;;;;;
;;Peralatan potong pipa T2/mekanik / cilinder;E.151; hari ;0,218;Rp59.500;Rp12.971,00;;;
;;;;JUMLAH HARGA ALAT;;;Rp12.971,00;;;
;D;Jumlah (A+B+C);;;;;Rp9.357.573,00;;;
;E;Overhead & Profit 9,5%;;;0,095;;Rp888.969,44;;;
PTP78;F;Harga Satuan Pekerjaan (D+E);;;;;Rp10.246.542,44;78;;
;;;;;;;;;;
;(K3) Pemotongan 1 buah pipa baja Ø 1200 mm;;;;;;;;;
;No;Uraian;Kode;Satuan;Koefisien;Harga Satuan;Jumlah Harga;;;
;A;TENAGA;;;;;;;;
;;Pekerja;L.01;OH;4,015;Rp93.000;Rp373.395,00;;;
;;Tukang pipa;L.02;OH;0,803;Rp98.000;Rp78.694,00;;;
;;Mandor;L.04;OH;0,402;Rp111.000;Rp44.622,00;;;
;;;;JUMLAH TENAGA KERJA;;;Rp496.711,00;;;
;B;BAHAN;;;;;;;;
;;Pipa Baja Ø 1200 mm;M.742; bh ;1;Rp9.670.500;Rp9.670.500,00;;;
;;;;JUMLAH HARGA BAHAN;;;Rp9.670.500,00;;;
;C;PERALATAN;;;;;;;;
;;Peralatan potong pipa T2/mekanik / cilinder;E.151; hari ;0,236;Rp59.500;Rp14.042,00;;;
;;;;JUMLAH HARGA ALAT;;;Rp14.042,00;;;
;D;Jumlah (A+B+C);;;;;Rp10.181.253,00;;;
;E;Overhead & Profit 9,5%;;;0,095;;Rp967.219,04;;;
PTP79;F;Harga Satuan Pekerjaan (D+E);;;;;Rp11.148.472,04;79;;
;;;;;;;;;;
;HARGA SATUAN PEKERJAAN PEMASANGAN  AKSESORIS PIPA;;;;;;;;;
;(K3) Pemasangan 1 buah Valve Ø 150 mm;;;;;;;;;
;No;Uraian;Kode;Satuan;Koefisien;Harga Satuan;Jumlah Harga;;;
;A;TENAGA;;;;;;;;
;;Pekerja;L.01;OH;1,429;Rp93.000;Rp132.897,00;;;
;;Tukang pipa;L.02;OH;0,715;Rp98.000;Rp70.070,00;;;
;;Mandor;L.04;OH;0,143;Rp111.000;Rp15.873,00;;;
;;;;JUMLAH TENAGA KERJA;;;Rp218.840,00;;;
;B;BAHAN;;;;;;;;
;;Valve Ø 150 mm;M.854; bh ;1;Rp17.700;Rp17.700,00;;;
;;;;JUMLAH HARGA BAHAN;;;Rp17.700,00;;;
;C;PERALATAN;;;;;;;;
;;Sewa Tripot/Tackel  & handle crane 2 T;E.96;hari;0,1;Rp128.600;Rp12.860,00;;;
;;;;JUMLAH HARGA ALAT;;;Rp12.860,00;;;
;D;Jumlah (A+B+C);;;;;Rp249.400,00;;;
;E;Overhead & Profit 9,5%;;;0,095;;Rp23.693,00;;;
PAP1;F;Harga Satuan Pekerjaan (D+E);;;;;Rp273.093,00;1;;
;;;;;;;;;;
;(K3) Pemasangan 1 buah Valve Ø 200 mm;;;;;;;;;
;No;Uraian;Kode;Satuan;Koefisien;Harga Satuan;Jumlah Harga;;;
;A;TENAGA;;;;;;;;
;;Pekerja;L.01;OH;1,714;Rp93.000;Rp159.402,00;;;
;;Tukang pipa;L.02;OH;0,857;Rp98.000;Rp83.986,00;;;
;;Mandor;L.04;OH;0,171;Rp111.000;Rp18.981,00;;;
;;;;JUMLAH TENAGA KERJA;;;Rp262.369,00;;;
;B;BAHAN;;;;;;;;
;;Valve Ø 200 mm;M.855; bh ;1;Rp29.100;Rp29.100,00;;;
;;;;JUMLAH HARGA BAHAN;;;Rp29.100,00;;;
;C;PERALATAN;;;;;;;;
;;Sewa Tripot/Tackel  & handle crane 2 T;E.96;hari;0,3;Rp128.600;Rp38.580,00;;;
;;;;JUMLAH HARGA ALAT;;;Rp38.580,00;;;
;D;Jumlah (A+B+C);;;;;Rp330.049,00;;;
;E;Overhead & Profit 9,5%;;;0,095;;Rp31.354,66;;;
PAP2;F;Harga Satuan Pekerjaan (D+E);;;;;Rp361.403,66;2;;
;;;;;;;;;;
;(K3) Pemasangan 1 buah Valve Ø 250 mm;;;;;;;;;
;No;Uraian;Kode;Satuan;Koefisien;Harga Satuan;Jumlah Harga;;;
;A;TENAGA;;;;;;;;
;;Pekerja;L.01;OH;1,714;Rp93.000;Rp159.402,00;;;
;;Tukang pipa;L.02;OH;0,857;Rp98.000;Rp83.986,00;;;
;;Mandor;L.04;OH;0,171;Rp111.000;Rp18.981,00;;;
;;;;JUMLAH TENAGA KERJA;;;Rp262.369,00;;;
;B;BAHAN;;;;;;;;
;;Valve Ø 250 mm;M.856; bh ;1;Rp45.600;Rp45.600,00;;;
;;;;JUMLAH HARGA BAHAN;;;Rp45.600,00;;;
;C;PERALATAN;;;;;;;;
;;Sewa Tripot/Tackel  & handle crane 2 T;E.96;hari;0,4;Rp128.600;Rp51.440,00;;;
;;;;JUMLAH HARGA ALAT;;;Rp51.440,00;;;
;D;Jumlah (A+B+C);;;;;Rp359.409,00;;;
;E;Overhead & Profit 9,5%;;;0,095;;Rp34.143,86;;;
PAP3;F;Harga Satuan Pekerjaan (D+E);;;;;Rp393.552,86;3;;
;;;;;;;;;;
;(K3) Pemasangan 1 buah Valve Ø 300 mm;;;;;;;;;
;No;Uraian;Kode;Satuan;Koefisien;Harga Satuan;Jumlah Harga;;;
;A;TENAGA;;;;;;;;
;;Pekerja;L.01;OH;2;Rp93.000;Rp186.000,00;;;
;;Tukang pipa;L.02;OH;1;Rp98.000;Rp98.000,00;;;
;;Mandor;L.04;OH;0,2;Rp111.000;Rp22.200,00;;;
;;;;JUMLAH TENAGA KERJA;;;Rp306.200,00;;;
;B;BAHAN;;;;;;;;
;;Valve Ø 300 mm;M.857; bh ;1;Rp61.300;Rp61.300,00;;;
;;;;JUMLAH HARGA BAHAN;;;Rp61.300,00;;;
;C;PERALATAN;;;;;;;;
;;Sewa Tripot/Tackel  & handle crane 2 T;E.96;hari;0,5;Rp128.600;Rp64.300,00;;;
;;;;JUMLAH HARGA ALAT;;;Rp64.300,00;;;
;D;Jumlah (A+B+C);;;;;Rp431.800,00;;;
;E;Overhead & Profit 9,5%;;;0,095;;Rp41.021,00;;;
PAP4;F;Harga Satuan Pekerjaan (D+E);;;;;Rp472.821,00;4;;
;;;;;;;;;;
;(K3) Pemasangan 1 buah Valve Ø 400 mm;;;;;;;;;
;No;Uraian;Kode;Satuan;Koefisien;Harga Satuan;Jumlah Harga;;;
;A;TENAGA;;;;;;;;
;;Pekerja;L.01;OH;3,429;Rp93.000;Rp318.897,00;;;
;;Tukang pipa;L.02;OH;1,715;Rp98.000;Rp168.070,00;;;
;;Mandor;L.04;OH;0,343;Rp111.000;Rp38.073,00;;;
;;;;JUMLAH TENAGA KERJA;;;Rp525.040,00;;;
;B;BAHAN;;;;;;;;
;;Valve Ø 400 mm;M.858; bh ;1;Rp74.900;Rp74.900,00;;;
;;;;JUMLAH HARGA BAHAN;;;Rp74.900,00;;;
;C;PERALATAN;;;;;;;;
;;Sewa Tripot/Tackel  & handle crane 2 T;E.96;hari;1;Rp128.600;Rp128.600,00;;;
;;;;JUMLAH HARGA ALAT;;;Rp128.600,00;;;
;D;Jumlah (A+B+C);;;;;Rp728.540,00;;;
;E;Overhead & Profit 9,5%;;;0,095;;Rp69.211,30;;;
PAP5;F;Harga Satuan Pekerjaan (D+E);;;;;Rp797.751,30;5;;
;;;;;;;;;;
;(K3) Pemasangan 1 buah Valve Ø 450 mm;;;;;;;;;
;No;Uraian;Kode;Satuan;Koefisien;Harga Satuan;Jumlah Harga;;;
;A;TENAGA;;;;;;;;
;;Pekerja;L.01;OH;3,429;Rp93.000;Rp318.897,00;;;
;;Tukang pipa;L.02;OH;1,715;Rp98.000;Rp168.070,00;;;
;;Mandor;L.04;OH;0,343;Rp111.000;Rp38.073,00;;;
;;;;JUMLAH TENAGA KERJA;;;Rp525.040,00;;;
;B;BAHAN;;;;;;;;
;;Valve Ø 450 mm;M.859; bh ;1;Rp97.500;Rp97.500,00;;;
;;;;JUMLAH HARGA BAHAN;;;Rp97.500,00;;;
;C;PERALATAN;;;;;;;;
;;Sewa Tripot/Tackel  & handle crane 2 T;E.96;hari;1;Rp128.600;Rp128.600,00;;;
;;;;JUMLAH HARGA ALAT;;;Rp128.600,00;;;
;D;Jumlah (A+B+C);;;;;Rp751.140,00;;;
;E;Overhead & Profit 9,5%;;;0,095;;Rp71.358,30;;;
PAP6;F;Harga Satuan Pekerjaan (D+E);;;;;Rp822.498,30;6;;
;;;;;;;;;;
;(K3) Pemasangan 1 buah Valve Ø 500 mm;;;;;;;;;
;No;Uraian;Kode;Satuan;Koefisien;Harga Satuan;Jumlah Harga;;;
;A;TENAGA;;;;;;;;
;;Pekerja;L.01;OH;4;Rp93.000;Rp372.000,00;;;
;;Tukang pipa;L.02;OH;2;Rp98.000;Rp196.000,00;;;
;;Mandor;L.04;OH;0,4;Rp111.000;Rp44.400,00;;;
;;;;JUMLAH TENAGA KERJA;;;Rp612.400,00;;;
;B;BAHAN;;;;;;;;
;;Valve Ø 500 mm;M.860; bh ;1;Rp109.300;Rp109.300,00;;;
;;;;JUMLAH HARGA BAHAN;;;Rp109.300,00;;;
;C;PERALATAN;;;;;;;;
;;Sewa Tripot/Tackel  & handle crane 2 T;E.96;hari;1;Rp128.600;Rp128.600,00;;;
;;;;JUMLAH HARGA ALAT;;;Rp128.600,00;;;
;D;Jumlah (A+B+C);;;;;Rp850.300,00;;;
;E;Overhead & Profit 9,5%;;;0,095;;Rp80.778,50;;;
PAP7;F;Harga Satuan Pekerjaan (D+E);;;;;Rp931.078,50;7;;
;;;;;;;;;;
;(K3) Pemasangan 1 buah Valve Ø 600 mm;;;;;;;;;
;No;Uraian;Kode;Satuan;Koefisien;Harga Satuan;Jumlah Harga;;;
;A;TENAGA;;;;;;;;
;;Pekerja;L.01;OH;1,421;Rp93.000;Rp132.153,00;;;
;;Tukang pipa;L.02;OH;0,711;Rp98.000;Rp69.678,00;;;
;;Mandor;L.04;OH;0,142;Rp111.000;Rp15.762,00;;;
;;;;JUMLAH TENAGA KERJA;;;Rp217.593,00;;;
;B;BAHAN;;;;;;;;
;;Valve Ø 600 mm;M.861; bh ;1;Rp144.500;Rp144.500,00;;;
;;;;JUMLAH HARGA BAHAN;;;Rp144.500,00;;;
;C;PERALATAN;;;;;;;;
;;Sewa Tripot/Tackel  & handle crane 2 T;E.96;hari;0,6;Rp128.600;Rp77.160,00;;;
;;Mobile crane =< 3 ton;E.18;hari;0,3;Rp1.826.700;Rp548.010,00;;;
;;;;JUMLAH HARGA ALAT;;;Rp625.170,00;;;
;D;Jumlah (A+B+C);;;;;Rp987.263,00;;;
;E;Overhead & Profit 9,5%;;;0,095;;Rp93.789,99;;;
PAP8;F;Harga Satuan Pekerjaan (D+E);;;;;Rp1.081.052,99;8;;
;;;;;;;;;;
;(K3) Pemasangan 1 buah Valve Ø 700 mm;;;;;;;;;
;No;Uraian;Kode;Satuan;Koefisien;Harga Satuan;Jumlah Harga;;;
;A;TENAGA;;;;;;;;
;;Pekerja;L.01;OH;1,429;Rp93.000;Rp132.897,00;;;
;;Tukang pipa;L.02;OH;0,715;Rp98.000;Rp70.070,00;;;
;;Mandor;L.04;OH;0,143;Rp111.000;Rp15.873,00;;;
;;;;JUMLAH TENAGA KERJA;;;Rp218.840,00;;;
;B;BAHAN;;;;;;;;
;;Valve Ø 700 mm;M.862; bh ;1;Rp185.400;Rp185.400,00;;;
;;;;JUMLAH HARGA BAHAN;;;Rp185.400,00;;;
;C;PERALATAN;;;;;;;;
;;Sewa Tripot/Tackel  & handle crane 2 T;E.96;hari;0,5;Rp128.600;Rp64.300,00;;;
;;Mobile crane =< 3 ton;E.18;hari;0,5;Rp1.826.700;Rp913.350,00;;;
;;;;JUMLAH HARGA ALAT;;;Rp977.650,00;;;
;D;Jumlah (A+B+C);;;;;Rp1.381.890,00;;;
;E;Overhead & Profit 9,5%;;;0,095;;Rp131.279,55;;;
PAP9;F;Harga Satuan Pekerjaan (D+E);;;;;Rp1.513.169,55;9;;
;;;;;;;;;;
;(K3) Pemasangan 1 buah Valve Ø 800 mm;;;;;;;;;
;No;Uraian;Kode;Satuan;Koefisien;Harga Satuan;Jumlah Harga;;;
;A;TENAGA;;;;;;;;
;;Pekerja;L.01;OH;1,786;Rp93.000;Rp166.098,00;;;
;;Tukang pipa;L.02;OH;0,893;Rp98.000;Rp87.514,00;;;
;;Mandor;L.04;OH;0,179;Rp111.000;Rp19.869,00;;;
;;;;JUMLAH TENAGA KERJA;;;Rp273.481,00;;;
;B;BAHAN;;;;;;;;
;;Valve Ø 800 mm;M.863; bh ;1;Rp245.100;Rp245.100,00;;;
;;;;JUMLAH HARGA BAHAN;;;Rp245.100,00;;;
;C;PERALATAN;;;;;;;;
;;Sewa Tripot/Tackel  & handle crane 2 T;E.96;hari;0,5;Rp128.600;Rp64.300,00;;;
;;Mobile crane =< 3 ton;E.18;hari;0,5;Rp1.826.700;Rp913.350,00;;;
;;;;JUMLAH HARGA ALAT;;;Rp977.650,00;;;
;D;Jumlah (A+B+C);;;;;Rp1.496.231,00;;;
;E;Overhead & Profit 9,5%;;;0,095;;Rp142.141,95;;;
PAP10;F;Harga Satuan Pekerjaan (D+E);;;;;Rp1.638.372,95;10;;
;;;;;;;;;;
;(K3) Pemasangan 1 buah Valve Ø 900 mm;;;;;;;;;
;No;Uraian;Kode;Satuan;Koefisien;Harga Satuan;Jumlah Harga;;;
;A;TENAGA;;;;;;;;
;;Pekerja;L.01;OH;1,714;Rp93.000;Rp159.402,00;;;
;;Tukang pipa;L.02;OH;0,857;Rp98.000;Rp83.986,00;;;
;;Mandor;L.04;OH;0,171;Rp111.000;Rp18.981,00;;;
;;;;JUMLAH TENAGA KERJA;;;Rp262.369,00;;;
;B;BAHAN;;;;;;;;
;;Valve Ø 900 mm;M.864; bh ;1;Rp348.800;Rp348.800,00;;;
;;;;JUMLAH HARGA BAHAN;;;Rp348.800,00;;;
;C;PERALATAN;;;;;;;;
;;Sewa Tripot/Tackel  & handle crane 2 T;E.96;hari;0,75;Rp128.600;Rp96.450,00;;;
;;Mobile crane =< 3 ton;E.18;hari;0,75;Rp1.826.700;Rp1.370.025,00;;;
;;;;JUMLAH HARGA ALAT;;;Rp1.466.475,00;;;
;D;Jumlah (A+B+C);;;;;Rp2.077.644,00;;;
;E;Overhead & Profit 9,5%;;;0,095;;Rp197.376,18;;;
PAP11;F;Harga Satuan Pekerjaan (D+E);;;;;Rp2.275.020,18;11;;
;;;;;;;;;;
;(K3) Pemasangan 1 buah Valve Ø 1000 mm;;;;;;;;;
;No;Uraian;Kode;Satuan;Koefisien;Harga Satuan;Jumlah Harga;;;
;A;TENAGA;;;;;;;;
;;Pekerja;L.01;OH;2,571;Rp93.000;Rp239.103,00;;;
;;Tukang pipa;L.02;OH;1,286;Rp98.000;Rp126.028,00;;;
;;Mandor;L.04;OH;0,257;Rp111.000;Rp28.527,00;;;
;;;;JUMLAH TENAGA KERJA;;;Rp393.658,00;;;
;B;BAHAN;;;;;;;;
;;Valve Ø 1000 mm;M.851; bh ;1;Rp455.500;Rp455.500,00;;;
;;;;JUMLAH HARGA BAHAN;;;Rp455.500,00;;;
;C;PERALATAN;;;;;;;;
;;Sewa Tripot/Tackel  & handle crane 2 T;E.96;hari;1;Rp128.600;Rp128.600,00;;;
;;Mobile crane =< 3 ton;E.18;hari;1;Rp1.826.700;Rp1.826.700,00;;;
;;;;JUMLAH HARGA ALAT;;;Rp1.955.300,00;;;
;D;Jumlah (A+B+C);;;;;Rp2.804.458,00;;;
;E;Overhead & Profit 9,5%;;;0,1;;Rp280.445,80;;;
PAP12;F;Harga Satuan Pekerjaan (D+E);;;;;Rp3.084.903,80;12;;
;;;;;;;;;;
;(K3) Pemasangan 1 buah Valve Ø 1100 mm;;;;;;;;;
;No;Uraian;Kode;Satuan;Koefisien;Harga Satuan;Jumlah Harga;;;
;A;TENAGA;;;;;;;;
;;Pekerja;L.01;OH;3;Rp93.000;Rp279.000,00;;;
;;Tukang pipa;L.02;OH;1,5;Rp98.000;Rp147.000,00;;;
;;Mandor;L.04;OH;0,3;Rp111.000;Rp33.300,00;;;
;;;;JUMLAH TENAGA KERJA;;;Rp459.300,00;;;
;B;BAHAN;;;;;;;;
;;Valve Ø 1100 mm;M.852; bh ;1;Rp550.600;Rp550.600,00;;;
;;;;JUMLAH HARGA BAHAN;;;Rp550.600,00;;;
;C;PERALATAN;;;;;;;;
;;Sewa Tripot/Tackel  & handle crane 2 T;E.96;hari;1;Rp128.600;Rp128.600,00;;;
;;Mobile crane =< 3 ton;E.18;hari;1;Rp1.826.700;Rp1.826.700,00;;;
;;;;JUMLAH HARGA ALAT;;;Rp1.955.300,00;;;
;D;Jumlah (A+B+C);;;;;Rp2.965.200,00;;;
;E;Overhead & Profit 9,5%;;;0,095;;Rp281.694,00;;;
PAP13;F;Harga Satuan Pekerjaan (D+E);;;;;Rp3.246.894,00;13;;
;;;;;;;;;;
;(K3) Pemasangan 1 buah Valve Ø 1200 mm;;;;;;;;;
;No;Uraian;Kode;Satuan;Koefisien;Harga Satuan;Jumlah Harga;;;
;A;TENAGA;;;;;;;;
;;Pekerja;L.01;OH;3;Rp93.000;Rp279.000,00;;;
;;Tukang pipa;L.02;OH;1,5;Rp98.000;Rp147.000,00;;;
;;Mandor;L.04;OH;0,3;Rp111.000;Rp33.300,00;;;
;;;;JUMLAH TENAGA KERJA;;;Rp459.300,00;;;
;B;BAHAN;;;;;;;;
;;Valve Ø 1200 mm;M.853; bh ;1;Rp645.300;Rp645.300,00;;;
;;;;JUMLAH HARGA BAHAN;;;Rp645.300,00;;;
;C;PERALATAN;;;;;;;;
;;Sewa Tripot/Tackel  & handle crane 2 T;E.96;hari;1;Rp128.600;Rp128.600,00;;;
;;Mobile crane =< 3 ton;E.18;hari;1;Rp1.826.700;Rp1.826.700,00;;;
;;;;JUMLAH HARGA ALAT;;;Rp1.955.300,00;;;
;D;Jumlah (A+B+C);;;;;Rp3.059.900,00;;;
;E;Overhead & Profit 9,5%;;;0,095;;Rp290.690,50;;;
PAP14;F;Harga Satuan Pekerjaan (D+E);;;;;Rp3.350.590,50;14;;
;;;;;;;;;;
;(K3) Pemasangan 1 buah Tee Ø 150 mm;;;;;;;;;
;No;Uraian;Kode;Satuan;Koefisien;Harga Satuan;Jumlah Harga;;;
;A;TENAGA;;;;;;;;
;;Pekerja;L.01;OH;0,106;Rp93.000;Rp9.858,00;;;
;;Tukang pipa;L.02;OH;0,053;Rp98.000;Rp5.194,00;;;
;;Mandor;L.04;OH;0,011;Rp111.000;Rp1.221,00;;;
;;;;JUMLAH TENAGA KERJA;;;Rp16.273,00;;;
;B;BAHAN;;;;;;;;
;;Tee Ø 150 mm;M.840; bh ;1;Rp15.800;Rp15.800,00;;;
;;;;JUMLAH HARGA BAHAN;;;Rp15.800,00;;;
;C;PERALATAN;;;;;;;;
;;Sewa Tripot/Tackel  & handle crane 2 T;E.96;hari;0,028;Rp128.600;Rp3.600,80;;;
;;;;JUMLAH HARGA ALAT;;;Rp3.600,80;;;
;D;Jumlah (A+B+C);;;;;Rp35.673,80;;;
;E;Overhead & Profit 9,5%;;;0,095;;Rp3.389,01;;;
PAP15;F;Harga Satuan Pekerjaan (D+E);;;;;Rp39.062,81;15;;
;;;;;;;;;;
;(K3) Pemasangan 1 buah Tee Ø 200 mm;;;;;;;;;
;No;Uraian;Kode;Satuan;Koefisien;Harga Satuan;Jumlah Harga;;;
;A;TENAGA;;;;;;;;
;;Pekerja;L.01;OH;0,216;Rp93.000;Rp20.088,00;;;
;;Tukang pipa;L.02;OH;0,108;Rp98.000;Rp10.584,00;;;
;;Mandor;L.04;OH;0,022;Rp111.000;Rp2.442,00;;;
;;;;JUMLAH TENAGA KERJA;;;Rp33.114,00;;;
;B;BAHAN;;;;;;;;
;;Tee Ø 200 mm;M.841; bh ;1;Rp23.300;Rp23.300,00;;;
;;;;JUMLAH HARGA BAHAN;;;Rp23.300,00;;;
;C;PERALATAN;;;;;;;;
;;Sewa Tripot/Tackel  & handle crane 2 T;E.96;hari;0,029;Rp128.600;Rp3.729,40;;;
;;;;JUMLAH HARGA ALAT;;;Rp3.729,40;;;
;D;Jumlah (A+B+C);;;;;Rp60.143,40;;;
;E;Overhead & Profit 9,5%;;;0,095;;Rp5.713,62;;;
PAP16;F;Harga Satuan Pekerjaan (D+E);;;;;Rp65.857,02;16;;
;;;;;;;;;;
;(K3) Pemasangan 1 buah Tee Ø 250 mm;;;;;;;;;
;No;Uraian;Kode;Satuan;Koefisien;Harga Satuan;Jumlah Harga;;;
;A;TENAGA;;;;;;;;
;;Pekerja;L.01;OH;0,326;Rp93.000;Rp30.318,00;;;
;;Tukang pipa;L.02;OH;0,163;Rp98.000;Rp15.974,00;;;
;;Mandor;L.04;OH;0,033;Rp111.000;Rp3.663,00;;;
;;;;JUMLAH TENAGA KERJA;;;Rp49.955,00;;;
;B;BAHAN;;;;;;;;
;;Tee Ø 250 mm;M.842; bh ;1;Rp25.800;Rp25.800,00;;;
;;;;JUMLAH HARGA BAHAN;;;Rp25.800,00;;;
;C;PERALATAN;;;;;;;;
;;Sewa Tripot/Tackel  & handle crane 2 T;E.96;hari;0,039;Rp128.600;Rp5.015,40;;;
;;;;JUMLAH HARGA ALAT;;;Rp5.015,40;;;
;D;Jumlah (A+B+C);;;;;Rp80.770,40;;;
;E;Overhead & Profit 9,5%;;;0,095;;Rp7.673,19;;;
PAP17;F;Harga Satuan Pekerjaan (D+E);;;;;Rp88.443,59;17;;
;;;;;;;;;;
;(K3) Pemasangan 1 buah Tee Ø 300 mm;;;;;;;;;
;No;Uraian;Kode;Satuan;Koefisien;Harga Satuan;Jumlah Harga;;;
;A;TENAGA;;;;;;;;
;;Pekerja;L.01;OH;0,436;Rp93.000;Rp40.548,00;;;
;;Tukang pipa;L.02;OH;0,218;Rp98.000;Rp21.364,00;;;
;;Mandor;L.04;OH;0,044;Rp111.000;Rp4.884,00;;;
;;;;JUMLAH TENAGA KERJA;;;Rp66.796,00;;;
;B;BAHAN;;;;;;;;
;;Tee Ø 300 mm;M.843; bh ;1;Rp34.100;Rp34.100,00;;;
;;;;JUMLAH HARGA BAHAN;;;Rp34.100,00;;;
;C;PERALATAN;;;;;;;;
;;Sewa Tripot/Tackel  & handle crane 2 T;E.96;hari;0,5;Rp128.600;Rp64.300,00;;;
;;;;JUMLAH HARGA ALAT;;;Rp64.300,00;;;
;D;Jumlah (A+B+C);;;;;Rp165.196,00;;;
;E;Overhead & Profit 9,5%;;;0,095;;Rp15.693,62;;;
PAP18;F;Harga Satuan Pekerjaan (D+E);;;;;Rp180.889,62;18;;
;;;;;;;;;;
;(K3) Pemasangan 1 buah Tee Ø 400 mm;;;;;;;;;
;No;Uraian;Kode;Satuan;Koefisien;Harga Satuan;Jumlah Harga;;;
;A;TENAGA;;;;;;;;
;;Pekerja;L.01;OH;0,656;Rp93.000;Rp61.008,00;;;
;;Tukang pipa;L.02;OH;0,328;Rp98.000;Rp32.144,00;;;
;;Mandor;L.04;OH;0,066;Rp111.000;Rp7.326,00;;;
;;;;JUMLAH TENAGA KERJA;;;Rp100.478,00;;;
;B;BAHAN;;;;;;;;
;;Tee Ø 400 mm;M.844; bh ;1;Rp48.200;Rp48.200,00;;;
;;;;JUMLAH HARGA BAHAN;;;Rp48.200,00;;;
;C;PERALATAN;;;;;;;;
;;Sewa Tripot/Tackel  & handle crane 2 T;E.96;hari;0,5;Rp128.600;Rp64.300,00;;;
;;;;JUMLAH HARGA ALAT;;;Rp64.300,00;;;
;D;Jumlah (A+B+C);;;;;Rp212.978,00;;;
;E;Overhead & Profit 9,5%;;;0,095;;Rp20.232,91;;;
PAP19;F;Harga Satuan Pekerjaan (D+E);;;;;Rp233.210,91;19;;
;;;;;;;;;;
;(K3) Pemasangan 1 buah Tee Ø 450 mm;;;;;;;;;
;No;Uraian;Kode;Satuan;Koefisien;Harga Satuan;Jumlah Harga;;;
;A;TENAGA;;;;;;;;
;;Pekerja;L.01;OH;0,766;Rp93.000;Rp71.238,00;;;
;;Tukang pipa;L.02;OH;0,383;Rp98.000;Rp37.534,00;;;
;;Mandor;L.04;OH;0,077;Rp111.000;Rp8.547,00;;;
;;;;JUMLAH TENAGA KERJA;;;Rp117.319,00;;;
;B;BAHAN;;;;;;;;
;;Tee Ø 450 mm;M.845; bh ;1;Rp66.600;Rp66.600,00;;;
;;;;JUMLAH HARGA BAHAN;;;Rp66.600,00;;;
;C;PERALATAN;;;;;;;;
;;Sewa Tripot/Tackel  & handle crane 2 T;E.96;hari;0,5;Rp128.600;Rp64.300,00;;;
;;;;JUMLAH HARGA ALAT;;;Rp64.300,00;;;
;D;Jumlah (A+B+C);;;;;Rp248.219,00;;;
;E;Overhead & Profit 9,5%;;;0,095;;Rp23.580,81;;;
PAP20;F;Harga Satuan Pekerjaan (D+E);;;;;Rp271.799,81;20;;
;;;;;;;;;;
;(K3) Pemasangan 1 buah Tee Ø 500 mm;;;;;;;;;
;No;Uraian;Kode;Satuan;Koefisien;Harga Satuan;Jumlah Harga;;;
;A;TENAGA;;;;;;;;
;;Pekerja;L.01;OH;0,876;Rp93.000;Rp81.468,00;;;
;;Tukang pipa;L.02;OH;0,438;Rp98.000;Rp42.924,00;;;
;;Mandor;L.04;OH;0,088;Rp111.000;Rp9.768,00;;;
;;;;JUMLAH TENAGA KERJA;;;Rp134.160,00;;;
;B;BAHAN;;;;;;;;
;;Tee Ø 500 mm;M.846; bh ;1;Rp79.500;Rp79.500,00;;;
;;;;JUMLAH HARGA BAHAN;;;Rp79.500,00;;;
;C;PERALATAN;;;;;;;;
;;Sewa Tripot/Tackel  & handle crane 2 T;E.96;hari;0,6;Rp128.600;Rp77.160,00;;;
;;;;JUMLAH HARGA ALAT;;;Rp77.160,00;;;
;D;Jumlah (A+B+C);;;;;Rp290.820,00;;;
;E;Overhead & Profit 9,5%;;;0,095;;Rp27.627,90;;;
PAP21;F;Harga Satuan Pekerjaan (D+E);;;;;Rp318.447,90;21;;
;;;;;;;;;;
;(K3) Pemasangan 1 buah Tee Ø 600 mm;;;;;;;;;
;No;Uraian;Kode;Satuan;Koefisien;Harga Satuan;Jumlah Harga;;;
;A;TENAGA;;;;;;;;
;;Pekerja;L.01;OH;1,096;Rp93.000;Rp101.928,00;;;
;;Tukang pipa;L.02;OH;0,548;Rp98.000;Rp53.704,00;;;
;;Mandor;L.04;OH;0,11;Rp111.000;Rp12.210,00;;;
;;;;JUMLAH TENAGA KERJA;;;Rp167.842,00;;;
;B;BAHAN;;;;;;;;
;;Tee Ø 600 mm;M.847; bh ;1;Rp86.700;Rp86.700,00;;;
;;;;JUMLAH HARGA BAHAN;;;Rp86.700,00;;;
;C;PERALATAN;;;;;;;;
;;Sewa Tripot/Tackel  & handle crane 2 T;E.96;hari;0,193;Rp128.600;Rp24.819,80;;;
;;Mobile crane =< 3 ton;E.18;hari;0,096;Rp1.826.700;Rp175.363,20;;;
;;;;JUMLAH HARGA ALAT;;;Rp200.183,00;;;
;D;Jumlah (A+B+C);;;;;Rp454.725,00;;;
;E;Overhead & Profit 9,5%;;;0,095;;Rp43.198,88;;;
PAP22;F;Harga Satuan Pekerjaan (D+E);;;;;Rp497.923,88;22;;
;;;;;;;;;;
;(K3) Pemasangan 1 buah Tee Ø 700 mm;;;;;;;;;
;No;Uraian;Kode;Satuan;Koefisien;Harga Satuan;Jumlah Harga;;;
;A;TENAGA;;;;;;;;
;;Pekerja;L.01;OH;1,316;Rp93.000;Rp122.388,00;;;
;;Tukang pipa;L.02;OH;0,658;Rp98.000;Rp64.484,00;;;
;;Mandor;L.04;OH;0,132;Rp111.000;Rp14.652,00;;;
;;;;JUMLAH TENAGA KERJA;;;Rp201.524,00;;;
;B;BAHAN;;;;;;;;
;;Tee Ø 700 mm;M.848; bh ;1;Rp96.200;Rp96.200,00;;;
;;;;JUMLAH HARGA BAHAN;;;Rp96.200,00;;;
;C;PERALATAN;;;;;;;;
;;Sewa Tripot/Tackel  & handle crane 2 T;E.96;hari;0,225;Rp128.600;Rp28.935,00;;;
;;Mobile crane =< 3 ton;E.18;hari;0,113;Rp1.826.700;Rp206.417,10;;;
;;;;JUMLAH HARGA ALAT;;;Rp235.352,10;;;
;D;Jumlah (A+B+C);;;;;Rp533.076,10;;;
;E;Overhead & Profit 9,5%;;;0,095;;Rp50.642,23;;;
PAP23;F;Harga Satuan Pekerjaan (D+E);;;;;Rp583.718,33;23;;
;;;;;;;;;;
;(K3) Pemasangan 1 buah Tee Ø 800 mm;;;;;;;;;
;No;Uraian;Kode;Satuan;Koefisien;Harga Satuan;Jumlah Harga;;;
;A;TENAGA;;;;;;;;
;;Pekerja;L.01;OH;1,536;Rp93.000;Rp142.848,00;;;
;;Tukang pipa;L.02;OH;0,768;Rp98.000;Rp75.264,00;;;
;;Mandor;L.04;OH;0,154;Rp111.000;Rp17.094,00;;;
;;;;JUMLAH TENAGA KERJA;;;Rp235.206,00;;;
;B;BAHAN;;;;;;;;
;;Tee Ø 800 mm;M.849; bh ;1;Rp110.000;Rp110.000,00;;;
;;;;JUMLAH HARGA BAHAN;;;Rp110.000,00;;;
;C;PERALATAN;;;;;;;;
;;Sewa Tripot/Tackel  & handle crane 2 T;E.96;hari;0,257;Rp128.600;Rp33.050,20;;;
;;Mobile crane =< 3 ton;E.18;hari;0,129;Rp1.826.700;Rp235.644,30;;;
;;;;JUMLAH HARGA ALAT;;;Rp268.694,50;;;
;D;Jumlah (A+B+C);;;;;Rp613.900,50;;;
;E;Overhead & Profit 9,5%;;;0,095;;Rp58.320,55;;;
PAP24;F;Harga Satuan Pekerjaan (D+E);;;;;Rp672.221,05;24;;
;;;;;;;;;;
;(K3) Pemasangan 1 buah Tee Ø 900 mm;;;;;;;;;
;No;Uraian;Kode;Satuan;Koefisien;Harga Satuan;Jumlah Harga;;;
;A;TENAGA;;;;;;;;
;;Pekerja;L.01;OH;1,756;Rp93.000;Rp163.308,00;;;
;;Tukang pipa;L.02;OH;0,878;Rp98.000;Rp86.044,00;;;
;;Mandor;L.04;OH;0,176;Rp111.000;Rp19.536,00;;;
;;;;JUMLAH TENAGA KERJA;;;Rp268.888,00;;;
;B;BAHAN;;;;;;;;
;;Tee Ø 900 mm;M.850; bh ;1;Rp145.100;Rp145.100,00;;;
;;;;JUMLAH HARGA BAHAN;;;Rp145.100,00;;;
;C;PERALATAN;;;;;;;;
;;Sewa Tripot/Tackel  & handle crane 2 T;E.96;hari;0,321;Rp128.600;Rp41.280,60;;;
;;Mobile crane =< 3 ton;E.18;hari;0,161;Rp1.826.700;Rp294.098,70;;;
;;;;JUMLAH HARGA ALAT;;;Rp335.379,30;;;
;D;Jumlah (A+B+C);;;;;Rp749.367,30;;;
;E;Overhead & Profit 9,5%;;;0,095;;Rp71.189,89;;;
PAP25;F;Harga Satuan Pekerjaan (D+E);;;;;Rp820.557,19;25;;
;;;;;;;;;;
;(K3) Pemasangan 1 buah Tee Ø 1000 mm;;;;;;;;;
;No;Uraian;Kode;Satuan;Koefisien;Harga Satuan;Jumlah Harga;;;
;A;TENAGA;;;;;;;;
;;Pekerja;L.01;OH;1,976;Rp93.000;Rp183.768,00;;;
;;Tukang pipa;L.02;OH;0,988;Rp98.000;Rp96.824,00;;;
;;Mandor;L.04;OH;0,198;Rp111.000;Rp21.978,00;;;
;;;;JUMLAH TENAGA KERJA;;;Rp302.570,00;;;
;B;BAHAN;;;;;;;;
;;Tee Ø 1000 mm;M.837; bh ;1;Rp203.600;Rp203.600,00;;;
;;;;JUMLAH HARGA BAHAN;;;Rp203.600,00;;;
;C;PERALATAN;;;;;;;;
;;Sewa Tripot/Tackel  & handle crane 2 T;E.96;hari;0,366;Rp128.600;Rp47.067,60;;;
;;Mobile crane =< 3 ton;E.18;hari;0,183;Rp1.826.700;Rp334.286,10;;;
;;;;JUMLAH HARGA ALAT;;;Rp381.353,70;;;
;D;Jumlah (A+B+C);;;;;Rp887.523,70;;;
;E;Overhead & Profit 9,5%;;;0,095;;Rp84.314,75;;;
PAP26;F;Harga Satuan Pekerjaan (D+E);;;;;Rp971.838,45;26;;
;;;;;;;;;;
;(K3) Pemasangan 1 buah Tee Ø 1100 mm;;;;;;;;;
;No;Uraian;Kode;Satuan;Koefisien;Harga Satuan;Jumlah Harga;;;
;A;TENAGA;;;;;;;;
;;Pekerja;L.01;OH;2,196;Rp93.000;Rp204.228,00;;;
;;Tukang pipa;L.02;OH;1,098;Rp98.000;Rp107.604,00;;;
;;Mandor;L.04;OH;0,22;Rp111.000;Rp24.420,00;;;
;;;;JUMLAH TENAGA KERJA;;;Rp336.252,00;;;
;B;BAHAN;;;;;;;;
;;Tee Ø 1100 mm;M.838; bh ;1;Rp236.400;Rp236.400,00;;;
;;;;JUMLAH HARGA BAHAN;;;Rp236.400,00;;;
;C;PERALATAN;;;;;;;;
;;Sewa Tripot/Tackel  & handle crane 2 T;E.96;hari;0,386;Rp128.600;Rp49.639,60;;;
;;Mobile crane =< 3 ton;E.18;hari;0,193;Rp1.826.700;Rp352.553,10;;;
;;;;JUMLAH HARGA ALAT;;;Rp402.192,70;;;
;D;Jumlah (A+B+C);;;;;Rp974.844,70;;;
;E;Overhead & Profit 9,5%;;;0,095;;Rp92.610,25;;;
PAP27;F;Harga Satuan Pekerjaan (D+E);;;;;Rp1.067.454,95;27;;
;;;;;;;;;;
;(K3) Pemasangan 1 buah Tee Ø 1200 mm;;;;;;;;;
;No;Uraian;Kode;Satuan;Koefisien;Harga Satuan;Jumlah Harga;;;
;A;TENAGA;;;;;;;;
;;Pekerja;L.01;OH;2,416;Rp93.000;Rp224.688,00;;;
;;Tukang pipa;L.02;OH;1,208;Rp98.000;Rp118.384,00;;;
;;Mandor;L.04;OH;0,242;Rp111.000;Rp26.862,00;;;
;;;;JUMLAH TENAGA KERJA;;;Rp369.934,00;;;
;B;BAHAN;;;;;;;;
;;Tee Ø 1200 mm;M.839; bh ;1;Rp287.400;Rp287.400,00;;;
;;;;JUMLAH HARGA BAHAN;;;Rp287.400,00;;;
;C;PERALATAN;;;;;;;;
;;Sewa Tripot/Tackel  & handle crane 2 T;E.96;hari;0,45;Rp128.600;Rp57.870,00;;;
;;Mobile crane =< 3 ton;E.18;hari;0,225;Rp1.826.700;Rp411.007,50;;;
;;;;JUMLAH HARGA ALAT;;;Rp468.877,50;;;
;D;Jumlah (A+B+C);;;;;Rp1.126.211,50;;;
;E;Overhead & Profit 9,5%;;;0,095;;Rp106.990,09;;;
PAP28;F;Harga Satuan Pekerjaan (D+E);;;;;Rp1.233.201,59;28;;
;;;;;;;;;;
;HARGA SATUAN PEKERJAAN PENYAMBUNGAN PIPA BARU KE PIPA LAMA;;;;;;;;;
;(K3) Penyambungan  1 buah pipa baru ke pipa yang ada Ø 80 mm;;;;;;;;;
;No;Uraian;Kode;Satuan;Koefisien;Harga Satuan;Jumlah Harga;;;
;A;TENAGA;;;;;;;;
;;Pekerja;L.01;OH;1,466;Rp93.000;Rp136.338,00;;;
;;Tukang pipa;L.02;OH;0,733;Rp98.000;Rp71.834,00;;;
;;Mandor;L.04;OH;0,147;Rp111.000;Rp16.317,00;;;
;;;;JUMLAH TENAGA KERJA;;;Rp224.489,00;;;
;B;BAHAN;;;;;;;;
;;Pipa Ø 80 mm;M.816; bh ;1;Rp93.300;Rp93.300,00;;;
;;;;JUMLAH HARGA BAHAN;;;Rp93.300,00;;;
;C;PERALATAN;;;;;;;;
;;Peralatan potong pipa T2/mekanik / cilinder;E.151; hari ;0,606;Rp59.500;Rp36.057,00;;;
;;Sewa Genset 1500 watt;E.33;hari;0,075;Rp82.100;Rp6.157,50;;;
;;Sewa Pompa Submersible 3m3/h;E.57;hari;0,968;Rp13.300;Rp12.874,40;;;
;;Sewa Tripot/Tackel  & handle crane 2 T;E.96;hari;0,865;Rp128.600;Rp111.239,00;;;
;;;;JUMLAH HARGA ALAT;;;Rp166.327,90;;;
;D;Jumlah (A+B+C);;;;;Rp484.116,90;;;
;E;Overhead & Profit 9,5%;;;0,095;;Rp45.991,11;;;
PSB1;F;Harga Satuan Pekerjaan (D+E);;;;;Rp530.108,01;1;;
;;;;;;;;;;
;(K3) Penyambungan  1 buah pipa baru ke pipa yang ada Ø 100 mm;;;;;;;;;
;No;Uraian;Kode;Satuan;Koefisien;Harga Satuan;Jumlah Harga;;;
;A;TENAGA;;;;;;;;
;;Pekerja;L.01;OH;1,646;Rp93.000;Rp153.078,00;;;
;;Tukang pipa;L.02;OH;0,823;Rp98.000;Rp80.654,00;;;
;;Mandor;L.04;OH;0,165;Rp111.000;Rp18.315,00;;;
;;;;JUMLAH TENAGA KERJA;;;Rp252.047,00;;;
;B;BAHAN;;;;;;;;
;;Pipa Ø 100 mm;M.806; bh ;1;Rp149.700;Rp149.700,00;;;
;;;;JUMLAH HARGA BAHAN;;;Rp149.700,00;;;
;C;PERALATAN;;;;;;;;
;;Peralatan potong pipa T2/mekanik / cilinder;E.151; hari ;0,65;Rp59.500;Rp38.675,00;;;
;;Sewa Genset 1500 watt;E.33;hari;0,159;Rp82.100;Rp13.053,90;;;
;;Sewa Pompa Submersible 3m3/h;E.57;hari;1,078;Rp13.300;Rp14.337,40;;;
;;Sewa Tripot/Tackel  & handle crane 2 T;E.96;hari;0,911;Rp128.600;Rp117.154,60;;;
;;;;JUMLAH HARGA ALAT;;;Rp183.220,90;;;
;D;Jumlah (A+B+C);;;;;Rp584.967,90;;;
;E;Overhead & Profit 9,5%;;;0,095;;Rp55.571,95;;;
PSB2;F;Harga Satuan Pekerjaan (D+E);;;;;Rp640.539,85;2;;
;;;;;;;;;;
;(K3) Penyambungan  1 buah pipa baru ke pipa yang ada Ø 150 mm;;;;;;;;;
;No;Uraian;Kode;Satuan;Koefisien;Harga Satuan;Jumlah Harga;;;
;A;TENAGA;;;;;;;;
;;Pekerja;L.01;OH;2,096;Rp93.000;Rp194.928,00;;;
;;Tukang pipa;L.02;OH;1,048;Rp98.000;Rp102.704,00;;;
;;Mandor;L.04;OH;0,21;Rp111.000;Rp23.310,00;;;
;;;;JUMLAH TENAGA KERJA;;;Rp320.942,00;;;
;B;BAHAN;;;;;;;;
;;Pipa Ø 150 mm;M.807; bh ;1;Rp328.900;Rp328.900,00;;;
;;;;JUMLAH HARGA BAHAN;;;Rp328.900,00;;;
;C;PERALATAN;;;;;;;;
;;Peralatan potong pipa T2/mekanik / cilinder;E.151; hari ;0,76;Rp59.500;Rp45.220,00;;;
;;Sewa Genset 1500 watt;E.33;hari;0,369;Rp82.100;Rp30.294,90;;;
;;Sewa Pompa Submersible 3m3/h;E.57;hari;1,353;Rp13.300;Rp17.994,90;;;
;;Sewa Tripot/Tackel  & handle crane 2 T;E.96;hari;1,026;Rp128.600;Rp131.943,60;;;
;;;;JUMLAH HARGA ALAT;;;Rp225.453,40;;;
;D;Jumlah (A+B+C);;;;;Rp875.295,40;;;
;E;Overhead & Profit 9,5%;;;0,095;;Rp83.153,06;;;
PSB3;F;Harga Satuan Pekerjaan (D+E);;;;;Rp958.448,46;3;;
;;;;;;;;;;
;(K3) Penyambungan  1 buah pipa baru ke pipa yang ada Ø 200 mm;;;;;;;;;
;No;Uraian;Kode;Satuan;Koefisien;Harga Satuan;Jumlah Harga;;;
;A;TENAGA;;;;;;;;
;;Pekerja;L.01;OH;2,546;Rp93.000;Rp236.778,00;;;
;;Tukang pipa;L.02;OH;1,273;Rp98.000;Rp124.754,00;;;
;;Mandor;L.04;OH;0,255;Rp111.000;Rp28.305,00;;;
;;;;JUMLAH TENAGA KERJA;;;Rp389.837,00;;;
;B;BAHAN;;;;;;;;
;;Pipa Ø 200 mm;M.808; bh ;1;Rp508.300;Rp508.300,00;;;
;;;;JUMLAH HARGA BAHAN;;;Rp508.300,00;;;
;C;PERALATAN;;;;;;;;
;;Peralatan potong pipa T2/mekanik / cilinder;E.151; hari ;0,87;Rp59.500;Rp51.765,00;;;
;;Sewa Genset 1500 watt;E.33;hari;0,579;Rp82.100;Rp47.535,90;;;
;;Sewa Pompa Submersible 3m3/h;E.57;hari;1,628;Rp13.300;Rp21.652,40;;;
;;Sewa Tripot/Tackel  & handle crane 2 T;E.96;hari;1,141;Rp128.600;Rp146.732,60;;;
;;;;JUMLAH HARGA ALAT;;;Rp267.685,90;;;
;D;Jumlah (A+B+C);;;;;Rp1.165.822,90;;;
;E;Overhead & Profit 9,5%;;;0,095;;Rp110.753,18;;;
PSB4;F;Harga Satuan Pekerjaan (D+E);;;;;Rp1.276.576,08;4;;
;;;;;;;;;;
;(K3) Penyambungan  1 buah pipa baru ke pipa yang ada Ø 250 mm;;;;;;;;;
;No;Uraian;Kode;Satuan;Koefisien;Harga Satuan;Jumlah Harga;;;
;A;TENAGA;;;;;;;;
;;Pekerja;L.01;OH;2,996;Rp93.000;Rp278.628,00;;;
;;Tukang pipa;L.02;OH;1,498;Rp98.000;Rp146.804,00;;;
;;Mandor;L.04;OH;0,3;Rp111.000;Rp33.300,00;;;
;;;;JUMLAH TENAGA KERJA;;;Rp458.732,00;;;
;B;BAHAN;;;;;;;;
;;Pipa Ø 250 mm;M.809; bh ;1;Rp795.000;Rp795.000,00;;;
;;;;JUMLAH HARGA BAHAN;;;Rp795.000,00;;;
;C;PERALATAN;;;;;;;;
;;Peralatan potong pipa T2/mekanik / cilinder;E.151; hari ;0,98;Rp59.500;Rp58.310,00;;;
;;Sewa Genset 1500 watt;E.33;hari;0,789;Rp82.100;Rp64.776,90;;;
;;Sewa Pompa Submersible 3m3/h;E.57;hari;1,903;Rp13.300;Rp25.309,90;;;
;;Sewa Tripot/Tackel  & handle crane 2 T;E.96;hari;1,256;Rp128.600;Rp161.521,60;;;
;;;;JUMLAH HARGA ALAT;;;Rp309.918,40;;;
;D;Jumlah (A+B+C);;;;;Rp1.563.650,40;;;
;E;Overhead & Profit 9,5%;;;0,095;;Rp148.546,79;;;
PSB5;F;Harga Satuan Pekerjaan (D+E);;;;;Rp1.712.197,19;5;;
;;;;;;;;;;
;(K3) Penyambungan  1 buah pipa baru ke pipa yang ada Ø 300 mm;;;;;;;;;
;No;Uraian;Kode;Satuan;Koefisien;Harga Satuan;Jumlah Harga;;;
;A;TENAGA;;;;;;;;
;;Pekerja;L.01;OH;3,446;Rp93.000;Rp320.478,00;;;
;;Tukang pipa;L.02;OH;1,723;Rp98.000;Rp168.854,00;;;
;;Mandor;L.04;OH;0,345;Rp111.000;Rp38.295,00;;;
;;;;JUMLAH TENAGA KERJA;;;Rp527.627,00;;;
;B;BAHAN;;;;;;;;
;;Pipa Ø 300 mm;M.810; bh ;1;Rp1.202.900;Rp1.202.900,00;;;
;;;;JUMLAH HARGA BAHAN;;;Rp1.202.900,00;;;
;C;PERALATAN;;;;;;;;
;;Peralatan potong pipa T2/mekanik / cilinder;E.151; hari ;1,09;Rp59.500;Rp64.855,00;;;
;;Sewa Genset 1500 watt;E.33;hari;0,999;Rp82.100;Rp82.017,90;;;
;;Sewa Pompa Submersible 3m3/h;E.57;hari;2,178;Rp13.300;Rp28.967,40;;;
;;Sewa Tripot/Tackel  & handle crane 2 T;E.96;hari;1,371;Rp128.600;Rp176.310,60;;;
;;;;JUMLAH HARGA ALAT;;;Rp352.150,90;;;
;D;Jumlah (A+B+C);;;;;Rp2.082.677,90;;;
;E;Overhead & Profit 9,5%;;;0,095;;Rp197.854,40;;;
PSB6;F;Harga Satuan Pekerjaan (D+E);;;;;Rp2.280.532,30;6;;
;;;;;;;;;;
;(K3) Penyambungan  1 buah pipa baru ke pipa yang ada Ø 400 mm;;;;;;;;;
;No;Uraian;Kode;Satuan;Koefisien;Harga Satuan;Jumlah Harga;;;
;A;TENAGA;;;;;;;;
;;Pekerja;L.01;OH;4,346;Rp93.000;Rp404.178,00;;;
;;Tukang pipa;L.02;OH;2,173;Rp98.000;Rp212.954,00;;;
;;Mandor;L.04;OH;0,435;Rp111.000;Rp48.285,00;;;
;;;;JUMLAH TENAGA KERJA;;;Rp665.417,00;;;
;B;BAHAN;;;;;;;;
;;Pipa Ø 400 mm;M.811; bh ;1;Rp2.088.400;Rp2.088.400,00;;;
;;;;JUMLAH HARGA BAHAN;;;Rp2.088.400,00;;;
;C;PERALATAN;;;;;;;;
;;Peralatan potong pipa T2/mekanik / cilinder;E.151; hari ;1,31;Rp59.500;Rp77.945,00;;;
;;Sewa Genset 1500 watt;E.33;hari;1,419;Rp82.100;Rp116.499,90;;;
;;Sewa Pompa Submersible 3m3/h;E.57;hari;2,728;Rp13.300;Rp36.282,40;;;
;;Sewa Tripot/Tackel  & handle crane 2 T;E.96;hari;1,601;Rp128.600;Rp205.888,60;;;
;;;;JUMLAH HARGA ALAT;;;Rp436.615,90;;;
;D;Jumlah (A+B+C);;;;;Rp3.190.432,90;;;
;E;Overhead & Profit 9,5%;;;0,095;;Rp303.091,13;;;
PSB7;F;Harga Satuan Pekerjaan (D+E);;;;;Rp3.493.524,03;7;;
;;;;;;;;;;
;(K3) Penyambungan  1 buah pipa baru ke pipa yang ada Ø 450 mm;;;;;;;;;
;No;Uraian;Kode;Satuan;Koefisien;Harga Satuan;Jumlah Harga;;;
;A;TENAGA;;;;;;;;
;;Pekerja;L.01;OH;4,796;Rp93.000;Rp446.028,00;;;
;;Tukang pipa;L.02;OH;2,398;Rp98.000;Rp235.004,00;;;
;;Mandor;L.04;OH;0,48;Rp111.000;Rp53.280,00;;;
;;;;JUMLAH TENAGA KERJA;;;Rp734.312,00;;;
;B;BAHAN;;;;;;;;
;;Pipa Ø 450 mm;M.812; bh ;1;Rp2.600.100;Rp2.600.100,00;;;
;;;;JUMLAH HARGA BAHAN;;;Rp2.600.100,00;;;
;C;PERALATAN;;;;;;;;
;;Peralatan potong pipa T2/mekanik / cilinder;E.151; hari ;1,42;Rp59.500;Rp84.490,00;;;
;;Sewa Genset 1500 watt;E.33;hari;1,629;Rp82.100;Rp133.740,90;;;
;;Sewa Pompa Submersible 3m3/h;E.57;hari;3,003;Rp13.300;Rp39.939,90;;;
;;Sewa Tripot/Tackel  & handle crane 2 T;E.96;hari;1,716;Rp128.600;Rp220.677,60;;;
;;;;JUMLAH HARGA ALAT;;;Rp478.848,40;;;
;D;Jumlah (A+B+C);;;;;Rp3.813.260,40;;;
;E;Overhead & Profit 9,5%;;;0,095;;Rp362.259,74;;;
PSB8;F;Harga Satuan Pekerjaan (D+E);;;;;Rp4.175.520,14;8;;
;;;;;;;;;;
;(K3) Penyambungan  1 buah pipa baru ke pipa yang ada Ø 500 mm;;;;;;;;;
;No;Uraian;Kode;Satuan;Koefisien;Harga Satuan;Jumlah Harga;;;
;A;TENAGA;;;;;;;;
;;Pekerja;L.01;OH;5,246;Rp93.000;Rp487.878,00;;;
;;Tukang pipa;L.02;OH;2,623;Rp98.000;Rp257.054,00;;;
;;Mandor;L.04;OH;0,525;Rp111.000;Rp58.275,00;;;
;;;;JUMLAH TENAGA KERJA;;;Rp803.207,00;;;
;B;BAHAN;;;;;;;;
;;Pipa Ø 500 mm;M.813; bh ;1;Rp3.141.800;Rp3.141.800,00;;;
;;;;JUMLAH HARGA BAHAN;;;Rp3.141.800,00;;;
;C;PERALATAN;;;;;;;;
;;Peralatan potong pipa T2/mekanik / cilinder;E.151; hari ;1,53;Rp59.500;Rp91.035,00;;;
;;Sewa Genset 1500 watt;E.33;hari;1,839;Rp82.100;Rp150.981,90;;;
;;Sewa Pompa Submersible 3m3/h;E.57;hari;3,278;Rp13.300;Rp43.597,40;;;
;;Sewa Tripot/Tackel  & handle crane 2 T;E.96;hari;1,831;Rp128.600;Rp235.466,60;;;
;;;;JUMLAH HARGA ALAT;;;Rp521.080,90;;;
;D;Jumlah (A+B+C);;;;;Rp4.466.087,90;;;
;E;Overhead & Profit 9,5%;;;0,095;;Rp424.278,35;;;
PSB9;F;Harga Satuan Pekerjaan (D+E);;;;;Rp4.890.366,25;9;;
;;;;;;;;;;
;(K3) Penyambungan  1 buah pipa baru ke pipa yang ada Ø 600 mm;;;;;;;;;
;No;Uraian;Kode;Satuan;Koefisien;Harga Satuan;Jumlah Harga;;;
;A;TENAGA;;;;;;;;
;;Pekerja;L.01;OH;6,146;Rp93.000;Rp571.578,00;;;
;;Tukang pipa;L.02;OH;3,073;Rp98.000;Rp301.154,00;;;
;;Mandor;L.04;OH;0,615;Rp111.000;Rp68.265,00;;;
;;;;JUMLAH TENAGA KERJA;;;Rp940.997,00;;;
;B;BAHAN;;;;;;;;
;;Pipa Ø 600 mm;M.814; bh ;1;Rp3.974.000;Rp3.974.000,00;;;
;;;;JUMLAH HARGA BAHAN;;;Rp3.974.000,00;;;
;C;PERALATAN;;;;;;;;
;;Peralatan potong pipa T2/mekanik / cilinder;E.151; hari ;1,75;Rp59.500;Rp104.125,00;;;
;;Sewa Genset 1500 watt;E.33;hari;2,259;Rp82.100;Rp185.463,90;;;
;;Sewa Pompa Submersible 3m3/h;E.57;hari;3,828;Rp13.300;Rp50.912,40;;;
;;Sewa Tripot/Tackel  & handle crane 2 T;E.96;hari;2,061;Rp128.600;Rp265.044,60;;;
;;;;JUMLAH HARGA ALAT;;;Rp605.545,90;;;
;D;Jumlah (A+B+C);;;;;Rp5.520.542,90;;;
;E;Overhead & Profit 9,5%;;;0,095;;Rp524.451,58;;;
PSB10;F;Harga Satuan Pekerjaan (D+E);;;;;Rp6.044.994,48;10;;
;;;;;;;;;;
;(K3) Penyambungan  1 buah pipa baru ke pipa yang ada Ø 700 mm;;;;;;;;;
;No;Uraian;Kode;Satuan;Koefisien;Harga Satuan;Jumlah Harga;;;
;A;TENAGA;;;;;;;;
;;Pekerja;L.01;OH;7,046;Rp93.000;Rp655.278,00;;;
;;Tukang pipa;L.02;OH;3,523;Rp98.000;Rp345.254,00;;;
;;Mandor;L.04;OH;0,705;Rp111.000;Rp78.255,00;;;
;;;;JUMLAH TENAGA KERJA;;;Rp1.078.787,00;;;
;B;BAHAN;;;;;;;;
;;Pipa Ø 700 mm;M.815; bh ;1;Rp4.462.500;Rp4.462.500,00;;;
;;;;JUMLAH HARGA BAHAN;;;Rp4.462.500,00;;;
;C;PERALATAN;;;;;;;;
;;Peralatan potong pipa T2/mekanik / cilinder;E.151; hari ;1,97;Rp59.500;Rp117.215,00;;;
;;Sewa Genset 1500 watt;E.33;hari;2,679;Rp82.100;Rp219.945,90;;;
;;Sewa Pompa Submersible 3m3/h;E.57;hari;4,378;Rp13.300;Rp58.227,40;;;
;;Sewa Tripot/Tackel  & handle crane 2 T;E.96;hari;2,291;Rp128.600;Rp294.622,60;;;
;;;;JUMLAH HARGA ALAT;;;Rp690.010,90;;;
;D;Jumlah (A+B+C);;;;;Rp6.231.297,90;;;
;E;Overhead & Profit 9,5%;;;0,095;;Rp591.973,30;;;
PSB11;F;Harga Satuan Pekerjaan (D+E);;;;;Rp6.823.271,20;11;;
;;;;;;;;;;
;(K3) Penyambungan  1 buah pipa baru ke pipa yang ada Ø 800 mm;;;;;;;;;
;No;Uraian;Kode;Satuan;Koefisien;Harga Satuan;Jumlah Harga;;;
;A;TENAGA;;;;;;;;
;;Pekerja;L.01;OH;7,946;Rp93.000;Rp738.978,00;;;
;;Tukang pipa;L.02;OH;3,973;Rp98.000;Rp389.354,00;;;
;;Mandor;L.04;OH;0,795;Rp111.000;Rp88.245,00;;;
;;;;JUMLAH TENAGA KERJA;;;Rp1.216.577,00;;;
;B;BAHAN;;;;;;;;
;;Pipa Ø 800 mm;M.817; bh ;1;Rp5.374.700;Rp5.374.700,00;;;
;;;;JUMLAH HARGA BAHAN;;;Rp5.374.700,00;;;
;C;PERALATAN;;;;;;;;
;;Peralatan potong pipa T2/mekanik / cilinder;E.151; hari ;2,19;Rp59.500;Rp130.305,00;;;
;;Sewa Genset 1500 watt;E.33;hari;3,099;Rp82.100;Rp254.427,90;;;
;;Sewa Pompa Submersible 3m3/h;E.57;hari;4,928;Rp13.300;Rp65.542,40;;;
;;Sewa Tripot/Tackel  & handle crane 2 T;E.96;hari;2,521;Rp128.600;Rp324.200,60;;;
;;;;JUMLAH HARGA ALAT;;;Rp774.475,90;;;
;D;Jumlah (A+B+C);;;;;Rp7.365.752,90;;;
;E;Overhead & Profit 9,5%;;;0,095;;Rp699.746,53;;;
PSB12;F;Harga Satuan Pekerjaan (D+E);;;;;Rp8.065.499,43;12;;
;;;;;;;;;;
;HARGA SATUAN PEKERJAAN PENGETESAN  PIPA;;;;;;;;;
;(K3) Pengetesan 1 m pipa Ø 50 mm;;;;;;;;;
;No;Uraian;Kode;Satuan;Koefisien;Harga Satuan;Jumlah Harga;;;
;A;TENAGA;;;;;;;;
;;Pekerja;L.01;OH;0,008;Rp93.000;Rp744,00;;;
;;Mandor;L.04;OH;0,0008;Rp111.000;Rp88,80;;;
;;;;JUMLAH TENAGA KERJA;;;Rp832,80;;;
;B;BAHAN;;;;;;;;
;;Air test (air bersih);M.729; m3 ;0,002;Rp1.700;Rp3,40;;;
;;Bahan bakar;M.415; L ;0,06;Rp6.000;Rp360,00;;;
;;Oli;M.409; L ;0,002;Rp43.200;Rp86,40;;;
;;;;JUMLAH HARGA BAHAN;;;Rp449,80;;;
;C;PERALATAN;;;;;;;;
;;;;JUMLAH HARGA ALAT;;;;;;
;D;Jumlah (A+B+C);;;;;Rp1.282,60;;;
;E;Overhead & Profit 9,5%;;;0,095;;Rp121,85;;;
PTS1;F;Harga Satuan Pekerjaan (D+E);;;;;Rp1.404,45;1;;
;;;;;;;;;;
;(K3) Pengetesan 1 m pipa Ø 75 mm;;;;;;;;;
;No;Uraian;Kode;Satuan;Koefisien;Harga Satuan;Jumlah Harga;;;
;A;TENAGA;;;;;;;;
;;Pekerja;L.01;OH;0,008;Rp93.000;Rp744,00;;;
;;Mandor;L.04;OH;0,0008;Rp111.000;Rp88,80;;;
;;;;JUMLAH TENAGA KERJA;;;Rp832,80;;;
;B;BAHAN;;;;;;;;
;;Air test (air bersih);M.729; m3 ;0,004;Rp1.700;Rp6,80;;;
;;Bahan bakar;M.415; L ;0,06;Rp6.000;Rp360,00;;;
;;Oli;M.409; L ;0,002;Rp43.200;Rp86,40;;;
;;;;JUMLAH HARGA BAHAN;;;Rp453,20;;;
;C;PERALATAN;;;;;;;;
;;;;JUMLAH HARGA ALAT;;;;;;
;D;Jumlah (A+B+C);;;;;Rp1.286,00;;;
;E;Overhead & Profit 9,5%;;;0,095;;Rp122,17;;;
PTS2;F;Harga Satuan Pekerjaan (D+E);;;;;Rp1.408,17;2;;
;;;;;;;;;;
;(K3) Pengetesan 1 m pipa Ø 100 mm;;;;;;;;;
;No;Uraian;Kode;Satuan;Koefisien;Harga Satuan;Jumlah Harga;;;
;A;TENAGA;;;;;;;;
;;Pekerja;L.01;OH;0,008;Rp93.000;Rp744,00;;;
;;Mandor;L.04;OH;0,0008;Rp111.000;Rp88,80;;;
;;;;JUMLAH TENAGA KERJA;;;Rp832,80;;;
;B;BAHAN;;;;;;;;
;;Air test (air bersih);M.729; m3 ;0,008;Rp1.700;Rp13,60;;;
;;Bahan bakar;M.415; L ;0,06;Rp6.000;Rp360,00;;;
;;Oli;M.409; L ;0,002;Rp43.200;Rp86,40;;;
;;;;JUMLAH HARGA BAHAN;;;Rp460,00;;;
;C;PERALATAN;;;;;;;;
;;;;JUMLAH HARGA ALAT;;;;;;
;D;Jumlah (A+B+C);;;;;Rp1.292,80;;;
;E;Overhead & Profit 9,5%;;;0,095;;Rp122,82;;;
PTS3;F;Harga Satuan Pekerjaan (D+E);;;;;Rp1.415,62;3;;
;;;;;;;;;;
;(K3) Pengetesan 1 m pipa Ø 150 mm;;;;;;;;;
;No;Uraian;Kode;Satuan;Koefisien;Harga Satuan;Jumlah Harga;;;
;A;TENAGA;;;;;;;;
;;Pekerja;L.01;OH;0,008;Rp93.000;Rp744,00;;;
;;Mandor;L.04;OH;0,0008;Rp111.000;Rp88,80;;;
;;;;JUMLAH TENAGA KERJA;;;Rp832,80;;;
;B;BAHAN;;;;;;;;
;;Air test (air bersih);M.729; m3 ;0,018;Rp1.700;Rp30,60;;;
;;Bahan bakar;M.415; L ;0,06;Rp6.000;Rp360,00;;;
;;Oli;M.409; L ;0,002;Rp43.200;Rp86,40;;;
;;;;JUMLAH HARGA BAHAN;;;Rp477,00;;;
;C;PERALATAN;;;;;;;;
;;;;JUMLAH HARGA ALAT;;;;;;
;D;Jumlah (A+B+C);;;;;Rp1.309,80;;;
;E;Overhead & Profit 9,5%;;;0,095;;Rp124,43;;;
PTS4;F;Harga Satuan Pekerjaan (D+E);;;;;Rp1.434,23;4;;
;;;;;;;;;;
;(K3) Pengetesan 1 m pipa Ø 200 mm;;;;;;;;;
;No;Uraian;Kode;Satuan;Koefisien;Harga Satuan;Jumlah Harga;;;
;A;TENAGA;;;;;;;;
;;Pekerja;L.01;OH;0,008;Rp93.000;Rp744,00;;;
;;Mandor;L.04;OH;0,0008;Rp111.000;Rp88,80;;;
;;;;JUMLAH TENAGA KERJA;;;Rp832,80;;;
;B;BAHAN;;;;;;;;
;;Air test (air bersih);M.729; m3 ;0,031;Rp1.700;Rp52,70;;;
;;Bahan bakar;M.415; L ;0,06;Rp6.000;Rp360,00;;;
;;Oli;M.409; L ;0,002;Rp43.200;Rp86,40;;;
;;;;JUMLAH HARGA BAHAN;;;Rp499,10;;;
;C;PERALATAN;;;;;;;;
;;;;JUMLAH HARGA ALAT;;;;;;
;D;Jumlah (A+B+C);;;;;Rp1.331,90;;;
;E;Overhead & Profit 9,5%;;;0,095;;Rp126,53;;;
PTS5;F;Harga Satuan Pekerjaan (D+E);;;;;Rp1.458,43;5;;
;;;;;;;;;;
;(K3) Pengetesan 1 m pipa Ø 250 mm;;;;;;;;;
;No;Uraian;Kode;Satuan;Koefisien;Harga Satuan;Jumlah Harga;;;
;A;TENAGA;;;;;;;;
;;Pekerja;L.01;OH;0,008;Rp93.000;Rp744,00;;;
;;Mandor;L.04;OH;0,0008;Rp111.000;Rp88,80;;;
;;;;JUMLAH TENAGA KERJA;;;Rp832,80;;;
;B;BAHAN;;;;;;;;
;;Air test (air bersih);M.729; m3 ;0,049;Rp1.700;Rp83,30;;;
;;Bahan bakar;M.415; L ;0,06;Rp6.000;Rp360,00;;;
;;Oli;M.409; L ;0,002;Rp43.200;Rp86,40;;;
;;;;JUMLAH HARGA BAHAN;;;Rp529,70;;;
;C;PERALATAN;;;;;;;;
;;;;JUMLAH HARGA ALAT;;;;;;
;D;Jumlah (A+B+C);;;;;Rp1.362,50;;;
;E;Overhead & Profit 9,5%;;;0,095;;Rp129,44;;;
PTS6;F;Harga Satuan Pekerjaan (D+E);;;;;Rp1.491,94;6;;
;;;;;;;;;;
;(K3) Pengetesan 1 m pipa Ø 300 mm;;;;;;;;;
;No;Uraian;Kode;Satuan;Koefisien;Harga Satuan;Jumlah Harga;;;
;A;TENAGA;;;;;;;;
;;Pekerja;L.01;OH;0,008;Rp93.000;Rp744,00;;;
;;Mandor;L.04;OH;0,0008;Rp111.000;Rp88,80;;;
;;;;JUMLAH TENAGA KERJA;;;Rp832,80;;;
;B;BAHAN;;;;;;;;
;;Air test (air bersih);M.729; m3 ;0,071;Rp1.700;Rp120,70;;;
;;Bahan bakar;M.415; L ;0,06;Rp6.000;Rp360,00;;;
;;Oli;M.409; L ;0,002;Rp43.200;Rp86,40;;;
;;;;JUMLAH HARGA BAHAN;;;Rp567,10;;;
;C;PERALATAN;;;;;;;;
;;;;JUMLAH HARGA ALAT;;;;;;
;D;Jumlah (A+B+C);;;;;Rp1.399,90;;;
;E;Overhead & Profit 9,5%;;;0,095;;Rp132,99;;;
PTS7;F;Harga Satuan Pekerjaan (D+E);;;;;Rp1.532,89;7;;
;;;;;;;;;;
;(K3) Pengetesan 1 m pipa Ø 400 mm;;;;;;;;;
;No;Uraian;Kode;Satuan;Koefisien;Harga Satuan;Jumlah Harga;;;
;A;TENAGA;;;;;;;;
;;Pekerja;L.01;OH;0,008;Rp93.000;Rp744,00;;;
;;Mandor;L.04;OH;0,0008;Rp111.000;Rp88,80;;;
;;;;JUMLAH TENAGA KERJA;;;Rp832,80;;;
;B;BAHAN;;;;;;;;
;;Air test (air bersih);M.729; m3 ;0,126;Rp1.700;Rp214,20;;;
;;Bahan bakar;M.415; L ;0,06;Rp6.000;Rp360,00;;;
;;Oli;M.409; L ;0,002;Rp43.200;Rp86,40;;;
;;;;JUMLAH HARGA BAHAN;;;Rp660,60;;;
;C;PERALATAN;;;;;;;;
;;;;JUMLAH HARGA ALAT;;;;;;
;D;Jumlah (A+B+C);;;;;Rp1.493,40;;;
;E;Overhead & Profit 9,5%;;;0,095;;Rp141,87;;;
PTS8;F;Harga Satuan Pekerjaan (D+E);;;;;Rp1.635,27;8;;
;;;;;;;;;;
;(K3) Pengetesan 1 m pipa Ø 500 mm;;;;;;;;;
;No;Uraian;Kode;Satuan;Koefisien;Harga Satuan;Jumlah Harga;;;
;A;TENAGA;;;;;;;;
;;Pekerja;L.01;OH;0,008;Rp93.000;Rp744,00;;;
;;Mandor;L.04;OH;0,0008;Rp111.000;Rp88,80;;;
;;;;JUMLAH TENAGA KERJA;;;Rp832,80;;;
;B;BAHAN;;;;;;;;
;;Air test (air bersih);M.729; m3 ;0,158;Rp1.700;Rp268,60;;;
;;Bahan bakar;M.415; L ;0,06;Rp6.000;Rp360,00;;;
;;Oli;M.409; L ;0,002;Rp43.200;Rp86,40;;;
;;;;JUMLAH HARGA BAHAN;;;Rp715,00;;;
;C;PERALATAN;;;;;;;;
;;;;JUMLAH HARGA ALAT;;;;;;
;D;Jumlah (A+B+C);;;;;Rp1.547,80;;;
;E;Overhead & Profit 9,5%;;;0,095;;Rp147,04;;;
PTS9;F;Harga Satuan Pekerjaan (D+E);;;;;Rp1.694,84;9;;
;;;;;;;;;;
;(K3) Pengetesan 1 m pipa Ø 600 mm;;;;;;;;;
;No;Uraian;Kode;Satuan;Koefisien;Harga Satuan;Jumlah Harga;;;
;A;TENAGA;;;;;;;;
;;Pekerja;L.01;OH;0,008;Rp93.000;Rp744,00;;;
;;Mandor;L.04;OH;0,0008;Rp111.000;Rp88,80;;;
;;;;JUMLAH TENAGA KERJA;;;Rp832,80;;;
;B;BAHAN;;;;;;;;
;;Air test (air bersih);M.729; m3 ;0,283;Rp1.700;Rp481,10;;;
;;Bahan bakar;M.415; L ;0,06;Rp6.000;Rp360,00;;;
;;Oli;M.409; L ;0,002;Rp43.200;Rp86,40;;;
;;;;JUMLAH HARGA BAHAN;;;Rp927,50;;;
;C;PERALATAN;;;;;;;;
;;;;JUMLAH HARGA ALAT;;;;;;
;D;Jumlah (A+B+C);;;;;Rp1.760,30;;;
;E;Overhead & Profit 9,5%;;;0,095;;Rp167,23;;;
PTS10;F;Harga Satuan Pekerjaan (D+E);;;;;Rp1.927,53;10;;
;;;;;;;;;;
;HARGA SATUAN PEKERJAAN ELEKTRIKAL;;;;;;;;;
;(K3) Pemasangan 1 buah titik lampu;;;;;;;;;
;No;Uraian;Kode;Satuan;Koefisien;Harga Satuan;Jumlah Harga;;;
;A;TENAGA;;;;;;;;
;;Upah;Upah;%;0,1;Rp292.651,00;Rp29.265,10;;;
;;;;JUMLAH TENAGA KERJA;;;Rp29.265,10;;;
;B;BAHAN;;;;;;;;
;;Pipa listrik 5/8”;M.805; btg ;0,283;Rp27.000;Rp7.641,00;;;
;;Kabel NYM 3x2,5 mm2;M.732; m ;24;Rp8.700;Rp208.800,00;;;
;;Tee Doos;M.836; bh ;3;Rp2.200;Rp6.600,00;;;
;;L.Bow;M.735; bh ;4;Rp1.590;Rp6.360,00;;;
;;Las Dop;M.736; bh ;3;Rp2.650;Rp7.950,00;;;
;;Klem Pipa Listrik;M.734; bh ;24;Rp900;Rp21.600,00;;;
;;Mongkok (Listrik);M.737; bh ;1;Rp17.200;Rp17.200,00;;;
;;Fitting Lampu;M.731; bh ;1;Rp16.500;Rp16.500,00;;;
;;;;JUMLAH HARGA BAHAN;;;Rp292.651,00;;;
;C;PERALATAN;;;;;;;;
;;;;JUMLAH HARGA ALAT;;;;;;
;D;Jumlah (A+B+C);;;;;Rp321.916,10;;;
;E;Overhead & Profit 9,5%;;;0,095;;Rp30.582,03;;;
PKL1;F;Harga Satuan Pekerjaan (D+E);;;;;Rp352.498,13;1;;
;;;;;;;;;;
;Memasang 1 Titik Instalasi Penerangan;;;;;;;;;
;No;Uraian;Kode;Satuan;Koefisien;Harga Satuan;Jumlah Harga;;;
;A;TENAGA;;;;;;;;
;;Pekerja;L.01;OH;0,15;Rp93.000;Rp13.950,00;;;
;;Tukang Batu;L.02;OH;0,15;Rp98.000;Rp14.700,00;;;
;;Kepala tukang;L.03;OH;0,03;Rp106.000;Rp3.180,00;;;
;;Mandor;L.04;OH;0,03;Rp111.000;Rp3.330,00;;;
;;;;JUMLAH TENAGA KERJA;;;Rp35.160,00;;;
;B;BAHAN;;;;;;;;
;;Kabel NYM 3x2,5 mm2;M.732; m ;11;Rp8.700;Rp95.700,00;;;
;;Pipa Conduit;M.756; M' ;11;Rp5.400;Rp59.400,00;;;
;;Socket Pipa;M.835; bh ;1;Rp43.200;Rp43.200,00;;;
;;Tee Doos;M.836; bh ;2;Rp2.200;Rp4.400,00;;;
;;Klem Pipa Listrik;M.734; bh ;3;Rp900;Rp2.700,00;;;
;;Fhiser;M.730; bh ;6;Rp1.700;Rp10.200,00;;;
;;Las Dop;M.736; bh ;2;Rp2.650;Rp5.300,00;;;
;;Sealtape Listrik;M.698; Buah ;0,25;Rp6.300;Rp1.575,00;;;
;;;;JUMLAH HARGA BAHAN;;;Rp222.475,00;;;
;C;PERALATAN;;;;;;;;
;;;;JUMLAH HARGA ALAT;;;;;;
;D;Jumlah (A+B+C);;;;;Rp257.635,00;;;
;E;Overhead & Profit 9,5%;;;0,095;;Rp24.475,33;;;
PKL2;F;Harga Satuan Pekerjaan (D+E);;;;;Rp282.110,33;2;;
;;;;;;;;;;
;Memasang 1 Titik Instalasi Lampu TL;;;;;;;;;
;No;Uraian;Kode;Satuan;Koefisien;Harga Satuan;Jumlah Harga;;;
;A;TENAGA;;;;;;;;
;;Pekerja;L.01;OH;0,01;Rp93.000;Rp930,00;;;
;;Tukang Listrik;L.02;OH;0,06;Rp98.000;Rp5.880,00;;;
;;Kepala tukang;L.03;OH;0,006;Rp106.000;Rp636,00;;;
;;Mandor;L.04;OH;0,006;Rp111.000;Rp666,00;;;
;;;;JUMLAH TENAGA KERJA;;;Rp8.112,00;;;
;B;BAHAN;;;;;;;;
;;"Pipa PVC 5/8""";M.877; Batang ;0,8;Rp16.300;Rp13.040,00;;;
;;Kabel NYA 4 mm;M.878; m ;10;Rp5.500;Rp55.000,00;;;
;;Isolator;M.879; bh ;4;Rp1.100;Rp4.400,00;;;
;;Inbow Dos;M.880; bh ;1;Rp8.000;Rp8.000,00;;;
;;Fitting Stand Lamp;M.881; bh ;1;Rp21.200;Rp21.200,00;;;
;;Trafo;M.882; bh ;1;Rp37.500;Rp37.500,00;;;
;;Stater;M.883; bh ;1;Rp10.800;Rp10.800,00;;;
;;Balon Lampu TL;M.884; bh ;2;Rp75.600;Rp151.200,00;;;
;;Isolasi;M.885; bh ;1;Rp3.300;Rp3.300,00;;;
;;;;JUMLAH HARGA BAHAN;;;Rp304.440,00;;;
;C;PERALATAN;;;;;;;;
;;;;JUMLAH HARGA ALAT;;;;;;
;D;Jumlah (A+B+C);;;;;Rp312.552,00;;;
;E;Overhead & Profit 9,5%;;;0,095;;Rp29.692,44;;;
PKL3;F;Harga Satuan Pekerjaan (D+E);;;;;Rp342.244,44;3;;
;;;;;;;;;;
;Memasang 1 Titik Instalasi Lampu SL;;;;;;;;;
;No;Uraian;Kode;Satuan;Koefisien;Harga Satuan;Jumlah Harga;;;
;A;TENAGA;;;;;;;;
;;Pekerja;L.01;OH;0,01;Rp93.000;Rp930,00;;;
;;Tukang Listrik;L.02;OH;0,06;Rp98.000;Rp5.880,00;;;
;;Kepala tukang;L.03;OH;0,006;Rp106.000;Rp636,00;;;
;;Mandor;L.04;OH;0,006;Rp111.000;Rp666,00;;;
;;;;JUMLAH TENAGA KERJA;;;Rp8.112,00;;;
;B;BAHAN;;;;;;;;
;;"Pipa PVC 5/8""";M.877; Batang ;0,8;Rp16.300;Rp13.040,00;;;
;;Kabel NYA 4 mm;M.878; m ;10;Rp5.500;Rp55.000,00;;;
;;Isolator;M.879; bh ;4;Rp1.100;Rp4.400,00;;;
;;Inbow Dos;M.880; bh ;1;Rp8.000;Rp8.000,00;;;
;;Fitting Stand Lamp;M.881; bh ;1;Rp21.200;Rp21.200,00;;;
;;Trafo;M.882; bh ;1;Rp37.500;Rp37.500,00;;;
;;Stater;M.883; bh ;1;Rp10.800;Rp10.800,00;;;
;;Balon Lampu SL;M.886; bh ;2;Rp59.000;Rp118.000,00;;;
;;Isolasi;M.885; bh ;1;Rp3.300;Rp3.300,00;;;
;;;;JUMLAH HARGA BAHAN;;;Rp271.240,00;;;
;C;PERALATAN;;;;;;;;
;;;;JUMLAH HARGA ALAT;;;;;;
;D;Jumlah (A+B+C);;;;;Rp279.352,00;;;
;E;Overhead & Profit 9,5%;;;0,095;;Rp26.538,44;;;
PKL4;F;Harga Satuan Pekerjaan (D+E);;;;;Rp305.890,44;4;;
;;;;;;;;;;
;Memasang 1 Titik Instalasi Lampu XL;;;;;;;;;
;No;Uraian;Kode;Satuan;Koefisien;Harga Satuan;Jumlah Harga;;;
;A;TENAGA;;;;;;;;
;;Pekerja;L.01;OH;0,01;Rp93.000;Rp930,00;;;
;;Tukang Listrik;L.02;OH;0,06;Rp98.000;Rp5.880,00;;;
;;Kepala tukang;L.03;OH;0,006;Rp106.000;Rp636,00;;;
;;Mandor;L.04;OH;0,006;Rp111.000;Rp666,00;;;
;;;;JUMLAH TENAGA KERJA;;;Rp8.112,00;;;
;B;BAHAN;;;;;;;;
;;"Pipa PVC 5/8""";M.877; Batang ;0,8;Rp16.300;Rp13.040,00;;;
;;Kabel NYA 4 mm;M.878; m ;10;Rp5.500;Rp55.000,00;;;
;;Isolator;M.879; bh ;4;Rp1.100;Rp4.400,00;;;
;;Inbow Dos;M.880; bh ;1;Rp8.000;Rp8.000,00;;;
;;Fitting Stand Lamp;M.881; bh ;1;Rp21.200;Rp21.200,00;;;
;;Trafo;M.882; bh ;1;Rp37.500;Rp37.500,00;;;
;;Stater;M.883; bh ;1;Rp10.800;Rp10.800,00;;;
;;Balon Lampu XL;M.887; M' ;2;Rp69.900;Rp139.800,00;;;
;;Isolasi;M.885; bh ;1;Rp3.300;Rp3.300,00;;;
;;;;JUMLAH HARGA BAHAN;;;Rp293.040,00;;;
;C;PERALATAN;;;;;;;;
;;;;JUMLAH HARGA ALAT;;;;;;
;D;Jumlah (A+B+C);;;;;Rp301.152,00;;;
;E;Overhead & Profit 9,5%;;;0,095;;Rp28.609,44;;;
PKL5;F;Harga Satuan Pekerjaan (D+E);;;;;Rp329.761,44;5;;
;;;;;;;;;;
;Memasang 1 Titik Instalasi Lampu Downlight;;;;;;;;;
;No;Uraian;Kode;Satuan;Koefisien;Harga Satuan;Jumlah Harga;;;
;A;TENAGA;;;;;;;;
;;Pekerja;L.01;OH;0,01;Rp93.000;Rp930,00;;;
;;Tukang Listrik;L.02;OH;0,06;Rp98.000;Rp5.880,00;;;
;;Kepala tukang;L.03;OH;0,006;Rp106.000;Rp636,00;;;
;;Mandor;L.04;OH;0,006;Rp111.000;Rp666,00;;;
;;;;JUMLAH TENAGA KERJA;;;Rp8.112,00;;;
;B;BAHAN;;;;;;;;
;;"Pipa PVC 5/8""";M.877; Batang ;0,8;Rp16.300;Rp13.040,00;;;
;;Kabel NYA 4 mm;M.878; m ;10;Rp5.500;Rp55.000,00;;;
;;Isolator;M.879; bh ;4;Rp1.100;Rp4.400,00;;;
;;Inbow Dos;M.880; bh ;1;Rp8.000;Rp8.000,00;;;
;;Fitting Stand Lamp;M.881; bh ;1;Rp21.200;Rp21.200,00;;;
;;Trafo;M.882; bh ;1;Rp37.500;Rp37.500,00;;;
;;Stater;M.883; bh ;1;Rp10.800;Rp10.800,00;;;
;;Lampu Downlight;M.888; M' ;1;Rp92.200;Rp92.200,00;;;
;;Isolasi;M.885; bh ;1;Rp3.300;Rp3.300,00;;;
;;;;JUMLAH HARGA BAHAN;;;Rp245.440,00;;;
;C;PERALATAN;;;;;;;;
;;;;JUMLAH HARGA ALAT;;;;;;
;D;Jumlah (A+B+C);;;;;Rp253.552,00;;;
;E;Overhead & Profit 9,5%;;;0,095;;Rp24.087,44;;;
PKL6;F;Harga Satuan Pekerjaan (D+E);;;;;Rp277.639,44;6;;
;;;;;;;;;;
;Memasang AC Ukuran 0.5 PK s/d 1 PK;;;;;;;;;
;No;Uraian;Kode;Satuan;Koefisien;Harga Satuan;Jumlah Harga;;;
;A;TENAGA;;;;;;;;
;;Pekerja;L.01;OH;0,2;Rp93.000;Rp18.600,00;;;
;;Tukang Listrik;L.02;OH;0,1;Rp98.000;Rp9.800,00;;;
;;Kepala tukang;L.03;OH;0,006;Rp106.000;Rp636,00;;;
;;Mandor;L.04;OH;0,006;Rp111.000;Rp666,00;;;
;;;;JUMLAH TENAGA KERJA;;;Rp29.702,00;;;
;B;BAHAN;;;;;;;;
;;AC 0.5 / 1 PK;M.890; Bh ;1;Rp4.326.000;Rp4.326.000,00;;;
;;Pipa AC 1/4 x 3/8;M.891; Batang ;1;Rp16.100;Rp16.100,00;;;
;;Bracket AC;M.892; bh ;1;Rp37.300;Rp37.300,00;;;
;;Selang Flexible;M.893; bh ;1;Rp26.800;Rp26.800,00;;;
;;Kabel 3 x 1.55 mm;M.894; m ;1;Rp5.300;Rp5.300,00;;;
;;Box Stop Kontak;M.895; bh ;1;Rp47.700;Rp47.700,00;;;
;;Steker Kaki Tiga;M.896; bh ;1;Rp26.800;Rp26.800,00;;;
;;Duct Tape;M.897; bh ;1;Rp16.200;Rp16.200,00;;;
;;;;JUMLAH HARGA BAHAN;;;Rp4.502.200,00;;;
;C;PERALATAN;;;;;;;;`
;;;;JUMLAH HARGA ALAT;;;;;;
;D;Jumlah (A+B+C);;;;;Rp4.531.902,00;;;
;E;Overhead & Profit 9,5%;;;0,095;;Rp430.530,69;;;
PKL7;F;Harga Satuan Pekerjaan (D+E);;;;;Rp4.962.432,69;7;;
;;;;;;;;;;
;Memasang AC Ukuran 1.5 PK s/d 2 PK;;;;;;;;;
;No;Uraian;Kode;Satuan;Koefisien;Harga Satuan;Jumlah Harga;;;
;A;TENAGA;;;;;;;;
;;Pekerja;L.01;OH;0,2;Rp93.000;Rp18.600,00;;;
;;Tukang Listrik;L.02;OH;0,1;Rp98.000;Rp9.800,00;;;
;;Kepala tukang;L.03;OH;0,006;Rp106.000;Rp636,00;;;
;;Mandor;L.04;OH;0,006;Rp111.000;Rp666,00;;;
;;;;JUMLAH TENAGA KERJA;;;Rp29.702,00;;;
;B;BAHAN;;;;;;;;
;;AC 1.5 / 2 PK;M.898; Bh ;1;Rp5.335.000;Rp5.335.000,00;;;
;;Pipa AC 1/4 x 1/2;M.899; Batang ;1;Rp18.900;Rp18.900,00;;;
;;Bracket AC;M.892; bh ;1;Rp37.300;Rp37.300,00;;;
;;Selang Flexible;M.893; bh ;1;Rp26.800;Rp26.800,00;;;
;;Kabel 3 x 2.55 mm;M.900; m ;1;Rp8.200;Rp8.200,00;;;
;;Box Stop Kontak;M.895; bh ;1;Rp47.700;Rp47.700,00;;;
;;Steker Kaki Tiga;M.896; bh ;1;Rp26.800;Rp26.800,00;;;
;;Duct Tape;M.897; bh ;1;Rp16.200;Rp16.200,00;;;
;;;;JUMLAH HARGA BAHAN;;;Rp5.516.900,00;;;
;C;PERALATAN;;;;;;;;
;;;;JUMLAH HARGA ALAT;;;;;;
;D;Jumlah (A+B+C);;;;;Rp5.546.602,00;;;
;E;Overhead & Profit 9,5%;;;0,095;;Rp526.927,19;;;
PKL8;F;Harga Satuan Pekerjaan (D+E);;;;;Rp6.073.529,19;8;;
;;;;;;;;;;
;Memasang 1 titik Instalasi Sekakelar / Stop Kontak;;;;;;;;;
;No;Uraian;Kode;Satuan;Koefisien;Harga Satuan;Jumlah Harga;;;
;A;TENAGA;;;;;;;;
;;Pekerja;L.01;OH;0,2;Rp93.000;Rp18.600,00;;;
;;Tukang Listrik;L.02;OH;0,1;Rp98.000;Rp9.800,00;;;
;;Kepala tukang;L.03;OH;0,006;Rp106.000;Rp636,00;;;
;;Mandor;L.04;OH;0,006;Rp111.000;Rp666,00;;;
;;;;JUMLAH TENAGA KERJA;;;Rp29.702,00;;;
;B;BAHAN;;;;;;;;
;;Pipa listrik 5/8”;M.805; btg ;0,2;Rp27.000;Rp5.400,00;;;
;;Kabel NYM 3x2,5 mm2;M.732; m ;10;Rp8.700;Rp87.000,00;;;
;;Tee Doos;M.836; bh ;1;Rp2.200;Rp2.200,00;;;
;;Box Stop Kontak;M.895; bh ;1;Rp47.700;Rp47.700,00;;;
;;Saklar (standar);M.833; bh ;1;Rp16.100;Rp16.100,00;;;
;;;;JUMLAH HARGA BAHAN;;;Rp158.400,00;;;
;C;PERALATAN;;;;;;;;
;;;;JUMLAH HARGA ALAT;;;;;;
;D;Jumlah (A+B+C);;;;;Rp188.102,00;;;
;E;Overhead & Profit 9,5%;;;0,095;;Rp17.869,69;;;
PKL9;F;Harga Satuan Pekerjaan (D+E);;;;;Rp205.971,69;9;;
;;;;;;;;;;
;Memasang 1 titik MCB;;;;;;;;;
;No;Uraian;Kode;Satuan;Koefisien;Harga Satuan;Jumlah Harga;;;
;A;TENAGA;;;;;;;;
;;Pekerja;L.01;OH;0,2;Rp93.000;Rp18.600,00;;;
;;Tukang Listrik;L.02;OH;0,1;Rp98.000;Rp9.800,00;;;
;;Kepala tukang;L.03;OH;0,006;Rp106.000;Rp636,00;;;
;;Mandor;L.04;OH;0,006;Rp111.000;Rp666,00;;;
;;;;JUMLAH TENAGA KERJA;;;Rp29.702,00;;;
;B;BAHAN;;;;;;;;
;;Pipa listrik 5/8”;M.805; btg ;0,2;Rp27.000;Rp5.400,00;;;
;;Kabel NYM 3x2,5 mm2;M.732; m ;2;Rp8.700;Rp17.400,00;;;
;;Tee Doos;M.836; bh ;1;Rp2.200;Rp2.200,00;;;
;;Klem Pipa Listrik;M.734; bh ;1;Rp900;Rp900,00;;;
;;MCB 10 Amp;BT.4; bh ;1;Rp62.134;Rp62.133,75;;;
;;;;JUMLAH HARGA BAHAN;;;Rp88.033,75;;;
;C;PERALATAN;;;;;;;;
;;;;JUMLAH HARGA ALAT;;;;;;
;D;Jumlah (A+B+C);;;;;Rp117.735,75;;;
;E;Overhead & Profit 9,5%;;;0,095;;Rp11.184,90;;;
PKL10;F;Harga Satuan Pekerjaan (D+E);;;;;Rp128.920,65;10;;
;;;;;;;;;;
;Memasang Lampu TL;;;;;;;;;
;No;Uraian;Kode;Satuan;Koefisien;Harga Satuan;Jumlah Harga;;;
;A;TENAGA;;;;;;;;
;;Tukang Listrik;L.02;OH;0,1;Rp98.000;Rp9.800,00;;;
;;;;JUMLAH TENAGA KERJA;;;Rp9.800,00;;;
;B;BAHAN;;;;;;;;
;;Balon Lampu TL;M.884; bh ;1;Rp75.600;Rp75.600,00;;;
;;Inbow Dos;M.880; bh ;1;Rp8.000;Rp8.000,00;;;
;;Trafo;M.882; bh ;1;Rp37.500;Rp37.500,00;;;
;;Stater;M.883; bh ;1;Rp10.800;Rp10.800,00;;;
;;Isolasi;M.885; bh ;1;Rp3.300;Rp3.300,00;;;
;;;;JUMLAH HARGA BAHAN;;;Rp135.200,00;;;
;C;PERALATAN;;;;;;;;
;;;;JUMLAH HARGA ALAT;;;;;;
;D;Jumlah (A+B+C);;;;;Rp145.000,00;;;
;E;Overhead & Profit 9,5%;;;0,095;;Rp13.775,00;;;
PKL11;F;Harga Satuan Pekerjaan (D+E);;;;;Rp158.775,00;11;;
;;;;;;;;;;
;Memasang Lampu TL 2x ;;;;;;;;;
;No;Uraian;Kode;Satuan;Koefisien;Harga Satuan;Jumlah Harga;;;
;A;TENAGA;;;;;;;;
;;Tukang Listrik;L.02;OH;0,1;Rp98.000;Rp9.800,00;;;
;;;;JUMLAH TENAGA KERJA;;;Rp9.800,00;;;
;B;BAHAN;;;;;;;;
;;Balon Lampu TL;M.884; bh ;2;Rp75.600;Rp151.200,00;;;
;;Inbow Dos;M.880; bh ;1;Rp8.000;Rp8.000,00;;;
;;Trafo;M.882; bh ;1;Rp37.500;Rp37.500,00;;;
;;Stater;M.883; bh ;1;Rp10.800;Rp10.800,00;;;
;;Isolasi;M.885; bh ;1;Rp3.300;Rp3.300,00;;;
;;;;JUMLAH HARGA BAHAN;;;Rp210.800,00;;;
;C;PERALATAN;;;;;;;;
;;;;JUMLAH HARGA ALAT;;;;;;
;D;Jumlah (A+B+C);;;;;Rp220.600,00;;;
;E;Overhead & Profit 9,5%;;;0,095;;Rp20.957,00;;;
PKL12;F;Harga Satuan Pekerjaan (D+E);;;;;Rp241.557,00;12;;
;;;;;;;;;;
;Memasang Lampu SL;;;;;;;;;
;No;Uraian;Kode;Satuan;Koefisien;Harga Satuan;Jumlah Harga;;;
;A;TENAGA;;;;;;;;
;;Tukang Listrik;L.02;OH;0,1;Rp98.000;Rp9.800,00;;;
;;;;JUMLAH TENAGA KERJA;;;Rp9.800,00;;;
;B;BAHAN;;;;;;;;
;;Balon Lampu SL;M.886; bh ;1;Rp59.000;Rp59.000,00;;;
;;Isolasi;M.885; bh ;1;Rp3.300;Rp3.300,00;;;
;;;;JUMLAH HARGA BAHAN;;;Rp62.300,00;;;
;C;PERALATAN;;;;;;;;
;;;;JUMLAH HARGA ALAT;;;;;;
;D;Jumlah (A+B+C);;;;;Rp72.100,00;;;
;E;Overhead & Profit 9,5%;;;0,095;;Rp6.849,50;;;
PKL13;F;Harga Satuan Pekerjaan (D+E);;;;;Rp78.949,50;13;;
;;;;;;;;;;
;Memasang Lampu Downlight;;;;;;;;;
;No;Uraian;Kode;Satuan;Koefisien;Harga Satuan;Jumlah Harga;;;
;A;TENAGA;;;;;;;;
;;Tukang Listrik;L.02;OH;0,1;Rp98.000;Rp9.800,00;;;
;;;;JUMLAH TENAGA KERJA;;;Rp9.800,00;;;
;B;BAHAN;;;;;;;;
;;Lampu Downlight;M.888; M' ;1;Rp92.200;Rp92.200,00;;;
;;Inbow Dos;M.880; bh ;1;Rp8.000;Rp8.000,00;;;
;;Isolasi;M.885; bh ;1;Rp3.300;Rp3.300,00;;;
;;;;JUMLAH HARGA BAHAN;;;Rp103.500,00;;;
;C;PERALATAN;;;;;;;;
;;;;JUMLAH HARGA ALAT;;;;;;
;D;Jumlah (A+B+C);;;;;Rp113.300,00;;;
;E;Overhead & Profit 9,5%;;;0,095;;Rp10.763,50;;;
PKL14;F;Harga Satuan Pekerjaan (D+E);;;;;Rp124.063,50;14;;
;;;;;;;;;;
;Memasang LED Strip;;;;;;;;;
;No;Uraian;Kode;Satuan;Koefisien;Harga Satuan;Jumlah Harga;;;
;A;TENAGA;;;;;;;;
;;Tukang Listrik;L.02;OH;0,1;Rp98.000;Rp9.800,00;;;
;;;;JUMLAH TENAGA KERJA;;;Rp9.800,00;;;
;B;BAHAN;;;;;;;;
;;LED Strip ;BT.5; Rol ;0,05;Rp242.400;Rp12.120,00;;;
;;Adaptor;BT.6; Bh ;1;Rp21.500;Rp21.500,00;;;
;;Isolasi;M.885; bh ;1;Rp3.300;Rp3.300,00;;;
;;;;JUMLAH HARGA BAHAN;;;Rp36.920,00;;;
;C;PERALATAN;;;;;;;;
;;;;JUMLAH HARGA ALAT;;;;;;
;D;Jumlah (A+B+C);;;;;Rp46.720,00;;;
;E;Overhead & Profit 9,5%;;;0,095;;Rp4.438,40;;;
PKL15;F;Harga Satuan Pekerjaan (D+E);;;;;Rp51.158,40;15;;
;;;;;;;;;;
;Memasang 1 Exhaust Fan;;;;;;;;;
;No;Uraian;Kode;Satuan;Koefisien;Harga Satuan;Jumlah Harga;;;
;A;TENAGA;;;;;;;;
;;Tukang Listrik;L.02;OH;0,1;Rp98.000;Rp9.800,00;;;
;;;;JUMLAH TENAGA KERJA;;;Rp9.800,00;;;
;B;BAHAN;;;;;;;;
;;"Exhaust Fan 8""";BT.7; Bh ;1;Rp265.300;Rp265.300,00;;;
;;"Selang Aluminium Fleksibel 8""";BT.8; Rol ;0,2;Rp315.000;Rp63.000,00;;;
;;;;JUMLAH HARGA BAHAN;;;Rp328.300,00;;;
;C;PERALATAN;;;;;;;;
;;;;JUMLAH HARGA ALAT;;;;;;
;D;Jumlah (A+B+C);;;;;Rp338.100,00;;;
;E;Overhead & Profit 9,5%;;;0,095;;Rp32.119,50;;;
PKL16;F;Harga Satuan Pekerjaan (D+E);;;;;Rp370.219,50;16;;
;;;;;;;;;;
;Memasang 1m Kabel Tray;;;;;;;;;
;No;Uraian;Kode;Satuan;Koefisien;Harga Satuan;Jumlah Harga;;;
;A;TENAGA;;;;;;;;
;;Tukang Listrik;L.02;OH;0,1;Rp98.000;Rp9.800,00;;;
;;;;JUMLAH TENAGA KERJA;;;Rp9.800,00;;;
;B;BAHAN;;;;;;;;
;;Kabel Tray ;BT.9; Ljr ;0,3;Rp605.800;Rp181.740,00;;;
;;Assesoris dan Penggantung;Ls;Taksir;0,2;Rp36.348;Rp7.269,60;;;
;;;;JUMLAH HARGA BAHAN;;;Rp189.009,60;;;
;C;PERALATAN;;;;;;;;
;;;;JUMLAH HARGA ALAT;;;;;;
;D;Jumlah (A+B+C);;;;;Rp198.809,60;;;
;E;Overhead & Profit 9,5%;;;0,095;;Rp18.886,91;;;
PKL17;F;Harga Satuan Pekerjaan (D+E);;;;;Rp217.696,51;17;;
